[20Aug2025 20:19:40.136] [main/INFO] [cpw.mods.modlauncher.Launcher/MODLAUNCHER]: ModLauncher running: args [--launchTarget, forgeserver, --fml.forgeVersion, 47.3.7, --fml.mcVersion, 1.20.1, --fml.forgeGroup, net.minecraftforge, --fml.mcpVersion, 20230612.114412, nogui]
[20Aug2025 20:19:40.140] [main/INFO] [cpw.mods.modlauncher.Launcher/MODLAUNCHER]: ModLauncher 10.0.9+10.0.9+main.dcd20f30 starting: java version 17.0.15 by Ubuntu; OS Linux arch amd64 version 6.8.0-1030-azure
[20Aug2025 20:19:40.167] [main/DEBUG] [cpw.mods.modlauncher.LaunchServiceHandler/MODLAUNCHER]: Found launch services [fmlclientdev,forgeclient,minecraft,forgegametestserverdev,fmlserveruserdev,fmlclient,fmldatauserdev,forgeserverdev,forgeserveruserdev,forgeclientdev,forgeclientuserdev,forgeserver,forgedatadev,fmlserver,fmlclientuserdev,fmlserverdev,forgedatauserdev,testharness,forgegametestserveruserdev]
[20Aug2025 20:19:40.179] [main/DEBUG] [cpw.mods.modlauncher.NameMappingServiceHandler/MODLAUNCHER]: Found naming services : [srgtomcp]
[20Aug2025 20:19:40.193] [main/DEBUG] [cpw.mods.modlauncher.LaunchPluginHandler/MODLAUNCHER]: Found launch plugins: [mixin,eventbus,slf4jfixer,object_holder_definalize,runtime_enum_extender,capability_token_subclass,accesstransformer,runtimedistcleaner]
[20Aug2025 20:19:40.202] [main/DEBUG] [cpw.mods.modlauncher.TransformationServicesHandler/MODLAUNCHER]: Discovering transformation services
[20Aug2025 20:19:40.207] [main/DEBUG] [net.minecraftforge.fml.loading.FMLPaths/CORE]: Path GAMEDIR is /workspaces/Los-Parceritos/servidor_minecraft
[20Aug2025 20:19:40.207] [main/DEBUG] [net.minecraftforge.fml.loading.FMLPaths/CORE]: Path MODSDIR is /workspaces/Los-Parceritos/servidor_minecraft/mods
[20Aug2025 20:19:40.207] [main/DEBUG] [net.minecraftforge.fml.loading.FMLPaths/CORE]: Path CONFIGDIR is /workspaces/Los-Parceritos/servidor_minecraft/config
[20Aug2025 20:19:40.207] [main/DEBUG] [net.minecraftforge.fml.loading.FMLPaths/CORE]: Path FMLCONFIG is /workspaces/Los-Parceritos/servidor_minecraft/config/fml.toml
[20Aug2025 20:19:41.529] [main/DEBUG] [cpw.mods.modlauncher.TransformationServicesHandler/MODLAUNCHER]: Found additional transformation services from discovery services: [/workspaces/Los-Parceritos/servidor_minecraft/mods/preview_OptiFine_1.20.1_HD_U_I6_pre6.jar]
[20Aug2025 20:19:41.574] [main/INFO] [net.minecraftforge.fml.loading.ImmediateWindowHandler/]: ImmediateWindowProvider not loading because launch target is forgeserver
[20Aug2025 20:19:41.585] [main/DEBUG] [cpw.mods.modlauncher.TransformationServicesHandler/MODLAUNCHER]: Found transformer services : [mixin,OptiFine,fml]
[20Aug2025 20:19:41.585] [main/DEBUG] [cpw.mods.modlauncher.TransformationServicesHandler/MODLAUNCHER]: Transformation services loading
[20Aug2025 20:19:41.586] [main/DEBUG] [cpw.mods.modlauncher.TransformationServiceDecorator/MODLAUNCHER]: Loading service mixin
[20Aug2025 20:19:41.587] [main/DEBUG] [cpw.mods.modlauncher.TransformationServiceDecorator/MODLAUNCHER]: Loaded service mixin
[20Aug2025 20:19:41.587] [main/DEBUG] [cpw.mods.modlauncher.TransformationServiceDecorator/MODLAUNCHER]: Loading service OptiFine
[20Aug2025 20:19:41.587] [main/INFO] [optifine.OptiFineTransformationService/]: OptiFineTransformationService.onLoad
[20Aug2025 20:19:41.588] [main/INFO] [optifine.OptiFineTransformationService/]: OptiFine ZIP file URL: union:/workspaces/Los-Parceritos/servidor_minecraft/mods/preview_OptiFine_1.20.1_HD_U_I6_pre6.jar%23199!/
[20Aug2025 20:19:41.599] [main/INFO] [optifine.OptiFineTransformationService/]: OptiFine ZIP file: /workspaces/Los-Parceritos/servidor_minecraft/mods/preview_OptiFine_1.20.1_HD_U_I6_pre6.jar
[20Aug2025 20:19:41.600] [main/INFO] [optifine.OptiFineTransformer/]: Target.PRE_CLASS is available
[20Aug2025 20:19:41.614] [main/DEBUG] [cpw.mods.modlauncher.TransformationServiceDecorator/MODLAUNCHER]: Loaded service OptiFine
[20Aug2025 20:19:41.615] [main/DEBUG] [cpw.mods.modlauncher.TransformationServiceDecorator/MODLAUNCHER]: Loading service fml
[20Aug2025 20:19:41.617] [main/DEBUG] [net.minecraftforge.fml.loading.LauncherVersion/CORE]: Found FMLLauncher version 1.0
[20Aug2025 20:19:41.617] [main/DEBUG] [net.minecraftforge.fml.loading.FMLLoader/CORE]: FML 1.0 loading
[20Aug2025 20:19:41.617] [main/DEBUG] [net.minecraftforge.fml.loading.FMLLoader/CORE]: FML found ModLauncher version : 10.0.9+10.0.9+main.dcd20f30
[20Aug2025 20:19:41.618] [main/DEBUG] [net.minecraftforge.fml.loading.FMLLoader/CORE]: FML found AccessTransformer version : 8.0.4+66+master.c09db6d7
[20Aug2025 20:19:41.618] [main/DEBUG] [net.minecraftforge.fml.loading.FMLLoader/CORE]: FML found EventBus version : 6.0.5+6.0.5+master.eb8e549b
[20Aug2025 20:19:41.619] [main/DEBUG] [net.minecraftforge.fml.loading.FMLLoader/CORE]: Found Runtime Dist Cleaner
[20Aug2025 20:19:41.621] [main/DEBUG] [net.minecraftforge.fml.loading.FMLLoader/CORE]: FML found CoreMod version : 5.1.6
[20Aug2025 20:19:41.623] [main/DEBUG] [net.minecraftforge.fml.loading.FMLLoader/CORE]: Found ForgeSPI package implementation version 7.0.1+7.0.1+master.d2b38bf6
[20Aug2025 20:19:41.623] [main/DEBUG] [net.minecraftforge.fml.loading.FMLLoader/CORE]: Found ForgeSPI package specification 5
[20Aug2025 20:19:41.623] [main/DEBUG] [cpw.mods.modlauncher.TransformationServiceDecorator/MODLAUNCHER]: Loaded service fml
[20Aug2025 20:19:41.624] [main/DEBUG] [cpw.mods.modlauncher.TransformationServicesHandler/MODLAUNCHER]: Configuring option handling for services
[20Aug2025 20:19:41.633] [main/DEBUG] [cpw.mods.modlauncher.TransformationServicesHandler/MODLAUNCHER]: Transformation services initializing
[20Aug2025 20:19:41.634] [main/DEBUG] [cpw.mods.modlauncher.TransformationServiceDecorator/MODLAUNCHER]: Initializing transformation service mixin
[20Aug2025 20:19:41.650] [main/DEBUG] [mixin/]: MixinService [ModLauncher] was successfully booted in cpw.mods.cl.ModuleClassLoader@1e7c7811
[20Aug2025 20:19:41.673] [main/INFO] [mixin/]: SpongePowered MIXIN Subsystem Version=0.8.5 Source=union:/workspaces/Los-Parceritos/servidor_minecraft/libraries/org/spongepowered/mixin/0.8.5/mixin-0.8.5.jar%2365!/ Service=ModLauncher Env=SERVER
[20Aug2025 20:19:41.691] [main/DEBUG] [mixin/]: Initialising Mixin Platform Manager
[20Aug2025 20:19:41.692] [main/DEBUG] [mixin/]: Adding mixin platform agents for container ModLauncher Root Container(ModLauncher:4f56a0a2)
[20Aug2025 20:19:41.692] [main/DEBUG] [mixin/]: Instancing new MixinPlatformAgentMinecraftForge for ModLauncher Root Container(ModLauncher:4f56a0a2)
[20Aug2025 20:19:41.693] [main/DEBUG] [mixin/]: MixinPlatformAgentMinecraftForge rejected container ModLauncher Root Container(ModLauncher:4f56a0a2)
[20Aug2025 20:19:41.693] [main/DEBUG] [mixin/]: Instancing new MixinPlatformAgentDefault for ModLauncher Root Container(ModLauncher:4f56a0a2)
[20Aug2025 20:19:41.693] [main/DEBUG] [mixin/]: MixinPlatformAgentDefault accepted container ModLauncher Root Container(ModLauncher:4f56a0a2)
[20Aug2025 20:19:41.697] [main/DEBUG] [cpw.mods.modlauncher.TransformationServiceDecorator/MODLAUNCHER]: Initialized transformation service mixin
[20Aug2025 20:19:41.697] [main/DEBUG] [cpw.mods.modlauncher.TransformationServiceDecorator/MODLAUNCHER]: Initializing transformation service OptiFine
[20Aug2025 20:19:41.697] [main/INFO] [optifine.OptiFineTransformationService/]: OptiFineTransformationService.initialize
[20Aug2025 20:19:41.697] [main/DEBUG] [cpw.mods.modlauncher.TransformationServiceDecorator/MODLAUNCHER]: Initialized transformation service OptiFine
[20Aug2025 20:19:41.698] [main/DEBUG] [cpw.mods.modlauncher.TransformationServiceDecorator/MODLAUNCHER]: Initializing transformation service fml
[20Aug2025 20:19:41.698] [main/DEBUG] [net.minecraftforge.fml.loading.FMLServiceProvider/CORE]: Setting up basic FML game directories
[20Aug2025 20:19:41.698] [main/DEBUG] [net.minecraftforge.fml.loading.FMLPaths/CORE]: Path GAMEDIR is /workspaces/Los-Parceritos/servidor_minecraft
[20Aug2025 20:19:41.698] [main/DEBUG] [net.minecraftforge.fml.loading.FMLPaths/CORE]: Path MODSDIR is /workspaces/Los-Parceritos/servidor_minecraft/mods
[20Aug2025 20:19:41.699] [main/DEBUG] [net.minecraftforge.fml.loading.FMLPaths/CORE]: Path CONFIGDIR is /workspaces/Los-Parceritos/servidor_minecraft/config
[20Aug2025 20:19:41.699] [main/DEBUG] [net.minecraftforge.fml.loading.FMLPaths/CORE]: Path FMLCONFIG is /workspaces/Los-Parceritos/servidor_minecraft/config/fml.toml
[20Aug2025 20:19:41.699] [main/DEBUG] [net.minecraftforge.fml.loading.FMLServiceProvider/CORE]: Loading configuration
[20Aug2025 20:19:41.701] [main/DEBUG] [net.minecraftforge.fml.loading.FMLServiceProvider/CORE]: Preparing ModFile
[20Aug2025 20:19:41.704] [main/DEBUG] [net.minecraftforge.fml.loading.FMLServiceProvider/CORE]: Preparing launch handler
[20Aug2025 20:19:41.704] [main/DEBUG] [net.minecraftforge.fml.loading.FMLLoader/CORE]: Using forgeserver as launch service
[20Aug2025 20:19:41.719] [main/DEBUG] [net.minecraftforge.fml.loading.FMLLoader/CORE]: Received command line version data  : VersionInfo[forgeVersion=47.3.7, mcVersion=1.20.1, mcpVersion=20230612.114412, forgeGroup=net.minecraftforge]
[20Aug2025 20:19:41.721] [main/DEBUG] [cpw.mods.modlauncher.TransformationServiceDecorator/MODLAUNCHER]: Initialized transformation service fml
[20Aug2025 20:19:41.721] [main/DEBUG] [cpw.mods.modlauncher.NameMappingServiceHandler/MODLAUNCHER]: Current naming domain is 'srg'
[20Aug2025 20:19:41.722] [main/DEBUG] [cpw.mods.modlauncher.NameMappingServiceHandler/MODLAUNCHER]: Identified name mapping providers {}
[20Aug2025 20:19:41.722] [main/DEBUG] [cpw.mods.modlauncher.TransformationServicesHandler/MODLAUNCHER]: Transformation services begin scanning
[20Aug2025 20:19:41.722] [main/DEBUG] [cpw.mods.modlauncher.TransformationServiceDecorator/MODLAUNCHER]: Beginning scan trigger - transformation service mixin
[20Aug2025 20:19:41.723] [main/DEBUG] [cpw.mods.modlauncher.TransformationServiceDecorator/MODLAUNCHER]: End scan trigger - transformation service mixin
[20Aug2025 20:19:41.723] [main/DEBUG] [cpw.mods.modlauncher.TransformationServiceDecorator/MODLAUNCHER]: Beginning scan trigger - transformation service OptiFine
[20Aug2025 20:19:41.723] [main/DEBUG] [cpw.mods.modlauncher.TransformationServiceDecorator/MODLAUNCHER]: End scan trigger - transformation service OptiFine
[20Aug2025 20:19:41.723] [main/DEBUG] [cpw.mods.modlauncher.TransformationServiceDecorator/MODLAUNCHER]: Beginning scan trigger - transformation service fml
[20Aug2025 20:19:41.723] [main/DEBUG] [net.minecraftforge.fml.loading.FMLServiceProvider/CORE]: Initiating mod scan
[20Aug2025 20:19:41.733] [main/DEBUG] [net.minecraftforge.fml.loading.moddiscovery.ModListHandler/CORE]: Found mod coordinates from lists: []
[20Aug2025 20:19:41.737] [main/DEBUG] [net.minecraftforge.fml.loading.moddiscovery.ModDiscoverer/CORE]: Found Mod Locators : (mods folder:null),(maven libs:null),(exploded directory:null),(minecraft:null),(userdev classpath:null)
[20Aug2025 20:19:41.737] [main/DEBUG] [net.minecraftforge.fml.loading.moddiscovery.ModDiscoverer/CORE]: Found Dependency Locators : (JarInJar:null)
[20Aug2025 20:19:41.750] [main/DEBUG] [net.minecraftforge.fml.loading.moddiscovery.ModFileParser/LOADING]: Considering mod file candidate /workspaces/Los-Parceritos/servidor_minecraft/mods/[1.20.1] SecurityCraft v1.10.0.1.jar
[20Aug2025 20:19:41.793] [main/DEBUG] [net.minecraftforge.fml.loading.moddiscovery.ModFileInfo/LOADING]: Found valid mod file [1.20.1] SecurityCraft v1.10.0.1.jar with {securitycraft} mods - versions {1.10.0.1}
[20Aug2025 20:19:41.797] [main/DEBUG] [net.minecraftforge.fml.loading.moddiscovery.ModFileParser/LOADING]: Considering mod file candidate /workspaces/Los-Parceritos/servidor_minecraft/mods/[forge]ctov-3.4.14.jar
[20Aug2025 20:19:41.799] [main/DEBUG] [net.minecraftforge.fml.loading.moddiscovery.ModFileInfo/LOADING]: Found valid mod file [forge]ctov-3.4.14.jar with {ctov} mods - versions {3.4.14}
[20Aug2025 20:19:41.799] [main/DEBUG] [net.minecraftforge.fml.loading.moddiscovery.ModFileParser/LOADING]: Considering mod file candidate /workspaces/Los-Parceritos/servidor_minecraft/mods/AdvancementPlaques-1.20.1-forge-1.6.7.jar
[20Aug2025 20:19:41.801] [main/DEBUG] [net.minecraftforge.fml.loading.moddiscovery.ModFileInfo/LOADING]: Found valid mod file AdvancementPlaques-1.20.1-forge-1.6.7.jar with {advancementplaques} mods - versions {1.6.7}
[20Aug2025 20:19:41.802] [main/DEBUG] [net.minecraftforge.fml.loading.moddiscovery.ModFileParser/LOADING]: Considering mod file candidate /workspaces/Los-Parceritos/servidor_minecraft/mods/AI-Improvements-1.20-0.5.2.jar
[20Aug2025 20:19:41.803] [main/DEBUG] [net.minecraftforge.fml.loading.moddiscovery.ModFileInfo/LOADING]: Found valid mod file AI-Improvements-1.20-0.5.2.jar with {aiimprovements} mods - versions {0.5.2}
[20Aug2025 20:19:41.806] [main/DEBUG] [net.minecraftforge.fml.loading.moddiscovery.ModFileParser/LOADING]: Considering mod file candidate /workspaces/Los-Parceritos/servidor_minecraft/mods/alexsmobs-1.22.9.jar
[20Aug2025 20:19:41.807] [main/DEBUG] [net.minecraftforge.fml.loading.moddiscovery.ModFileInfo/LOADING]: Found valid mod file alexsmobs-1.22.9.jar with {alexsmobs} mods - versions {1.22.9}
[20Aug2025 20:19:41.808] [main/DEBUG] [net.minecraftforge.fml.loading.moddiscovery.ModFileParser/LOADING]: Considering mod file candidate /workspaces/Los-Parceritos/servidor_minecraft/mods/appleskin-forge-mc1.20.1-2.5.1.jar
[20Aug2025 20:19:41.809] [main/DEBUG] [net.minecraftforge.fml.loading.moddiscovery.ModFileInfo/LOADING]: Found valid mod file appleskin-forge-mc1.20.1-2.5.1.jar with {appleskin} mods - versions {2.5.1+mc1.20.1}
[20Aug2025 20:19:41.810] [main/DEBUG] [net.minecraftforge.fml.loading.moddiscovery.ModFileParser/LOADING]: Considering mod file candidate /workspaces/Los-Parceritos/servidor_minecraft/mods/architectury-9.1.10-forge.jar
[20Aug2025 20:19:41.811] [main/DEBUG] [net.minecraftforge.fml.loading.moddiscovery.ModFileInfo/LOADING]: Found valid mod file architectury-9.1.10-forge.jar with {architectury} mods - versions {9.1.10}
[20Aug2025 20:19:41.812] [main/DEBUG] [net.minecraftforge.fml.loading.moddiscovery.ModFileParser/LOADING]: Considering mod file candidate /workspaces/Los-Parceritos/servidor_minecraft/mods/artifacts-forge-9.5.11.jar
[20Aug2025 20:19:41.813] [main/DEBUG] [net.minecraftforge.fml.loading.moddiscovery.ModFileInfo/LOADING]: Found valid mod file artifacts-forge-9.5.11.jar with {artifacts} mods - versions {9.5.11}
[20Aug2025 20:19:41.814] [main/DEBUG] [net.minecraftforge.fml.loading.moddiscovery.ModFileParser/LOADING]: Considering mod file candidate /workspaces/Los-Parceritos/servidor_minecraft/mods/balm-forge-1.20.1-7.3.28-all.jar
[20Aug2025 20:19:41.815] [main/DEBUG] [net.minecraftforge.fml.loading.moddiscovery.ModFileInfo/LOADING]: Found valid mod file balm-forge-1.20.1-7.3.28-all.jar with {balm} mods - versions {7.3.28}
[20Aug2025 20:19:41.816] [main/DEBUG] [net.minecraftforge.fml.loading.moddiscovery.ModFileParser/LOADING]: Considering mod file candidate /workspaces/Los-Parceritos/servidor_minecraft/mods/BetterF3-7.0.2-Forge-1.20.1.jar
[20Aug2025 20:19:41.817] [main/DEBUG] [net.minecraftforge.fml.loading.moddiscovery.ModFileInfo/LOADING]: Found valid mod file BetterF3-7.0.2-Forge-1.20.1.jar with {betterf3} mods - versions {7.0.2}
[20Aug2025 20:19:41.818] [main/DEBUG] [net.minecraftforge.fml.loading.moddiscovery.ModFileParser/LOADING]: Considering mod file candidate /workspaces/Los-Parceritos/servidor_minecraft/mods/BetterPingDisplay-1.20.1-1.1.jar
[20Aug2025 20:19:41.819] [main/DEBUG] [net.minecraftforge.fml.loading.moddiscovery.ModFileInfo/LOADING]: Found valid mod file BetterPingDisplay-1.20.1-1.1.jar with {betterpingdisplay} mods - versions {1.1}
[20Aug2025 20:19:41.824] [main/DEBUG] [net.minecraftforge.fml.loading.moddiscovery.ModFileParser/LOADING]: Considering mod file candidate /workspaces/Los-Parceritos/servidor_minecraft/mods/Bookshelf-Forge-1.20.1-20.2.13.jar
[20Aug2025 20:19:41.825] [main/DEBUG] [net.minecraftforge.fml.loading.moddiscovery.ModFileInfo/LOADING]: Found valid mod file Bookshelf-Forge-1.20.1-20.2.13.jar with {bookshelf} mods - versions {20.2.13}
[20Aug2025 20:19:41.826] [main/DEBUG] [net.minecraftforge.fml.loading.moddiscovery.ModFileParser/LOADING]: Considering mod file candidate /workspaces/Los-Parceritos/servidor_minecraft/mods/botarium-forge-1.20.1-2.2.0.jar
[20Aug2025 20:19:41.827] [main/DEBUG] [net.minecraftforge.fml.loading.moddiscovery.ModFileInfo/LOADING]: Found valid mod file botarium-forge-1.20.1-2.2.0.jar with {botarium} mods - versions {2.2.0}
[20Aug2025 20:19:41.827] [main/DEBUG] [net.minecraftforge.fml.loading.moddiscovery.ModFileParser/LOADING]: Considering mod file candidate /workspaces/Los-Parceritos/servidor_minecraft/mods/brutalbosses-1.20.1-8.0.jar
[20Aug2025 20:19:41.828] [main/DEBUG] [net.minecraftforge.fml.loading.moddiscovery.ModFileInfo/LOADING]: Found valid mod file brutalbosses-1.20.1-8.0.jar with {brutalbosses} mods - versions {1.20.1-8.0}
[20Aug2025 20:19:41.829] [main/DEBUG] [net.minecraftforge.fml.loading.moddiscovery.ModFileParser/LOADING]: Considering mod file candidate /workspaces/Los-Parceritos/servidor_minecraft/mods/camera-forge-1.20.1-1.0.19.jar
[20Aug2025 20:19:41.830] [main/DEBUG] [net.minecraftforge.fml.loading.moddiscovery.ModFileInfo/LOADING]: Found valid mod file camera-forge-1.20.1-1.0.19.jar with {camera} mods - versions {1.20.1-1.0.19}
[20Aug2025 20:19:41.831] [main/DEBUG] [net.minecraftforge.fml.loading.moddiscovery.ModFileParser/LOADING]: Considering mod file candidate /workspaces/Los-Parceritos/servidor_minecraft/mods/carryon-forge-1.20.1-2.1.2.7.jar
[20Aug2025 20:19:41.831] [main/DEBUG] [net.minecraftforge.fml.loading.moddiscovery.ModFileInfo/LOADING]: Found valid mod file carryon-forge-1.20.1-2.1.2.7.jar with {carryon} mods - versions {2.1.2.7}
[20Aug2025 20:19:41.832] [main/DEBUG] [net.minecraftforge.fml.loading.moddiscovery.ModFileParser/LOADING]: Considering mod file candidate /workspaces/Los-Parceritos/servidor_minecraft/mods/chat_heads-0.13.18-forge-1.20.jar
[20Aug2025 20:19:41.833] [main/DEBUG] [net.minecraftforge.fml.loading.moddiscovery.ModFileInfo/LOADING]: Found valid mod file chat_heads-0.13.18-forge-1.20.jar with {chat_heads} mods - versions {0.13.18}
[20Aug2025 20:19:41.835] [main/DEBUG] [net.minecraftforge.fml.loading.moddiscovery.ModFileParser/LOADING]: Considering mod file candidate /workspaces/Los-Parceritos/servidor_minecraft/mods/citadel-2.6.0-1.20.1.jar
[20Aug2025 20:19:41.836] [main/DEBUG] [net.minecraftforge.fml.loading.moddiscovery.ModFileInfo/LOADING]: Found valid mod file citadel-2.6.0-1.20.1.jar with {citadel} mods - versions {2.6.0}
[20Aug2025 20:19:41.837] [main/DEBUG] [net.minecraftforge.fml.loading.moddiscovery.ModFileParser/LOADING]: Considering mod file candidate /workspaces/Los-Parceritos/servidor_minecraft/mods/cloth-config-11.0.99-forge.jar
[20Aug2025 20:19:41.837] [main/DEBUG] [net.minecraftforge.fml.loading.moddiscovery.ModFileInfo/LOADING]: Found valid mod file cloth-config-11.0.99-forge.jar with {cloth_config} mods - versions {11.0.99}
[20Aug2025 20:19:41.838] [main/DEBUG] [net.minecraftforge.fml.loading.moddiscovery.ModFileParser/LOADING]: Considering mod file candidate /workspaces/Los-Parceritos/servidor_minecraft/mods/Clumps-forge-1.20.1-12.0.0.4.jar
[20Aug2025 20:19:41.839] [main/DEBUG] [net.minecraftforge.fml.loading.moddiscovery.ModFileInfo/LOADING]: Found valid mod file Clumps-forge-1.20.1-12.0.0.4.jar with {clumps} mods - versions {12.0.0.4}
[20Aug2025 20:19:41.839] [main/DEBUG] [net.minecraftforge.fml.loading.moddiscovery.ModFileParser/LOADING]: Considering mod file candidate /workspaces/Los-Parceritos/servidor_minecraft/mods/collective-1.20.1-7.91.jar
[20Aug2025 20:19:41.840] [main/DEBUG] [net.minecraftforge.fml.loading.moddiscovery.ModFileInfo/LOADING]: Found valid mod file collective-1.20.1-7.91.jar with {collective} mods - versions {7.91}
[20Aug2025 20:19:41.842] [main/DEBUG] [net.minecraftforge.fml.loading.moddiscovery.ModFileParser/LOADING]: Considering mod file candidate /workspaces/Los-Parceritos/servidor_minecraft/mods/connectedglass-1.1.11-forge-mc1.20.1.jar
[20Aug2025 20:19:41.843] [main/DEBUG] [net.minecraftforge.fml.loading.moddiscovery.ModFileInfo/LOADING]: Found valid mod file connectedglass-1.1.11-forge-mc1.20.1.jar with {connectedglass} mods - versions {1.1.11}
[20Aug2025 20:19:41.843] [main/DEBUG] [net.minecraftforge.fml.loading.moddiscovery.ModFileParser/LOADING]: Considering mod file candidate /workspaces/Los-Parceritos/servidor_minecraft/mods/coroutil-forge-1.20.1-1.3.7.jar
[20Aug2025 20:19:41.844] [main/DEBUG] [net.minecraftforge.fml.loading.moddiscovery.ModFileInfo/LOADING]: Found valid mod file coroutil-forge-1.20.1-1.3.7.jar with {coroutil} mods - versions {1.20.1-1.3.7}
[20Aug2025 20:19:41.845] [main/DEBUG] [net.minecraftforge.fml.loading.moddiscovery.ModFileParser/LOADING]: Considering mod file candidate /workspaces/Los-Parceritos/servidor_minecraft/mods/CreativeCore_FORGE_v2.12.32_mc1.20.1.jar
[20Aug2025 20:19:41.846] [main/DEBUG] [net.minecraftforge.fml.loading.moddiscovery.ModFileInfo/LOADING]: Found valid mod file CreativeCore_FORGE_v2.12.32_mc1.20.1.jar with {creativecore} mods - versions {2.12.32}
[20Aug2025 20:19:41.846] [main/DEBUG] [net.minecraftforge.fml.loading.moddiscovery.ModFileParser/LOADING]: Considering mod file candidate /workspaces/Los-Parceritos/servidor_minecraft/mods/cristellib-forge-1.1.0.jar
[20Aug2025 20:19:41.847] [main/DEBUG] [net.minecraftforge.fml.loading.moddiscovery.ModFileInfo/LOADING]: Found valid mod file cristellib-forge-1.1.0.jar with {cristellib} mods - versions {1.1.0}
[20Aug2025 20:19:41.847] [main/DEBUG] [net.minecraftforge.fml.loading.moddiscovery.ModFileParser/LOADING]: Considering mod file candidate /workspaces/Los-Parceritos/servidor_minecraft/mods/cupboard-1.20.1-2.5.jar
[20Aug2025 20:19:41.848] [main/DEBUG] [net.minecraftforge.fml.loading.moddiscovery.ModFileInfo/LOADING]: Found valid mod file cupboard-1.20.1-2.5.jar with {cupboard} mods - versions {1.20.1-2.5}
[20Aug2025 20:19:41.849] [main/DEBUG] [net.minecraftforge.fml.loading.moddiscovery.ModFileParser/LOADING]: Considering mod file candidate /workspaces/Los-Parceritos/servidor_minecraft/mods/curios-forge-5.8.1+1.20.1.jar
[20Aug2025 20:19:41.850] [main/DEBUG] [net.minecraftforge.fml.loading.moddiscovery.ModFileInfo/LOADING]: Found valid mod file curios-forge-5.8.1+1.20.1.jar with {curios} mods - versions {5.8.1+1.20.1}
[20Aug2025 20:19:41.850] [main/DEBUG] [net.minecraftforge.fml.loading.moddiscovery.ModFileParser/LOADING]: Considering mod file candidate /workspaces/Los-Parceritos/servidor_minecraft/mods/doubledoors-1.20.1-6.2.jar
[20Aug2025 20:19:41.851] [main/DEBUG] [net.minecraftforge.fml.loading.moddiscovery.ModFileInfo/LOADING]: Found valid mod file doubledoors-1.20.1-6.2.jar with {doubledoors} mods - versions {6.2}
[20Aug2025 20:19:41.859] [main/DEBUG] [net.minecraftforge.fml.loading.moddiscovery.ModFileParser/LOADING]: Considering mod file candidate /workspaces/Los-Parceritos/servidor_minecraft/mods/drinkbeer-refill-1.20.1-1.0.4.b.jar
[20Aug2025 20:19:41.860] [main/DEBUG] [net.minecraftforge.fml.loading.moddiscovery.ModFileInfo/LOADING]: Found valid mod file drinkbeer-refill-1.20.1-1.0.4.b.jar with {drinkbeer} mods - versions {1.0.4.b}
[20Aug2025 20:19:41.861] [main/DEBUG] [net.minecraftforge.fml.loading.moddiscovery.ModFileParser/LOADING]: Considering mod file candidate /workspaces/Los-Parceritos/servidor_minecraft/mods/dungeons-and-taverns-3.0.3.f[Forge].jar
[20Aug2025 20:19:41.862] [main/DEBUG] [net.minecraftforge.fml.loading.moddiscovery.ModFileInfo/LOADING]: Found valid mod file dungeons-and-taverns-3.0.3.f[Forge].jar with {mr_dungeons_andtaverns} mods - versions {3.0.3.f}
[20Aug2025 20:19:41.863] [main/DEBUG] [net.minecraftforge.fml.loading.moddiscovery.ModFileParser/LOADING]: Considering mod file candidate /workspaces/Los-Parceritos/servidor_minecraft/mods/DungeonsArise-1.20.x-2.1.58-release.jar
[20Aug2025 20:19:41.863] [main/DEBUG] [net.minecraftforge.fml.loading.moddiscovery.ModFileInfo/LOADING]: Found valid mod file DungeonsArise-1.20.x-2.1.58-release.jar with {dungeons_arise} mods - versions {2.1.58-1.20.x}
[20Aug2025 20:19:41.865] [main/DEBUG] [net.minecraftforge.fml.loading.moddiscovery.ModFileParser/LOADING]: Considering mod file candidate /workspaces/Los-Parceritos/servidor_minecraft/mods/EnchantingInfuser-v8.0.2-1.20.1-Forge.jar
[20Aug2025 20:19:41.866] [main/DEBUG] [net.minecraftforge.fml.loading.moddiscovery.ModFileInfo/LOADING]: Found valid mod file EnchantingInfuser-v8.0.2-1.20.1-Forge.jar with {enchantinginfuser} mods - versions {8.0.2}
[20Aug2025 20:19:41.868] [main/DEBUG] [net.minecraftforge.fml.loading.moddiscovery.ModFileParser/LOADING]: Considering mod file candidate /workspaces/Los-Parceritos/servidor_minecraft/mods/EnchantmentDescriptions-Forge-1.20.1-17.1.18.jar
[20Aug2025 20:19:41.868] [main/DEBUG] [net.minecraftforge.fml.loading.moddiscovery.ModFileInfo/LOADING]: Found valid mod file EnchantmentDescriptions-Forge-1.20.1-17.1.18.jar with {enchdesc} mods - versions {17.1.18}
[20Aug2025 20:19:41.869] [main/DEBUG] [net.minecraftforge.fml.loading.moddiscovery.ModFileParser/LOADING]: Considering mod file candidate /workspaces/Los-Parceritos/servidor_minecraft/mods/Explorify v1.6.2 f10-48.jar
[20Aug2025 20:19:41.870] [main/DEBUG] [net.minecraftforge.fml.loading.moddiscovery.ModFileInfo/LOADING]: Found valid mod file Explorify v1.6.2 f10-48.jar with {explorify} mods - versions {1.6.2}
[20Aug2025 20:19:41.871] [main/DEBUG] [net.minecraftforge.fml.loading.moddiscovery.ModFileParser/LOADING]: Considering mod file candidate /workspaces/Los-Parceritos/servidor_minecraft/mods/FastFurnace-1.20.1-8.0.2.jar
[20Aug2025 20:19:41.871] [main/DEBUG] [net.minecraftforge.fml.loading.moddiscovery.ModFileInfo/LOADING]: Found valid mod file FastFurnace-1.20.1-8.0.2.jar with {fastfurnace} mods - versions {8.0.2}
[20Aug2025 20:19:41.872] [main/DEBUG] [net.minecraftforge.fml.loading.moddiscovery.ModFileParser/LOADING]: Considering mod file candidate /workspaces/Los-Parceritos/servidor_minecraft/mods/Fastload-Reforged-mc1.20.1-3.4.0.jar
[20Aug2025 20:19:41.872] [main/DEBUG] [net.minecraftforge.fml.loading.moddiscovery.ModFileInfo/LOADING]: Found valid mod file Fastload-Reforged-mc1.20.1-3.4.0.jar with {fastload} mods - versions {3.4.0}
[20Aug2025 20:19:41.873] [main/DEBUG] [net.minecraftforge.fml.loading.moddiscovery.ModFileParser/LOADING]: Considering mod file candidate /workspaces/Los-Parceritos/servidor_minecraft/mods/FastWorkbench-1.20.1-8.0.4.jar
[20Aug2025 20:19:41.873] [main/DEBUG] [net.minecraftforge.fml.loading.moddiscovery.ModFileInfo/LOADING]: Found valid mod file FastWorkbench-1.20.1-8.0.4.jar with {fastbench} mods - versions {8.0.4}
[20Aug2025 20:19:41.876] [main/DEBUG] [net.minecraftforge.fml.loading.moddiscovery.ModFileParser/LOADING]: Considering mod file candidate /workspaces/Los-Parceritos/servidor_minecraft/mods/ferritecore-6.0.1-forge.jar
[20Aug2025 20:19:41.876] [main/DEBUG] [net.minecraftforge.fml.loading.moddiscovery.ModFileInfo/LOADING]: Found valid mod file ferritecore-6.0.1-forge.jar with {ferritecore} mods - versions {6.0.1}
[20Aug2025 20:19:41.879] [main/DEBUG] [net.minecraftforge.fml.loading.moddiscovery.ModFileParser/LOADING]: Considering mod file candidate /workspaces/Los-Parceritos/servidor_minecraft/mods/framework-forge-1.20.1-0.7.12.jar
[20Aug2025 20:19:41.880] [main/DEBUG] [net.minecraftforge.fml.loading.moddiscovery.ModFileInfo/LOADING]: Found valid mod file framework-forge-1.20.1-0.7.12.jar with {framework} mods - versions {0.7.12}
[20Aug2025 20:19:41.880] [main/DEBUG] [net.minecraftforge.fml.loading.moddiscovery.ModFileParser/LOADING]: Considering mod file candidate /workspaces/Los-Parceritos/servidor_minecraft/mods/fusion-1.1.0-forge-mc1.20.1.jar
[20Aug2025 20:19:41.881] [main/DEBUG] [net.minecraftforge.fml.loading.moddiscovery.ModFileInfo/LOADING]: Found valid mod file fusion-1.1.0-forge-mc1.20.1.jar with {fusion} mods - versions {1.1.0}
[20Aug2025 20:19:41.882] [main/DEBUG] [net.minecraftforge.fml.loading.moddiscovery.ModFileParser/LOADING]: Considering mod file candidate /workspaces/Los-Parceritos/servidor_minecraft/mods/fzzy_config-0.7.1+1.20.1+forge.jar
[20Aug2025 20:19:41.884] [main/DEBUG] [net.minecraftforge.fml.loading.moddiscovery.ModFileInfo/LOADING]: Found valid mod file fzzy_config-0.7.1+1.20.1+forge.jar with {fzzy_config} mods - versions {0.7.1+1.20.1+forge}
[20Aug2025 20:19:41.884] [main/DEBUG] [net.minecraftforge.fml.loading.moddiscovery.ModFileParser/LOADING]: Considering mod file candidate /workspaces/Los-Parceritos/servidor_minecraft/mods/GlitchCore-forge-1.20.1-0.0.1.0.jar
[20Aug2025 20:19:41.885] [main/DEBUG] [net.minecraftforge.fml.loading.moddiscovery.ModFileInfo/LOADING]: Found valid mod file GlitchCore-forge-1.20.1-0.0.1.0.jar with {glitchcore} mods - versions {0.0.1.0}
[20Aug2025 20:19:41.885] [main/DEBUG] [net.minecraftforge.fml.loading.moddiscovery.ModFileParser/LOADING]: Considering mod file candidate /workspaces/Los-Parceritos/servidor_minecraft/mods/globalxp-forge-1.20.1-1.11.jar
[20Aug2025 20:19:41.886] [main/DEBUG] [net.minecraftforge.fml.loading.moddiscovery.ModFileInfo/LOADING]: Found valid mod file globalxp-forge-1.20.1-1.11.jar with {globalxp} mods - versions {1.11}
[20Aug2025 20:19:41.886] [main/DEBUG] [net.minecraftforge.fml.loading.moddiscovery.ModFileParser/LOADING]: Considering mod file candidate /workspaces/Los-Parceritos/servidor_minecraft/mods/Gobber2-Forge-1.20.1-2.8.9.jar
[20Aug2025 20:19:41.888] [main/DEBUG] [net.minecraftforge.fml.loading.moddiscovery.ModFileInfo/LOADING]: Found valid mod file Gobber2-Forge-1.20.1-2.8.9.jar with {gobber2} mods - versions {2.8.9}
[20Aug2025 20:19:41.889] [main/DEBUG] [net.minecraftforge.fml.loading.moddiscovery.ModFileParser/LOADING]: Considering mod file candidate /workspaces/Los-Parceritos/servidor_minecraft/mods/goblintraders-forge-1.20.1-1.9.3.jar
[20Aug2025 20:19:41.890] [main/DEBUG] [net.minecraftforge.fml.loading.moddiscovery.ModFileInfo/LOADING]: Found valid mod file goblintraders-forge-1.20.1-1.9.3.jar with {goblintraders} mods - versions {1.9.3}
[20Aug2025 20:19:41.900] [main/DEBUG] [net.minecraftforge.fml.loading.moddiscovery.ModFileParser/LOADING]: Considering mod file candidate /workspaces/Los-Parceritos/servidor_minecraft/mods/HammerLib-1.20.1-20.1.32.jar
[20Aug2025 20:19:41.901] [main/DEBUG] [net.minecraftforge.fml.loading.moddiscovery.ModFileInfo/LOADING]: Found valid mod file HammerLib-1.20.1-20.1.32.jar with {hammerlib} mods - versions {20.1.32}
[20Aug2025 20:19:41.901] [main/DEBUG] [net.minecraftforge.fml.loading.moddiscovery.ModFileParser/LOADING]: Considering mod file candidate /workspaces/Los-Parceritos/servidor_minecraft/mods/Highlighter-1.20.1-forge-1.1.9.jar
[20Aug2025 20:19:41.902] [main/DEBUG] [net.minecraftforge.fml.loading.moddiscovery.ModFileInfo/LOADING]: Found valid mod file Highlighter-1.20.1-forge-1.1.9.jar with {highlighter} mods - versions {1.1.9}
[20Aug2025 20:19:41.902] [main/DEBUG] [net.minecraftforge.fml.loading.moddiscovery.ModFileParser/LOADING]: Considering mod file candidate /workspaces/Los-Parceritos/servidor_minecraft/mods/Iceberg-1.20.1-forge-1.1.21.jar
[20Aug2025 20:19:41.903] [main/DEBUG] [net.minecraftforge.fml.loading.moddiscovery.ModFileInfo/LOADING]: Found valid mod file Iceberg-1.20.1-forge-1.1.21.jar with {iceberg} mods - versions {1.1.21}
[20Aug2025 20:19:41.910] [main/DEBUG] [net.minecraftforge.fml.loading.moddiscovery.ModFileParser/LOADING]: Considering mod file candidate /workspaces/Los-Parceritos/servidor_minecraft/mods/ImprovableSkills-1.20.1-20.1.11.jar
[20Aug2025 20:19:41.911] [main/DEBUG] [net.minecraftforge.fml.loading.moddiscovery.ModFileInfo/LOADING]: Found valid mod file ImprovableSkills-1.20.1-20.1.11.jar with {improvableskills} mods - versions {20.1.11}
[20Aug2025 20:19:41.912] [main/DEBUG] [net.minecraftforge.fml.loading.moddiscovery.ModFileParser/LOADING]: Considering mod file candidate /workspaces/Los-Parceritos/servidor_minecraft/mods/infernalmobs-1.20.1.10.jar
[20Aug2025 20:19:41.912] [main/DEBUG] [net.minecraftforge.fml.loading.moddiscovery.ModFileInfo/LOADING]: Found valid mod file infernalmobs-1.20.1.10.jar with {infernalmobs} mods - versions {1.20.1.10}
[20Aug2025 20:19:41.913] [main/DEBUG] [net.minecraftforge.fml.loading.moddiscovery.ModFileParser/LOADING]: Considering mod file candidate /workspaces/Los-Parceritos/servidor_minecraft/mods/Jade-1.20.1-Forge-11.13.1.jar
[20Aug2025 20:19:41.913] [main/DEBUG] [net.minecraftforge.fml.loading.moddiscovery.ModFileInfo/LOADING]: Found valid mod file Jade-1.20.1-Forge-11.13.1.jar with {jade} mods - versions {11.13.1+forge}
[20Aug2025 20:19:41.915] [main/DEBUG] [net.minecraftforge.fml.loading.moddiscovery.ModFileParser/LOADING]: Considering mod file candidate /workspaces/Los-Parceritos/servidor_minecraft/mods/jei-1.20.1-forge-15.20.0.112.jar
[20Aug2025 20:19:41.915] [main/DEBUG] [net.minecraftforge.fml.loading.moddiscovery.ModFileInfo/LOADING]: Found valid mod file jei-1.20.1-forge-15.20.0.112.jar with {jei} mods - versions {15.20.0.112}
[20Aug2025 20:19:41.918] [main/DEBUG] [net.minecraftforge.fml.loading.moddiscovery.ModFileParser/LOADING]: Considering mod file candidate /workspaces/Los-Parceritos/servidor_minecraft/mods/journeymap-1.20.1-5.10.3-forge.jar
[20Aug2025 20:19:41.918] [main/DEBUG] [net.minecraftforge.fml.loading.moddiscovery.ModFileInfo/LOADING]: Found valid mod file journeymap-1.20.1-5.10.3-forge.jar with {journeymap} mods - versions {5.10.3}
[20Aug2025 20:19:41.919] [main/DEBUG] [net.minecraftforge.fml.loading.moddiscovery.ModFileParser/LOADING]: Considering mod file candidate /workspaces/Los-Parceritos/servidor_minecraft/mods/justzoom_forge_2.1.1_MC_1.20.1.jar
[20Aug2025 20:19:41.920] [main/DEBUG] [net.minecraftforge.fml.loading.moddiscovery.ModFileInfo/LOADING]: Found valid mod file justzoom_forge_2.1.1_MC_1.20.1.jar with {justzoom} mods - versions {2.1.1}
[20Aug2025 20:19:41.920] [main/DEBUG] [net.minecraftforge.fml.loading.moddiscovery.ModFileParser/LOADING]: Considering mod file candidate /workspaces/Los-Parceritos/servidor_minecraft/mods/konkrete_forge_1.8.0_MC_1.20-1.20.1.jar
[20Aug2025 20:19:41.921] [main/DEBUG] [net.minecraftforge.fml.loading.moddiscovery.ModFileInfo/LOADING]: Found valid mod file konkrete_forge_1.8.0_MC_1.20-1.20.1.jar with {konkrete} mods - versions {1.8.0}
[20Aug2025 20:19:41.940] [main/DEBUG] [net.minecraftforge.fml.loading.moddiscovery.ModFileParser/LOADING]: Considering mod file candidate /workspaces/Los-Parceritos/servidor_minecraft/mods/lionfishapi-2.4-Fix.jar
[20Aug2025 20:19:41.941] [main/DEBUG] [net.minecraftforge.fml.loading.moddiscovery.ModFileInfo/LOADING]: Found valid mod file lionfishapi-2.4-Fix.jar with {lionfishapi} mods - versions {2.4-Fix}
[20Aug2025 20:19:41.941] [main/DEBUG] [net.minecraftforge.fml.loading.moddiscovery.ModFileParser/LOADING]: Considering mod file candidate /workspaces/Los-Parceritos/servidor_minecraft/mods/lithostitched-forge-1.20.1-1.4.jar
[20Aug2025 20:19:41.942] [main/DEBUG] [net.minecraftforge.fml.loading.moddiscovery.ModFileInfo/LOADING]: Found valid mod file lithostitched-forge-1.20.1-1.4.jar with {lithostitched} mods - versions {1.4}
[20Aug2025 20:19:41.942] [main/DEBUG] [net.minecraftforge.fml.loading.moddiscovery.ModFileParser/LOADING]: Considering mod file candidate /workspaces/Los-Parceritos/servidor_minecraft/mods/lukis-grand-capitals-1.1.1.jar
[20Aug2025 20:19:41.943] [main/DEBUG] [net.minecraftforge.fml.loading.moddiscovery.ModFileInfo/LOADING]: Found valid mod file lukis-grand-capitals-1.1.1.jar with {mr_lukis_grandcapitals} mods - versions {1.1.1}
[20Aug2025 20:19:41.944] [main/DEBUG] [net.minecraftforge.fml.loading.moddiscovery.ModFileParser/LOADING]: Considering mod file candidate /workspaces/Los-Parceritos/servidor_minecraft/mods/mcw-bridges-3.1.0-mc1.20.1forge.jar
[20Aug2025 20:19:41.945] [main/DEBUG] [net.minecraftforge.fml.loading.moddiscovery.ModFileInfo/LOADING]: Found valid mod file mcw-bridges-3.1.0-mc1.20.1forge.jar with {mcwbridges} mods - versions {3.1.0}
[20Aug2025 20:19:41.946] [main/DEBUG] [net.minecraftforge.fml.loading.moddiscovery.ModFileParser/LOADING]: Considering mod file candidate /workspaces/Los-Parceritos/servidor_minecraft/mods/mcw-doors-1.1.2-mc1.20.1forge.jar
[20Aug2025 20:19:41.947] [main/DEBUG] [net.minecraftforge.fml.loading.moddiscovery.ModFileInfo/LOADING]: Found valid mod file mcw-doors-1.1.2-mc1.20.1forge.jar with {mcwdoors} mods - versions {1.1.2}
[20Aug2025 20:19:41.948] [main/DEBUG] [net.minecraftforge.fml.loading.moddiscovery.ModFileParser/LOADING]: Considering mod file candidate /workspaces/Los-Parceritos/servidor_minecraft/mods/mcw-lights-1.1.2-mc1.20.1forge.jar
[20Aug2025 20:19:41.948] [main/DEBUG] [net.minecraftforge.fml.loading.moddiscovery.ModFileInfo/LOADING]: Found valid mod file mcw-lights-1.1.2-mc1.20.1forge.jar with {mcwlights} mods - versions {1.1.2}
[20Aug2025 20:19:41.950] [main/DEBUG] [net.minecraftforge.fml.loading.moddiscovery.ModFileParser/LOADING]: Considering mod file candidate /workspaces/Los-Parceritos/servidor_minecraft/mods/minecraft-comes-alive-7.5.14+1.20.1-universal.jar
[20Aug2025 20:19:41.951] [main/DEBUG] [net.minecraftforge.fml.loading.moddiscovery.ModFileInfo/LOADING]: Found valid mod file minecraft-comes-alive-7.5.14+1.20.1-universal.jar with {mca} mods - versions {7.5.14+1.20.1}
[20Aug2025 20:19:41.951] [main/DEBUG] [net.minecraftforge.fml.loading.moddiscovery.ModFileParser/LOADING]: Considering mod file candidate /workspaces/Los-Parceritos/servidor_minecraft/mods/MineTraps-1.20.2-(v.2.3.0a).jar
[20Aug2025 20:19:41.952] [main/DEBUG] [net.minecraftforge.fml.loading.moddiscovery.ModFileInfo/LOADING]: Found valid mod file MineTraps-1.20.2-(v.2.3.0a).jar with {minetraps} mods - versions {2.3.0a}
[20Aug2025 20:19:41.953] [main/DEBUG] [net.minecraftforge.fml.loading.moddiscovery.ModFileParser/LOADING]: Considering mod file candidate /workspaces/Los-Parceritos/servidor_minecraft/mods/notenoughanimations-forge-1.10.1-mc1.20.1.jar
[20Aug2025 20:19:41.953] [main/DEBUG] [net.minecraftforge.fml.loading.moddiscovery.ModFileInfo/LOADING]: Found valid mod file notenoughanimations-forge-1.10.1-mc1.20.1.jar with {notenoughanimations} mods - versions {1.10.1}
[20Aug2025 20:19:41.955] [main/DEBUG] [net.minecraftforge.fml.loading.moddiscovery.ModFileParser/LOADING]: Considering mod file candidate /workspaces/Los-Parceritos/servidor_minecraft/mods/OverflowingBars-v8.0.1-1.20.1-Forge.jar
[20Aug2025 20:19:41.956] [main/DEBUG] [net.minecraftforge.fml.loading.moddiscovery.ModFileInfo/LOADING]: Found valid mod file OverflowingBars-v8.0.1-1.20.1-Forge.jar with {overflowingbars} mods - versions {8.0.1}
[20Aug2025 20:19:41.956] [main/DEBUG] [net.minecraftforge.fml.loading.moddiscovery.ModFileParser/LOADING]: Considering mod file candidate /workspaces/Los-Parceritos/servidor_minecraft/mods/Paraglider-1.20.1-1.9.0.0.jar
[20Aug2025 20:19:41.957] [main/DEBUG] [net.minecraftforge.fml.loading.moddiscovery.ModFileInfo/LOADING]: Found valid mod file Paraglider-1.20.1-1.9.0.0.jar with {paraglider} mods - versions {1.9.0.0}
[20Aug2025 20:19:41.958] [main/DEBUG] [net.minecraftforge.fml.loading.moddiscovery.ModFileParser/LOADING]: Considering mod file candidate /workspaces/Los-Parceritos/servidor_minecraft/mods/PickUpNotifier-v8.0.0-1.20.1-Forge.jar
[20Aug2025 20:19:41.959] [main/DEBUG] [net.minecraftforge.fml.loading.moddiscovery.ModFileInfo/LOADING]: Found valid mod file PickUpNotifier-v8.0.0-1.20.1-Forge.jar with {pickupnotifier} mods - versions {8.0.0}
[20Aug2025 20:19:41.959] [main/DEBUG] [net.minecraftforge.fml.loading.moddiscovery.ModFileParser/LOADING]: Considering mod file candidate /workspaces/Los-Parceritos/servidor_minecraft/mods/Placebo-1.20.1-8.6.2.jar
[20Aug2025 20:19:41.960] [main/DEBUG] [net.minecraftforge.fml.loading.moddiscovery.ModFileInfo/LOADING]: Found valid mod file Placebo-1.20.1-8.6.2.jar with {placebo} mods - versions {8.6.2}
[20Aug2025 20:19:41.960] [main/DEBUG] [net.minecraftforge.fml.loading.moddiscovery.ModFileParser/LOADING]: Considering mod file candidate /workspaces/Los-Parceritos/servidor_minecraft/mods/PlayerRevive_FORGE_v2.0.31_mc1.20.1.jar
[20Aug2025 20:19:41.961] [main/DEBUG] [net.minecraftforge.fml.loading.moddiscovery.ModFileInfo/LOADING]: Found valid mod file PlayerRevive_FORGE_v2.0.31_mc1.20.1.jar with {playerrevive} mods - versions {2.0.31}
[20Aug2025 20:19:41.961] [main/DEBUG] [net.minecraftforge.fml.loading.moddiscovery.ModFileParser/LOADING]: Considering mod file candidate /workspaces/Los-Parceritos/servidor_minecraft/mods/Prism-1.20.1-forge-1.0.3.jar
[20Aug2025 20:19:41.962] [main/DEBUG] [net.minecraftforge.fml.loading.moddiscovery.ModFileInfo/LOADING]: Found valid mod file Prism-1.20.1-forge-1.0.3.jar with {prism} mods - versions {1.0.3}
[20Aug2025 20:19:41.966] [main/DEBUG] [net.minecraftforge.fml.loading.moddiscovery.ModFileParser/LOADING]: Considering mod file candidate /workspaces/Los-Parceritos/servidor_minecraft/mods/PuzzlesLib-v8.0.0-1.20.1-Forge.jar
[20Aug2025 20:19:41.967] [main/DEBUG] [net.minecraftforge.fml.loading.moddiscovery.ModFileInfo/LOADING]: Found valid mod file PuzzlesLib-v8.0.0-1.20.1-Forge.jar with {puzzleslib} mods - versions {8.0.0}
[20Aug2025 20:19:41.971] [main/DEBUG] [net.minecraftforge.fml.loading.moddiscovery.ModFileParser/LOADING]: Considering mod file candidate /workspaces/Los-Parceritos/servidor_minecraft/mods/PuzzlesLib-v8.0.24-1.20.1-Forge.jar
[20Aug2025 20:19:41.972] [main/DEBUG] [net.minecraftforge.fml.loading.moddiscovery.ModFileInfo/LOADING]: Found valid mod file PuzzlesLib-v8.0.24-1.20.1-Forge.jar with {puzzleslib} mods - versions {8.0.24}
[20Aug2025 20:19:41.999] [main/DEBUG] [net.minecraftforge.fml.loading.moddiscovery.ModFileParser/LOADING]: Considering mod file candidate /workspaces/Los-Parceritos/servidor_minecraft/mods/refurbished_furniture-forge-1.20.1-1.0.12.jar
[20Aug2025 20:19:42.000] [main/DEBUG] [net.minecraftforge.fml.loading.moddiscovery.ModFileInfo/LOADING]: Found valid mod file refurbished_furniture-forge-1.20.1-1.0.12.jar with {refurbished_furniture} mods - versions {1.0.12}
[20Aug2025 20:19:42.000] [main/DEBUG] [net.minecraftforge.fml.loading.moddiscovery.ModFileParser/LOADING]: Considering mod file candidate /workspaces/Los-Parceritos/servidor_minecraft/mods/resourcefulconfig-forge-1.20.1-2.1.1.jar
[20Aug2025 20:19:42.001] [main/DEBUG] [net.minecraftforge.fml.loading.moddiscovery.ModFileInfo/LOADING]: Found valid mod file resourcefulconfig-forge-1.20.1-2.1.1.jar with {resourcefulconfig} mods - versions {2.1.1}
[20Aug2025 20:19:42.001] [main/DEBUG] [net.minecraftforge.fml.loading.moddiscovery.ModFileParser/LOADING]: Considering mod file candidate /workspaces/Los-Parceritos/servidor_minecraft/mods/serversleep-mod.jar
[20Aug2025 20:19:42.002] [main/DEBUG] [net.minecraftforge.fml.loading.moddiscovery.ModFileInfo/LOADING]: Found valid mod file serversleep-mod.jar with {mr_serversleep} mods - versions {1-datapack}
[20Aug2025 20:19:42.002] [main/DEBUG] [net.minecraftforge.fml.loading.moddiscovery.ModFileParser/LOADING]: Considering mod file candidate /workspaces/Los-Parceritos/servidor_minecraft/mods/ShieldExpansion-1.20.1-1.1.7.jar
[20Aug2025 20:19:42.003] [main/DEBUG] [net.minecraftforge.fml.loading.moddiscovery.ModFileInfo/LOADING]: Found valid mod file ShieldExpansion-1.20.1-1.1.7.jar with {shieldexp} mods - versions {1.1.7}
[20Aug2025 20:19:42.003] [main/DEBUG] [net.minecraftforge.fml.loading.moddiscovery.ModFileParser/LOADING]: Considering mod file candidate /workspaces/Los-Parceritos/servidor_minecraft/mods/skinlayers3d-forge-1.8.1-mc1.20.1.jar
[20Aug2025 20:19:42.004] [main/DEBUG] [net.minecraftforge.fml.loading.moddiscovery.ModFileInfo/LOADING]: Found valid mod file skinlayers3d-forge-1.8.1-mc1.20.1.jar with {skinlayers3d} mods - versions {1.8.1}
[20Aug2025 20:19:42.004] [main/DEBUG] [net.minecraftforge.fml.loading.moddiscovery.ModFileParser/LOADING]: Considering mod file candidate /workspaces/Los-Parceritos/servidor_minecraft/mods/sons-of-sins-1.20.1-2.1.4b.jar
[20Aug2025 20:19:42.005] [main/DEBUG] [net.minecraftforge.fml.loading.moddiscovery.ModFileInfo/LOADING]: Found valid mod file sons-of-sins-1.20.1-2.1.4b.jar with {sons_of_sins} mods - versions {2.1.4.}
[20Aug2025 20:19:42.006] [main/DEBUG] [net.minecraftforge.fml.loading.moddiscovery.ModFileParser/LOADING]: Considering mod file candidate /workspaces/Los-Parceritos/servidor_minecraft/mods/sophisticatedbackpacks-1.20.1-3.20.5.1044.jar
[20Aug2025 20:19:42.006] [main/DEBUG] [net.minecraftforge.fml.loading.moddiscovery.ModFileInfo/LOADING]: Found valid mod file sophisticatedbackpacks-1.20.1-3.20.5.1044.jar with {sophisticatedbackpacks} mods - versions {3.20.5.1044}
[20Aug2025 20:19:42.007] [main/DEBUG] [net.minecraftforge.fml.loading.moddiscovery.ModFileParser/LOADING]: Considering mod file candidate /workspaces/Los-Parceritos/servidor_minecraft/mods/sophisticatedcore-1.20.1-0.6.17.595.jar
[20Aug2025 20:19:42.008] [main/DEBUG] [net.minecraftforge.fml.loading.moddiscovery.ModFileInfo/LOADING]: Found valid mod file sophisticatedcore-1.20.1-0.6.17.595.jar with {sophisticatedcore} mods - versions {0.6.17.595}
[20Aug2025 20:19:42.008] [main/DEBUG] [net.minecraftforge.fml.loading.moddiscovery.ModFileParser/LOADING]: Considering mod file candidate /workspaces/Los-Parceritos/servidor_minecraft/mods/stackrefill-1.20.1-4.4.jar
[20Aug2025 20:19:42.008] [main/DEBUG] [net.minecraftforge.fml.loading.moddiscovery.ModFileInfo/LOADING]: Found valid mod file stackrefill-1.20.1-4.4.jar with {stackrefill} mods - versions {4.4}
[20Aug2025 20:19:42.009] [main/DEBUG] [net.minecraftforge.fml.loading.moddiscovery.ModFileParser/LOADING]: Considering mod file candidate /workspaces/Los-Parceritos/servidor_minecraft/mods/Structory_1.20.x_v1.3.5.jar
[20Aug2025 20:19:42.009] [main/DEBUG] [net.minecraftforge.fml.loading.moddiscovery.ModFileInfo/LOADING]: Found valid mod file Structory_1.20.x_v1.3.5.jar with {structory} mods - versions {1.3.5}
[20Aug2025 20:19:42.010] [main/DEBUG] [net.minecraftforge.fml.loading.moddiscovery.ModFileParser/LOADING]: Considering mod file candidate /workspaces/Los-Parceritos/servidor_minecraft/mods/SubtleEffects-forge-1.20.1-1.10.0.jar
[20Aug2025 20:19:42.011] [main/DEBUG] [net.minecraftforge.fml.loading.moddiscovery.ModFileInfo/LOADING]: Found valid mod file SubtleEffects-forge-1.20.1-1.10.0.jar with {subtle_effects} mods - versions {1.10.0}
[20Aug2025 20:19:42.012] [main/DEBUG] [net.minecraftforge.fml.loading.moddiscovery.ModFileParser/LOADING]: Considering mod file candidate /workspaces/Los-Parceritos/servidor_minecraft/mods/supermartijn642corelib-1.1.0-forge-mc1.17.jar
[20Aug2025 20:19:42.013] [main/DEBUG] [net.minecraftforge.fml.loading.moddiscovery.ModFileInfo/LOADING]: Found valid mod file supermartijn642corelib-1.1.0-forge-mc1.17.jar with {supermartijn642corelib} mods - versions {1.1.0}
[20Aug2025 20:19:42.013] [main/DEBUG] [net.minecraftforge.fml.loading.moddiscovery.ModFileParser/LOADING]: Considering mod file candidate /workspaces/Los-Parceritos/servidor_minecraft/mods/supermartijn642corelib-1.1.18-forge-mc1.20.1.jar
[20Aug2025 20:19:42.014] [main/DEBUG] [net.minecraftforge.fml.loading.moddiscovery.ModFileInfo/LOADING]: Found valid mod file supermartijn642corelib-1.1.18-forge-mc1.20.1.jar with {supermartijn642corelib} mods - versions {1.1.18}
[20Aug2025 20:19:42.014] [main/DEBUG] [net.minecraftforge.fml.loading.moddiscovery.ModFileParser/LOADING]: Considering mod file candidate /workspaces/Los-Parceritos/servidor_minecraft/mods/TerraBlender-forge-1.20.1-3.0.1.7.jar
[20Aug2025 20:19:42.015] [main/DEBUG] [net.minecraftforge.fml.loading.moddiscovery.ModFileInfo/LOADING]: Found valid mod file TerraBlender-forge-1.20.1-3.0.1.7.jar with {terrablender} mods - versions {3.0.1.7}
[20Aug2025 20:19:42.017] [main/DEBUG] [net.minecraftforge.fml.loading.moddiscovery.ModFileParser/LOADING]: Considering mod file candidate /workspaces/Los-Parceritos/servidor_minecraft/mods/Tips-Forge-1.20.1-12.0.4.jar
[20Aug2025 20:19:42.017] [main/DEBUG] [net.minecraftforge.fml.loading.moddiscovery.ModFileInfo/LOADING]: Found valid mod file Tips-Forge-1.20.1-12.0.4.jar with {tipsmod} mods - versions {12.0.4}
[20Aug2025 20:19:42.020] [main/DEBUG] [net.minecraftforge.fml.loading.moddiscovery.ModFileParser/LOADING]: Considering mod file candidate /workspaces/Los-Parceritos/servidor_minecraft/mods/tl_skin_cape_forge_1.20_1.20.1-1.32.jar
[20Aug2025 20:19:42.021] [main/DEBUG] [net.minecraftforge.fml.loading.moddiscovery.ModFileInfo/LOADING]: Found valid mod file tl_skin_cape_forge_1.20_1.20.1-1.32.jar with {tlskincape} mods - versions {1.32}
[20Aug2025 20:19:42.021] [main/DEBUG] [net.minecraftforge.fml.loading.moddiscovery.ModFileParser/LOADING]: Considering mod file candidate /workspaces/Los-Parceritos/servidor_minecraft/mods/tombstone-1.20.1-9.0.2.jar
[20Aug2025 20:19:42.022] [main/DEBUG] [net.minecraftforge.fml.loading.moddiscovery.ModFileInfo/LOADING]: Found valid mod file tombstone-1.20.1-9.0.2.jar with {tombstone} mods - versions {9.0.2}
[20Aug2025 20:19:42.023] [main/DEBUG] [net.minecraftforge.fml.loading.moddiscovery.ModFileParser/LOADING]: Considering mod file candidate /workspaces/Los-Parceritos/servidor_minecraft/mods/Towns-and-Towers-1.12-Fabric+Forge.jar
[20Aug2025 20:19:42.024] [main/DEBUG] [net.minecraftforge.fml.loading.moddiscovery.ModFileInfo/LOADING]: Found valid mod file Towns-and-Towers-1.12-Fabric+Forge.jar with {t_and_t} mods - versions {0.0NONE}
[20Aug2025 20:19:42.024] [main/DEBUG] [net.minecraftforge.fml.loading.moddiscovery.ModFileParser/LOADING]: Considering mod file candidate /workspaces/Los-Parceritos/servidor_minecraft/mods/useless-sword-furtos-edition-1.20.1-1.0.1.jar
[20Aug2025 20:19:42.025] [main/DEBUG] [net.minecraftforge.fml.loading.moddiscovery.ModFileInfo/LOADING]: Found valid mod file useless-sword-furtos-edition-1.20.1-1.0.1.jar with {useless_sword} mods - versions {1.0.1}
[20Aug2025 20:19:42.025] [main/DEBUG] [net.minecraftforge.fml.loading.moddiscovery.ModFileParser/LOADING]: Considering mod file candidate /workspaces/Los-Parceritos/servidor_minecraft/mods/waystones-forge-1.20.1-14.1.13.jar
[20Aug2025 20:19:42.026] [main/DEBUG] [net.minecraftforge.fml.loading.moddiscovery.ModFileInfo/LOADING]: Found valid mod file waystones-forge-1.20.1-14.1.13.jar with {waystones} mods - versions {14.1.13}
[20Aug2025 20:19:42.026] [main/DEBUG] [net.minecraftforge.fml.loading.moddiscovery.ModFileParser/LOADING]: Considering mod file candidate /workspaces/Los-Parceritos/servidor_minecraft/mods/YungsApi-1.20-Forge-4.0.1.jar
[20Aug2025 20:19:42.027] [main/DEBUG] [net.minecraftforge.fml.loading.moddiscovery.ModFileInfo/LOADING]: Found valid mod file YungsApi-1.20-Forge-4.0.1.jar with {yungsapi} mods - versions {1.20-Forge-4.0.1}
[20Aug2025 20:19:42.027] [main/DEBUG] [net.minecraftforge.fml.loading.moddiscovery.ModFileParser/LOADING]: Considering mod file candidate /workspaces/Los-Parceritos/servidor_minecraft/mods/YungsBetterEndIsland-1.20-Forge-2.0.6.jar
[20Aug2025 20:19:42.027] [main/DEBUG] [net.minecraftforge.fml.loading.moddiscovery.ModFileInfo/LOADING]: Found valid mod file YungsBetterEndIsland-1.20-Forge-2.0.6.jar with {betterendisland} mods - versions {1.20-Forge-2.0.6}
[20Aug2025 20:19:42.028] [main/DEBUG] [net.minecraftforge.fml.loading.moddiscovery.ModFileParser/LOADING]: Considering mod file candidate /workspaces/Los-Parceritos/servidor_minecraft/mods/YungsBetterNetherFortresses-1.20-Forge-2.0.6.jar
[20Aug2025 20:19:42.028] [main/DEBUG] [net.minecraftforge.fml.loading.moddiscovery.ModFileInfo/LOADING]: Found valid mod file YungsBetterNetherFortresses-1.20-Forge-2.0.6.jar with {betterfortresses} mods - versions {1.20-Forge-2.0.6}
[20Aug2025 20:19:42.029] [main/DEBUG] [net.minecraftforge.fml.loading.moddiscovery.ModFileParser/LOADING]: Considering mod file candidate /workspaces/Los-Parceritos/servidor_minecraft/mods/YungsBetterStrongholds-1.20-Forge-4.0.3.jar
[20Aug2025 20:19:42.029] [main/DEBUG] [net.minecraftforge.fml.loading.moddiscovery.ModFileInfo/LOADING]: Found valid mod file YungsBetterStrongholds-1.20-Forge-4.0.3.jar with {betterstrongholds} mods - versions {1.20-Forge-4.0.3}
[20Aug2025 20:19:42.030] [main/DEBUG] [net.minecraftforge.fml.loading.moddiscovery.ModFileParser/LOADING]: Considering mod file candidate /workspaces/Los-Parceritos/servidor_minecraft/mods/YungsBridges-1.20-Forge-4.0.3.jar
[20Aug2025 20:19:42.030] [main/DEBUG] [net.minecraftforge.fml.loading.moddiscovery.ModFileInfo/LOADING]: Found valid mod file YungsBridges-1.20-Forge-4.0.3.jar with {yungsbridges} mods - versions {1.20-Forge-4.0.3}
[20Aug2025 20:19:42.137] [main/DEBUG] [net.minecraftforge.fml.loading.moddiscovery.ModFileInfo/LOADING]: Found valid mod file server-1.20.1-20230612.114412-srg.jar with {minecraft} mods - versions {1.20.1}
[20Aug2025 20:19:42.139] [main/DEBUG] [net.minecraftforge.fml.loading.moddiscovery.ModFileParser/LOADING]: Considering mod file candidate /workspaces/Los-Parceritos/servidor_minecraft/libraries/net/minecraftforge/fmlcore/1.20.1-47.3.7/fmlcore-1.20.1-47.3.7.jar
[20Aug2025 20:19:42.139] [main/WARN] [net.minecraftforge.fml.loading.moddiscovery.ModFileParser/LOADING]: Mod file /workspaces/Los-Parceritos/servidor_minecraft/libraries/net/minecraftforge/fmlcore/1.20.1-47.3.7/fmlcore-1.20.1-47.3.7.jar is missing mods.toml file
[20Aug2025 20:19:42.141] [main/DEBUG] [net.minecraftforge.fml.loading.moddiscovery.ModFileParser/LOADING]: Considering mod file candidate /workspaces/Los-Parceritos/servidor_minecraft/libraries/net/minecraftforge/javafmllanguage/1.20.1-47.3.7/javafmllanguage-1.20.1-47.3.7.jar
[20Aug2025 20:19:42.141] [main/WARN] [net.minecraftforge.fml.loading.moddiscovery.ModFileParser/LOADING]: Mod file /workspaces/Los-Parceritos/servidor_minecraft/libraries/net/minecraftforge/javafmllanguage/1.20.1-47.3.7/javafmllanguage-1.20.1-47.3.7.jar is missing mods.toml file
[20Aug2025 20:19:42.142] [main/DEBUG] [net.minecraftforge.fml.loading.moddiscovery.ModFileParser/LOADING]: Considering mod file candidate /workspaces/Los-Parceritos/servidor_minecraft/libraries/net/minecraftforge/lowcodelanguage/1.20.1-47.3.7/lowcodelanguage-1.20.1-47.3.7.jar
[20Aug2025 20:19:42.142] [main/WARN] [net.minecraftforge.fml.loading.moddiscovery.ModFileParser/LOADING]: Mod file /workspaces/Los-Parceritos/servidor_minecraft/libraries/net/minecraftforge/lowcodelanguage/1.20.1-47.3.7/lowcodelanguage-1.20.1-47.3.7.jar is missing mods.toml file
[20Aug2025 20:19:42.143] [main/DEBUG] [net.minecraftforge.fml.loading.moddiscovery.ModFileParser/LOADING]: Considering mod file candidate /workspaces/Los-Parceritos/servidor_minecraft/libraries/net/minecraftforge/mclanguage/1.20.1-47.3.7/mclanguage-1.20.1-47.3.7.jar
[20Aug2025 20:19:42.143] [main/WARN] [net.minecraftforge.fml.loading.moddiscovery.ModFileParser/LOADING]: Mod file /workspaces/Los-Parceritos/servidor_minecraft/libraries/net/minecraftforge/mclanguage/1.20.1-47.3.7/mclanguage-1.20.1-47.3.7.jar is missing mods.toml file
[20Aug2025 20:19:42.170] [main/DEBUG] [net.minecraftforge.fml.loading.moddiscovery.ModFileParser/LOADING]: Considering mod file candidate /workspaces/Los-Parceritos/servidor_minecraft/libraries/net/minecraftforge/forge/1.20.1-47.3.7/forge-1.20.1-47.3.7-universal.jar
[20Aug2025 20:19:42.171] [main/DEBUG] [net.minecraftforge.fml.loading.moddiscovery.ModFileInfo/LOADING]: Found valid mod file forge-1.20.1-47.3.7-universal.jar with {forge} mods - versions {47.3.7}
[20Aug2025 20:19:42.177] [main/DEBUG] [net.minecraftforge.fml.loading.UniqueModListBuilder/]: Found 2 mods for first modid supermartijn642corelib, selecting most recent based on version data
[20Aug2025 20:19:42.179] [main/DEBUG] [net.minecraftforge.fml.loading.UniqueModListBuilder/]: Selected file supermartijn642corelib-1.1.18-forge-mc1.20.1.jar for modid supermartijn642corelib with version 1.1.18
[20Aug2025 20:19:42.179] [main/DEBUG] [net.minecraftforge.fml.loading.UniqueModListBuilder/]: Found 2 mods for first modid puzzleslib, selecting most recent based on version data
[20Aug2025 20:19:42.179] [main/DEBUG] [net.minecraftforge.fml.loading.UniqueModListBuilder/]: Selected file PuzzlesLib-v8.0.24-1.20.1-Forge.jar for modid puzzleslib with version 8.0.24
[20Aug2025 20:19:42.185] [main/DEBUG] [net.minecraftforge.fml.loading.moddiscovery.AbstractJarFileDependencyLocator/]: Failed to load resource META-INF/jarjar/metadata.json from alexsmobs-1.22.9.jar, it does not contain dependency information.
[20Aug2025 20:19:42.185] [main/DEBUG] [net.minecraftforge.fml.loading.moddiscovery.AbstractJarFileDependencyLocator/]: Failed to load resource META-INF/jarjar/metadata.json from botarium-forge-1.20.1-2.2.0.jar, it does not contain dependency information.
[20Aug2025 20:19:42.186] [main/DEBUG] [net.minecraftforge.fml.loading.moddiscovery.AbstractJarFileDependencyLocator/]: Failed to load resource META-INF/jarjar/metadata.json from HammerLib-1.20.1-20.1.32.jar, it does not contain dependency information.
[20Aug2025 20:19:42.186] [main/DEBUG] [net.minecraftforge.fml.loading.moddiscovery.AbstractJarFileDependencyLocator/]: Failed to load resource META-INF/jarjar/metadata.json from Tips-Forge-1.20.1-12.0.4.jar, it does not contain dependency information.
[20Aug2025 20:19:42.186] [main/DEBUG] [net.minecraftforge.fml.loading.moddiscovery.AbstractJarFileDependencyLocator/]: Failed to load resource META-INF/jarjar/metadata.json from sophisticatedcore-1.20.1-0.6.17.595.jar, it does not contain dependency information.
[20Aug2025 20:19:42.186] [main/DEBUG] [net.minecraftforge.fml.loading.moddiscovery.AbstractJarFileDependencyLocator/]: Failed to load resource META-INF/jarjar/metadata.json from Prism-1.20.1-forge-1.0.3.jar, it does not contain dependency information.
[20Aug2025 20:19:42.186] [main/DEBUG] [net.minecraftforge.fml.loading.moddiscovery.AbstractJarFileDependencyLocator/]: Failed to load resource META-INF/jarjar/metadata.json from Placebo-1.20.1-8.6.2.jar, it does not contain dependency information.
[20Aug2025 20:19:42.186] [main/DEBUG] [net.minecraftforge.fml.loading.moddiscovery.AbstractJarFileDependencyLocator/]: Failed to load resource META-INF/jarjar/metadata.json from citadel-2.6.0-1.20.1.jar, it does not contain dependency information.
[20Aug2025 20:19:42.186] [main/DEBUG] [net.minecraftforge.fml.loading.moddiscovery.AbstractJarFileDependencyLocator/]: Failed to load resource META-INF/jarjar/metadata.json from YungsApi-1.20-Forge-4.0.1.jar, it does not contain dependency information.
[20Aug2025 20:19:42.187] [main/DEBUG] [net.minecraftforge.fml.loading.moddiscovery.AbstractJarFileDependencyLocator/]: Failed to load resource META-INF/jarjar/metadata.json from Bookshelf-Forge-1.20.1-20.2.13.jar, it does not contain dependency information.
[20Aug2025 20:19:42.187] [main/DEBUG] [net.minecraftforge.fml.loading.moddiscovery.AbstractJarFileDependencyLocator/]: Failed to load resource META-INF/jarjar/metadata.json from sophisticatedbackpacks-1.20.1-3.20.5.1044.jar, it does not contain dependency information.
[20Aug2025 20:19:42.187] [main/DEBUG] [net.minecraftforge.fml.loading.moddiscovery.AbstractJarFileDependencyLocator/]: Failed to load resource META-INF/jarjar/metadata.json from mcw-doors-1.1.2-mc1.20.1forge.jar, it does not contain dependency information.
[20Aug2025 20:19:42.187] [main/DEBUG] [net.minecraftforge.fml.loading.moddiscovery.AbstractJarFileDependencyLocator/]: Failed to load resource META-INF/jarjar/metadata.json from MineTraps-1.20.2-(v.2.3.0a).jar, it does not contain dependency information.
[20Aug2025 20:19:42.187] [main/DEBUG] [net.minecraftforge.fml.loading.moddiscovery.AbstractJarFileDependencyLocator/]: Failed to load resource META-INF/jarjar/metadata.json from ShieldExpansion-1.20.1-1.1.7.jar, it does not contain dependency information.
[20Aug2025 20:19:42.188] [main/DEBUG] [net.minecraftforge.fml.loading.moddiscovery.AbstractJarFileDependencyLocator/]: Failed to load resource META-INF/jarjar/metadata.json from YungsBetterNetherFortresses-1.20-Forge-2.0.6.jar, it does not contain dependency information.
[20Aug2025 20:19:42.188] [main/DEBUG] [net.minecraftforge.fml.loading.moddiscovery.AbstractJarFileDependencyLocator/]: Failed to load resource META-INF/jarjar/metadata.json from Paraglider-1.20.1-1.9.0.0.jar, it does not contain dependency information.
[20Aug2025 20:19:42.188] [main/DEBUG] [net.minecraftforge.fml.loading.moddiscovery.AbstractJarFileDependencyLocator/]: Failed to load resource META-INF/jarjar/metadata.json from cloth-config-11.0.99-forge.jar, it does not contain dependency information.
[20Aug2025 20:19:42.188] [main/DEBUG] [net.minecraftforge.fml.loading.moddiscovery.AbstractJarFileDependencyLocator/]: Failed to load resource META-INF/jarjar/metadata.json from stackrefill-1.20.1-4.4.jar, it does not contain dependency information.
[20Aug2025 20:19:42.188] [main/DEBUG] [net.minecraftforge.fml.loading.moddiscovery.AbstractJarFileDependencyLocator/]: Failed to load resource META-INF/jarjar/metadata.json from [forge]ctov-3.4.14.jar, it does not contain dependency information.
[20Aug2025 20:19:42.188] [main/DEBUG] [net.minecraftforge.fml.loading.moddiscovery.AbstractJarFileDependencyLocator/]: Failed to load resource META-INF/jarjar/metadata.json from konkrete_forge_1.8.0_MC_1.20-1.20.1.jar, it does not contain dependency information.
[20Aug2025 20:19:42.189] [main/DEBUG] [net.minecraftforge.fml.loading.moddiscovery.AbstractJarFileDependencyLocator/]: Failed to load resource META-INF/jarjar/metadata.json from AdvancementPlaques-1.20.1-forge-1.6.7.jar, it does not contain dependency information.
[20Aug2025 20:19:42.189] [main/DEBUG] [net.minecraftforge.fml.loading.moddiscovery.AbstractJarFileDependencyLocator/]: Failed to load resource META-INF/jarjar/metadata.json from BetterPingDisplay-1.20.1-1.1.jar, it does not contain dependency information.
[20Aug2025 20:19:42.189] [main/DEBUG] [net.minecraftforge.fml.loading.moddiscovery.AbstractJarFileDependencyLocator/]: Failed to load resource META-INF/jarjar/metadata.json from mcw-bridges-3.1.0-mc1.20.1forge.jar, it does not contain dependency information.
[20Aug2025 20:19:42.189] [main/DEBUG] [net.minecraftforge.fml.loading.moddiscovery.AbstractJarFileDependencyLocator/]: Failed to load resource META-INF/jarjar/metadata.json from serversleep-mod.jar, it does not contain dependency information.
[20Aug2025 20:19:42.189] [main/DEBUG] [net.minecraftforge.fml.loading.moddiscovery.AbstractJarFileDependencyLocator/]: Failed to load resource META-INF/jarjar/metadata.json from Explorify v1.6.2 f10-48.jar, it does not contain dependency information.
[20Aug2025 20:19:42.189] [main/DEBUG] [net.minecraftforge.fml.loading.moddiscovery.AbstractJarFileDependencyLocator/]: Failed to load resource META-INF/jarjar/metadata.json from supermartijn642corelib-1.1.18-forge-mc1.20.1.jar, it does not contain dependency information.
[20Aug2025 20:19:42.189] [main/DEBUG] [net.minecraftforge.fml.loading.moddiscovery.AbstractJarFileDependencyLocator/]: Failed to load resource META-INF/jarjar/metadata.json from YungsBridges-1.20-Forge-4.0.3.jar, it does not contain dependency information.
[20Aug2025 20:19:42.190] [main/DEBUG] [net.minecraftforge.fml.loading.moddiscovery.AbstractJarFileDependencyLocator/]: Failed to load resource META-INF/jarjar/metadata.json from resourcefulconfig-forge-1.20.1-2.1.1.jar, it does not contain dependency information.
[20Aug2025 20:19:42.190] [main/DEBUG] [net.minecraftforge.fml.loading.moddiscovery.AbstractJarFileDependencyLocator/]: Failed to load resource META-INF/jarjar/metadata.json from lionfishapi-2.4-Fix.jar, it does not contain dependency information.
[20Aug2025 20:19:42.190] [main/DEBUG] [net.minecraftforge.fml.loading.moddiscovery.AbstractJarFileDependencyLocator/]: Failed to load resource META-INF/jarjar/metadata.json from Highlighter-1.20.1-forge-1.1.9.jar, it does not contain dependency information.
[20Aug2025 20:19:42.190] [main/DEBUG] [net.minecraftforge.fml.loading.moddiscovery.AbstractJarFileDependencyLocator/]: Failed to load resource META-INF/jarjar/metadata.json from ImprovableSkills-1.20.1-20.1.11.jar, it does not contain dependency information.
[20Aug2025 20:19:42.190] [main/DEBUG] [net.minecraftforge.fml.loading.moddiscovery.AbstractJarFileDependencyLocator/]: Failed to load resource META-INF/jarjar/metadata.json from curios-forge-5.8.1+1.20.1.jar, it does not contain dependency information.
[20Aug2025 20:19:42.190] [main/DEBUG] [net.minecraftforge.fml.loading.moddiscovery.AbstractJarFileDependencyLocator/]: Failed to load resource META-INF/jarjar/metadata.json from collective-1.20.1-7.91.jar, it does not contain dependency information.
[20Aug2025 20:19:42.190] [main/DEBUG] [net.minecraftforge.fml.loading.moddiscovery.AbstractJarFileDependencyLocator/]: Failed to load resource META-INF/jarjar/metadata.json from camera-forge-1.20.1-1.0.19.jar, it does not contain dependency information.
[20Aug2025 20:19:42.190] [main/DEBUG] [net.minecraftforge.fml.loading.moddiscovery.AbstractJarFileDependencyLocator/]: Failed to load resource META-INF/jarjar/metadata.json from dungeons-and-taverns-3.0.3.f[Forge].jar, it does not contain dependency information.
[20Aug2025 20:19:42.191] [main/DEBUG] [net.minecraftforge.fml.loading.moddiscovery.AbstractJarFileDependencyLocator/]: Failed to load resource META-INF/jarjar/metadata.json from Gobber2-Forge-1.20.1-2.8.9.jar, it does not contain dependency information.
[20Aug2025 20:19:42.191] [main/DEBUG] [net.minecraftforge.fml.loading.moddiscovery.AbstractJarFileDependencyLocator/]: Failed to load resource META-INF/jarjar/metadata.json from YungsBetterStrongholds-1.20-Forge-4.0.3.jar, it does not contain dependency information.
[20Aug2025 20:19:42.191] [main/DEBUG] [net.minecraftforge.fml.loading.moddiscovery.AbstractJarFileDependencyLocator/]: Failed to load resource META-INF/jarjar/metadata.json from tombstone-1.20.1-9.0.2.jar, it does not contain dependency information.
[20Aug2025 20:19:42.191] [main/DEBUG] [net.minecraftforge.fml.loading.moddiscovery.AbstractJarFileDependencyLocator/]: Failed to load resource META-INF/jarjar/metadata.json from architectury-9.1.10-forge.jar, it does not contain dependency information.
[20Aug2025 20:19:42.191] [main/DEBUG] [net.minecraftforge.fml.loading.moddiscovery.AbstractJarFileDependencyLocator/]: Failed to load resource META-INF/jarjar/metadata.json from AI-Improvements-1.20-0.5.2.jar, it does not contain dependency information.
[20Aug2025 20:19:42.191] [main/DEBUG] [net.minecraftforge.fml.loading.moddiscovery.AbstractJarFileDependencyLocator/]: Failed to load resource META-INF/jarjar/metadata.json from globalxp-forge-1.20.1-1.11.jar, it does not contain dependency information.
[20Aug2025 20:19:42.191] [main/DEBUG] [net.minecraftforge.fml.loading.moddiscovery.AbstractJarFileDependencyLocator/]: Failed to load resource META-INF/jarjar/metadata.json from cupboard-1.20.1-2.5.jar, it does not contain dependency information.
[20Aug2025 20:19:42.192] [main/DEBUG] [net.minecraftforge.fml.loading.moddiscovery.AbstractJarFileDependencyLocator/]: Failed to load resource META-INF/jarjar/metadata.json from refurbished_furniture-forge-1.20.1-1.0.12.jar, it does not contain dependency information.
[20Aug2025 20:19:42.192] [main/DEBUG] [net.minecraftforge.fml.loading.moddiscovery.AbstractJarFileDependencyLocator/]: Failed to load resource META-INF/jarjar/metadata.json from YungsBetterEndIsland-1.20-Forge-2.0.6.jar, it does not contain dependency information.
[20Aug2025 20:19:42.192] [main/DEBUG] [net.minecraftforge.fml.loading.moddiscovery.AbstractJarFileDependencyLocator/]: Failed to load resource META-INF/jarjar/metadata.json from framework-forge-1.20.1-0.7.12.jar, it does not contain dependency information.
[20Aug2025 20:19:42.192] [main/DEBUG] [net.minecraftforge.fml.loading.moddiscovery.AbstractJarFileDependencyLocator/]: Failed to load resource META-INF/jarjar/metadata.json from Towns-and-Towers-1.12-Fabric+Forge.jar, it does not contain dependency information.
[20Aug2025 20:19:42.192] [main/DEBUG] [net.minecraftforge.fml.loading.moddiscovery.AbstractJarFileDependencyLocator/]: Failed to load resource META-INF/jarjar/metadata.json from PlayerRevive_FORGE_v2.0.31_mc1.20.1.jar, it does not contain dependency information.
[20Aug2025 20:19:42.192] [main/DEBUG] [net.minecraftforge.fml.loading.moddiscovery.AbstractJarFileDependencyLocator/]: Failed to load resource META-INF/jarjar/metadata.json from mcw-lights-1.1.2-mc1.20.1forge.jar, it does not contain dependency information.
[20Aug2025 20:19:42.192] [main/DEBUG] [net.minecraftforge.fml.loading.moddiscovery.AbstractJarFileDependencyLocator/]: Failed to load resource META-INF/jarjar/metadata.json from doubledoors-1.20.1-6.2.jar, it does not contain dependency information.
[20Aug2025 20:19:42.192] [main/DEBUG] [net.minecraftforge.fml.loading.moddiscovery.AbstractJarFileDependencyLocator/]: Failed to load resource META-INF/jarjar/metadata.json from Fastload-Reforged-mc1.20.1-3.4.0.jar, it does not contain dependency information.
[20Aug2025 20:19:42.193] [main/DEBUG] [net.minecraftforge.fml.loading.moddiscovery.AbstractJarFileDependencyLocator/]: Failed to load resource META-INF/jarjar/metadata.json from minecraft-comes-alive-7.5.14+1.20.1-universal.jar, it does not contain dependency information.
[20Aug2025 20:19:42.193] [main/DEBUG] [net.minecraftforge.fml.loading.moddiscovery.AbstractJarFileDependencyLocator/]: Failed to load resource META-INF/jarjar/metadata.json from jei-1.20.1-forge-15.20.0.112.jar, it does not contain dependency information.
[20Aug2025 20:19:42.193] [main/DEBUG] [net.minecraftforge.fml.loading.moddiscovery.AbstractJarFileDependencyLocator/]: Failed to load resource META-INF/jarjar/metadata.json from lithostitched-forge-1.20.1-1.4.jar, it does not contain dependency information.
[20Aug2025 20:19:42.193] [main/DEBUG] [net.minecraftforge.fml.loading.moddiscovery.AbstractJarFileDependencyLocator/]: Failed to load resource META-INF/jarjar/metadata.json from goblintraders-forge-1.20.1-1.9.3.jar, it does not contain dependency information.
[20Aug2025 20:19:42.193] [main/DEBUG] [net.minecraftforge.fml.loading.moddiscovery.AbstractJarFileDependencyLocator/]: Failed to load resource META-INF/jarjar/metadata.json from waystones-forge-1.20.1-14.1.13.jar, it does not contain dependency information.
[20Aug2025 20:19:42.193] [main/DEBUG] [net.minecraftforge.fml.loading.moddiscovery.AbstractJarFileDependencyLocator/]: Failed to load resource META-INF/jarjar/metadata.json from Structory_1.20.x_v1.3.5.jar, it does not contain dependency information.
[20Aug2025 20:19:42.193] [main/DEBUG] [net.minecraftforge.fml.loading.moddiscovery.AbstractJarFileDependencyLocator/]: Failed to load resource META-INF/jarjar/metadata.json from Clumps-forge-1.20.1-12.0.0.4.jar, it does not contain dependency information.
[20Aug2025 20:19:42.193] [main/DEBUG] [net.minecraftforge.fml.loading.moddiscovery.AbstractJarFileDependencyLocator/]: Failed to load resource META-INF/jarjar/metadata.json from journeymap-1.20.1-5.10.3-forge.jar, it does not contain dependency information.
[20Aug2025 20:19:42.194] [main/DEBUG] [net.minecraftforge.fml.loading.moddiscovery.AbstractJarFileDependencyLocator/]: Failed to load resource META-INF/jarjar/metadata.json from lukis-grand-capitals-1.1.1.jar, it does not contain dependency information.
[20Aug2025 20:19:42.194] [main/DEBUG] [net.minecraftforge.fml.loading.moddiscovery.AbstractJarFileDependencyLocator/]: Failed to load resource META-INF/jarjar/metadata.json from GlitchCore-forge-1.20.1-0.0.1.0.jar, it does not contain dependency information.
[20Aug2025 20:19:42.194] [main/DEBUG] [net.minecraftforge.fml.loading.moddiscovery.AbstractJarFileDependencyLocator/]: Failed to load resource META-INF/jarjar/metadata.json from fusion-1.1.0-forge-mc1.20.1.jar, it does not contain dependency information.
[20Aug2025 20:19:42.194] [main/DEBUG] [net.minecraftforge.fml.loading.moddiscovery.AbstractJarFileDependencyLocator/]: Failed to load resource META-INF/jarjar/metadata.json from forge-1.20.1-47.3.7-universal.jar, it does not contain dependency information.
[20Aug2025 20:19:42.194] [main/DEBUG] [net.minecraftforge.fml.loading.moddiscovery.AbstractJarFileDependencyLocator/]: Failed to load resource META-INF/jarjar/metadata.json from tl_skin_cape_forge_1.20_1.20.1-1.32.jar, it does not contain dependency information.
[20Aug2025 20:19:42.194] [main/DEBUG] [net.minecraftforge.fml.loading.moddiscovery.AbstractJarFileDependencyLocator/]: Failed to load resource META-INF/jarjar/metadata.json from infernalmobs-1.20.1.10.jar, it does not contain dependency information.
[20Aug2025 20:19:42.195] [main/DEBUG] [net.minecraftforge.fml.loading.moddiscovery.AbstractJarFileDependencyLocator/]: Failed to load resource META-INF/jarjar/metadata.json from DungeonsArise-1.20.x-2.1.58-release.jar, it does not contain dependency information.
[20Aug2025 20:19:42.195] [main/DEBUG] [net.minecraftforge.fml.loading.moddiscovery.AbstractJarFileDependencyLocator/]: Failed to load resource META-INF/jarjar/metadata.json from useless-sword-furtos-edition-1.20.1-1.0.1.jar, it does not contain dependency information.
[20Aug2025 20:19:42.195] [main/DEBUG] [net.minecraftforge.fml.loading.moddiscovery.AbstractJarFileDependencyLocator/]: Failed to load resource META-INF/jarjar/metadata.json from server-1.20.1-20230612.114412-srg.jar, it does not contain dependency information.
[20Aug2025 20:19:42.195] [main/DEBUG] [net.minecraftforge.fml.loading.moddiscovery.AbstractJarFileDependencyLocator/]: Failed to load resource META-INF/jarjar/metadata.json from sons-of-sins-1.20.1-2.1.4b.jar, it does not contain dependency information.
[20Aug2025 20:19:42.195] [main/DEBUG] [net.minecraftforge.fml.loading.moddiscovery.AbstractJarFileDependencyLocator/]: Failed to load resource META-INF/jarjar/metadata.json from EnchantmentDescriptions-Forge-1.20.1-17.1.18.jar, it does not contain dependency information.
[20Aug2025 20:19:42.195] [main/DEBUG] [net.minecraftforge.fml.loading.moddiscovery.AbstractJarFileDependencyLocator/]: Failed to load resource META-INF/jarjar/metadata.json from TerraBlender-forge-1.20.1-3.0.1.7.jar, it does not contain dependency information.
[20Aug2025 20:19:42.196] [main/DEBUG] [net.minecraftforge.fml.loading.moddiscovery.AbstractJarFileDependencyLocator/]: Failed to load resource META-INF/jarjar/metadata.json from Jade-1.20.1-Forge-11.13.1.jar, it does not contain dependency information.
[20Aug2025 20:19:42.196] [main/DEBUG] [net.minecraftforge.fml.loading.moddiscovery.AbstractJarFileDependencyLocator/]: Failed to load resource META-INF/jarjar/metadata.json from CreativeCore_FORGE_v2.12.32_mc1.20.1.jar, it does not contain dependency information.
[20Aug2025 20:19:42.196] [main/DEBUG] [net.minecraftforge.fml.loading.moddiscovery.AbstractJarFileDependencyLocator/]: Failed to load resource META-INF/jarjar/metadata.json from Iceberg-1.20.1-forge-1.1.21.jar, it does not contain dependency information.
[20Aug2025 20:19:42.196] [main/DEBUG] [net.minecraftforge.fml.loading.moddiscovery.AbstractJarFileDependencyLocator/]: Failed to load resource META-INF/jarjar/metadata.json from brutalbosses-1.20.1-8.0.jar, it does not contain dependency information.
[20Aug2025 20:19:42.196] [main/DEBUG] [net.minecraftforge.fml.loading.moddiscovery.AbstractJarFileDependencyLocator/]: Failed to load resource META-INF/jarjar/metadata.json from FastWorkbench-1.20.1-8.0.4.jar, it does not contain dependency information.
[20Aug2025 20:19:42.196] [main/DEBUG] [net.minecraftforge.fml.loading.moddiscovery.AbstractJarFileDependencyLocator/]: Failed to load resource META-INF/jarjar/metadata.json from [1.20.1] SecurityCraft v1.10.0.1.jar, it does not contain dependency information.
[20Aug2025 20:19:42.196] [main/DEBUG] [net.minecraftforge.fml.loading.moddiscovery.AbstractJarFileDependencyLocator/]: Failed to load resource META-INF/jarjar/metadata.json from coroutil-forge-1.20.1-1.3.7.jar, it does not contain dependency information.
[20Aug2025 20:19:42.196] [main/DEBUG] [net.minecraftforge.fml.loading.moddiscovery.AbstractJarFileDependencyLocator/]: Failed to load resource META-INF/jarjar/metadata.json from FastFurnace-1.20.1-8.0.2.jar, it does not contain dependency information.
[20Aug2025 20:19:42.197] [main/DEBUG] [net.minecraftforge.fml.loading.moddiscovery.AbstractJarFileDependencyLocator/]: Failed to load resource META-INF/jarjar/metadata.json from appleskin-forge-mc1.20.1-2.5.1.jar, it does not contain dependency information.
[20Aug2025 20:19:42.197] [main/DEBUG] [net.minecraftforge.fml.loading.moddiscovery.AbstractJarFileDependencyLocator/]: Failed to load resource META-INF/jarjar/metadata.json from ferritecore-6.0.1-forge.jar, it does not contain dependency information.
[20Aug2025 20:19:42.197] [main/DEBUG] [net.minecraftforge.fml.loading.moddiscovery.AbstractJarFileDependencyLocator/]: Failed to load resource META-INF/jarjar/metadata.json from connectedglass-1.1.11-forge-mc1.20.1.jar, it does not contain dependency information.
[20Aug2025 20:19:42.197] [main/DEBUG] [net.minecraftforge.fml.loading.moddiscovery.AbstractJarFileDependencyLocator/]: Failed to load resource META-INF/jarjar/metadata.json from BetterF3-7.0.2-Forge-1.20.1.jar, it does not contain dependency information.
[20Aug2025 20:19:42.197] [main/DEBUG] [net.minecraftforge.fml.loading.moddiscovery.AbstractJarFileDependencyLocator/]: Failed to load resource META-INF/jarjar/metadata.json from drinkbeer-refill-1.20.1-1.0.4.b.jar, it does not contain dependency information.
[20Aug2025 20:19:42.197] [main/DEBUG] [net.minecraftforge.fml.loading.moddiscovery.AbstractJarFileDependencyLocator/]: Failed to load resource META-INF/jarjar/metadata.json from mclanguage-1.20.1-47.3.7.jar, it does not contain dependency information.
[20Aug2025 20:19:42.197] [main/DEBUG] [net.minecraftforge.fml.loading.moddiscovery.AbstractJarFileDependencyLocator/]: Failed to load resource META-INF/jarjar/metadata.json from javafmllanguage-1.20.1-47.3.7.jar, it does not contain dependency information.
[20Aug2025 20:19:42.198] [main/DEBUG] [net.minecraftforge.fml.loading.moddiscovery.AbstractJarFileDependencyLocator/]: Failed to load resource META-INF/jarjar/metadata.json from fmlcore-1.20.1-47.3.7.jar, it does not contain dependency information.
[20Aug2025 20:19:42.198] [main/DEBUG] [net.minecraftforge.fml.loading.moddiscovery.AbstractJarFileDependencyLocator/]: Failed to load resource META-INF/jarjar/metadata.json from lowcodelanguage-1.20.1-47.3.7.jar, it does not contain dependency information.
[20Aug2025 20:19:42.433] [main/DEBUG] [net.minecraftforge.fml.loading.moddiscovery.ModFileParser/LOADING]: Considering mod file candidate 
[20Aug2025 20:19:42.434] [main/DEBUG] [net.minecraftforge.fml.loading.moddiscovery.ModFileInfo/LOADING]: Found valid mod file mixinextras-forge-0.4.1.jar with {mixinextras} mods - versions {0.4.1}
[20Aug2025 20:19:42.444] [main/DEBUG] [net.minecraftforge.fml.loading.moddiscovery.ModFileParser/LOADING]: Considering mod file candidate 
[20Aug2025 20:19:42.444] [main/DEBUG] [net.minecraftforge.fml.loading.moddiscovery.ModFileInfo/LOADING]: Found valid mod file kuma-api-forge-20.1.10+1.20.1.jar with {kuma_api} mods - versions {20.1.10}
[20Aug2025 20:19:42.449] [main/DEBUG] [net.minecraftforge.fml.loading.moddiscovery.ModFileParser/LOADING]: Considering mod file candidate 
[20Aug2025 20:19:42.450] [main/DEBUG] [net.minecraftforge.fml.loading.moddiscovery.ModFileInfo/LOADING]: Found valid mod file mixinextras-forge-0.3.5.jar with {mixinextras} mods - versions {0.3.5}
[20Aug2025 20:19:42.458] [main/DEBUG] [net.minecraftforge.fml.loading.moddiscovery.ModFileParser/LOADING]: Considering mod file candidate 
[20Aug2025 20:19:42.459] [main/DEBUG] [net.minecraftforge.fml.loading.moddiscovery.ModFileInfo/LOADING]: Found valid mod file TRansition-1.0.3-1.20.1-forge-SNAPSHOT.jar with {transition} mods - versions {1.0.3}
[20Aug2025 20:19:42.468] [main/DEBUG] [net.minecraftforge.fml.loading.moddiscovery.ModFileParser/LOADING]: Considering mod file candidate 
[20Aug2025 20:19:42.470] [main/DEBUG] [net.minecraftforge.fml.loading.moddiscovery.ModFileInfo/LOADING]: Found valid mod file TRender-1.0.5-1.20.1-forge-SNAPSHOT.jar with {trender} mods - versions {1.0.5}
[20Aug2025 20:19:42.474] [main/DEBUG] [net.minecraftforge.fml.loading.moddiscovery.ModFileParser/LOADING]: Considering mod file candidate 
[20Aug2025 20:19:42.474] [main/DEBUG] [net.minecraftforge.fml.loading.moddiscovery.ModFileInfo/LOADING]: Found valid mod file mixinextras-forge-0.2.0-beta.6.jar with {mixinextras} mods - versions {0.2.0-beta.6}
[20Aug2025 20:19:42.485] [main/DEBUG] [net.minecraftforge.fml.loading.moddiscovery.ModFileParser/LOADING]: Considering mod file candidate 
[20Aug2025 20:19:42.486] [main/DEBUG] [net.minecraftforge.fml.loading.moddiscovery.ModFileInfo/LOADING]: Found valid mod file kffmod-4.11.0.jar with {kotlinforforge} mods - versions {4.11.0}
[20Aug2025 20:19:42.505] [main/DEBUG] [net.minecraftforge.fml.loading.moddiscovery.ModFileParser/LOADING]: Considering mod file candidate 
[20Aug2025 20:19:42.506] [main/DEBUG] [net.minecraftforge.fml.loading.moddiscovery.ModFileInfo/LOADING]: Found valid mod file mixinextras-forge-0.3.5.jar with {mixinextras} mods - versions {0.3.5}
[20Aug2025 20:19:42.509] [main/DEBUG] [net.minecraftforge.fml.loading.moddiscovery.ModFileParser/LOADING]: Considering mod file candidate 
[20Aug2025 20:19:42.510] [main/DEBUG] [net.minecraftforge.fml.loading.moddiscovery.ModFileInfo/LOADING]: Found valid mod file TRansition-1.0.3-1.20.1-forge-SNAPSHOT.jar with {transition} mods - versions {1.0.3}
[20Aug2025 20:19:42.517] [main/DEBUG] [net.minecraftforge.fml.loading.moddiscovery.ModFileParser/LOADING]: Considering mod file candidate 
[20Aug2025 20:19:42.517] [main/DEBUG] [net.minecraftforge.fml.loading.moddiscovery.ModFileInfo/LOADING]: Found valid mod file TRender-1.0.5-1.20.1-forge-SNAPSHOT.jar with {trender} mods - versions {1.0.5}
[20Aug2025 20:19:42.520] [main/DEBUG] [net.minecraftforge.fml.loading.moddiscovery.ModFileParser/LOADING]: Considering mod file candidate 
[20Aug2025 20:19:42.521] [main/DEBUG] [net.minecraftforge.fml.loading.moddiscovery.ModFileInfo/LOADING]: Found valid mod file expandability-forge-9.0.4.jar with {expandability} mods - versions {9.0.4}
[20Aug2025 20:19:42.522] [main/DEBUG] [net.minecraftforge.fml.loading.moddiscovery.ModFileParser/LOADING]: Considering mod file candidate 
[20Aug2025 20:19:42.522] [main/DEBUG] [net.minecraftforge.fml.loading.moddiscovery.ModFileInfo/LOADING]: Found valid mod file mixinextras-forge-0.3.5.jar with {mixinextras} mods - versions {0.3.5}
[20Aug2025 20:19:42.530] [main/DEBUG] [net.minecraftforge.fml.loading.moddiscovery.AbstractJarFileDependencyLocator/]: Failed to load resource META-INF/jarjar/metadata.json from kuma-api-forge-20.1.10+1.20.1.jar, it does not contain dependency information.
[20Aug2025 20:19:42.536] [main/DEBUG] [net.minecraftforge.fml.loading.moddiscovery.AbstractJarFileDependencyLocator/]: Failed to load resource META-INF/jarjar/metadata.json from TRansition-1.0.3-1.20.1-forge-SNAPSHOT.jar, it does not contain dependency information.
[20Aug2025 20:19:42.536] [main/DEBUG] [net.minecraftforge.fml.loading.moddiscovery.AbstractJarFileDependencyLocator/]: Failed to load resource META-INF/jarjar/metadata.json from TRender-1.0.5-1.20.1-forge-SNAPSHOT.jar, it does not contain dependency information.
[20Aug2025 20:19:42.540] [main/DEBUG] [net.minecraftforge.fml.loading.moddiscovery.AbstractJarFileDependencyLocator/]: Failed to load resource META-INF/jarjar/metadata.json from kfflang-4.11.0.jar, it does not contain dependency information.
[20Aug2025 20:19:42.540] [main/DEBUG] [net.minecraftforge.fml.loading.moddiscovery.AbstractJarFileDependencyLocator/]: Failed to load resource META-INF/jarjar/metadata.json from kfflib-4.11.0.jar, it does not contain dependency information.
[20Aug2025 20:19:42.540] [main/DEBUG] [net.minecraftforge.fml.loading.moddiscovery.AbstractJarFileDependencyLocator/]: Failed to load resource META-INF/jarjar/metadata.json from kffmod-4.11.0.jar, it does not contain dependency information.
[20Aug2025 20:19:42.540] [main/DEBUG] [net.minecraftforge.fml.loading.moddiscovery.AbstractJarFileDependencyLocator/]: Failed to load resource META-INF/jarjar/metadata.json from jankson-1.2.1.jar, it does not contain dependency information.
[20Aug2025 20:19:42.540] [main/DEBUG] [net.minecraftforge.fml.loading.moddiscovery.AbstractJarFileDependencyLocator/]: Failed to load resource META-INF/jarjar/metadata.json from tomlkt-jvm-0.3.7.jar, it does not contain dependency information.
[20Aug2025 20:19:42.541] [main/DEBUG] [net.minecraftforge.fml.loading.moddiscovery.AbstractJarFileDependencyLocator/]: Failed to load resource META-INF/jarjar/metadata.json from jankson-1.2.3.jar, it does not contain dependency information.
[20Aug2025 20:19:42.546] [main/DEBUG] [net.minecraftforge.fml.loading.moddiscovery.AbstractJarFileDependencyLocator/]: Failed to load resource META-INF/jarjar/metadata.json from TRansition-1.0.3-1.20.1-forge-SNAPSHOT.jar, it does not contain dependency information.
[20Aug2025 20:19:42.546] [main/DEBUG] [net.minecraftforge.fml.loading.moddiscovery.AbstractJarFileDependencyLocator/]: Failed to load resource META-INF/jarjar/metadata.json from TRender-1.0.5-1.20.1-forge-SNAPSHOT.jar, it does not contain dependency information.
[20Aug2025 20:19:42.552] [main/DEBUG] [net.minecraftforge.fml.loading.moddiscovery.AbstractJarFileDependencyLocator/]: Failed to load resource META-INF/jarjar/metadata.json from MixinExtras-0.4.1.jar, it does not contain dependency information.
[20Aug2025 20:19:42.553] [main/DEBUG] [net.minecraftforge.fml.loading.moddiscovery.AbstractJarFileDependencyLocator/]: Failed to load resource META-INF/jarjar/metadata.json from MixinExtras-0.3.5.jar, it does not contain dependency information.
[20Aug2025 20:19:42.553] [main/DEBUG] [net.minecraftforge.fml.loading.moddiscovery.AbstractJarFileDependencyLocator/]: Failed to load resource META-INF/jarjar/metadata.json from MixinExtras-0.2.0-beta.6.jar, it does not contain dependency information.
[20Aug2025 20:19:42.553] [main/DEBUG] [net.minecraftforge.fml.loading.moddiscovery.AbstractJarFileDependencyLocator/]: Failed to load resource META-INF/jarjar/metadata.json from MixinExtras-0.3.5.jar, it does not contain dependency information.
[20Aug2025 20:19:42.553] [main/DEBUG] [net.minecraftforge.fml.loading.moddiscovery.AbstractJarFileDependencyLocator/]: Failed to load resource META-INF/jarjar/metadata.json from MixinExtras-0.1.1.jar, it does not contain dependency information.
[20Aug2025 20:19:42.553] [main/DEBUG] [net.minecraftforge.fml.loading.moddiscovery.AbstractJarFileDependencyLocator/]: Failed to load resource META-INF/jarjar/metadata.json from MixinExtras-0.3.5.jar, it does not contain dependency information.
[20Aug2025 20:19:42.589] [main/DEBUG] [net.minecraftforge.fml.loading.moddiscovery.ModFileParser/LOADING]: Considering mod file candidate 
[20Aug2025 20:19:42.590] [main/DEBUG] [net.minecraftforge.fml.loading.moddiscovery.ModFileInfo/LOADING]: Found valid mod file TRender-1.0.5-1.20.1-forge-SNAPSHOT.jar with {trender} mods - versions {1.0.5}
[20Aug2025 20:19:42.591] [main/DEBUG] [net.minecraftforge.fml.loading.moddiscovery.ModFileParser/LOADING]: Considering mod file candidate 
[20Aug2025 20:19:42.592] [main/DEBUG] [net.minecraftforge.fml.loading.moddiscovery.ModFileInfo/LOADING]: Found valid mod file TRansition-1.0.3-1.20.1-forge-SNAPSHOT.jar with {transition} mods - versions {1.0.3}
[20Aug2025 20:19:42.593] [main/DEBUG] [net.minecraftforge.fml.loading.moddiscovery.ModFileParser/LOADING]: Considering mod file candidate 
[20Aug2025 20:19:42.593] [main/DEBUG] [net.minecraftforge.fml.loading.moddiscovery.ModFileInfo/LOADING]: Found valid mod file kffmod-4.11.0.jar with {kotlinforforge} mods - versions {4.11.0}
[20Aug2025 20:19:42.594] [main/DEBUG] [net.minecraftforge.fml.loading.moddiscovery.ModFileParser/LOADING]: Considering mod file candidate 
[20Aug2025 20:19:42.595] [main/DEBUG] [net.minecraftforge.fml.loading.moddiscovery.ModFileInfo/LOADING]: Found valid mod file expandability-forge-9.0.4.jar with {expandability} mods - versions {9.0.4}
[20Aug2025 20:19:42.596] [main/DEBUG] [net.minecraftforge.fml.loading.moddiscovery.ModFileParser/LOADING]: Considering mod file candidate 
[20Aug2025 20:19:42.596] [main/DEBUG] [net.minecraftforge.fml.loading.moddiscovery.ModFileInfo/LOADING]: Found valid mod file kuma-api-forge-20.1.10+1.20.1.jar with {kuma_api} mods - versions {20.1.10}
[20Aug2025 20:19:42.598] [main/DEBUG] [net.minecraftforge.fml.loading.moddiscovery.ModFileParser/LOADING]: Considering mod file candidate 
[20Aug2025 20:19:42.599] [main/DEBUG] [net.minecraftforge.fml.loading.moddiscovery.ModFileInfo/LOADING]: Found valid mod file mixinextras-forge-0.4.1.jar with {mixinextras} mods - versions {0.4.1}
[20Aug2025 20:19:42.601] [main/DEBUG] [net.minecraftforge.fml.loading.moddiscovery.ModFileParser/LOADING]: Considering mod file candidate 
[20Aug2025 20:19:42.601] [main/DEBUG] [net.minecraftforge.fml.loading.moddiscovery.ModFileInfo/LOADING]: Found valid mod file mixinextras-forge-0.2.0-beta.6.jar with {mixinextras} mods - versions {0.2.0-beta.6}
[20Aug2025 20:19:42.602] [main/WARN] [net.minecraftforge.jarjar.selection.JarSelector/]: Attempted to select two dependency jars from JarJar which have the same identification: Mod File:  and Mod File: . Using Mod File: 
[20Aug2025 20:19:42.603] [main/INFO] [net.minecraftforge.fml.loading.moddiscovery.JarInJarDependencyLocator/]: Found 11 dependencies adding them to mods collection
[20Aug2025 20:19:42.605] [main/DEBUG] [net.minecraftforge.fml.loading.moddiscovery.ModFileParser/LOADING]: Considering mod file candidate 
[20Aug2025 20:19:42.606] [main/DEBUG] [net.minecraftforge.fml.loading.moddiscovery.ModFileInfo/LOADING]: Found valid mod file kuma-api-forge-20.1.10+1.20.1.jar with {kuma_api} mods - versions {20.1.10}
[20Aug2025 20:19:42.608] [main/DEBUG] [net.minecraftforge.fml.loading.moddiscovery.ModFile/LOADING]: Loading mod file  with languages [LanguageSpec[languageName=javafml, acceptedVersions=[47,)]]
[20Aug2025 20:19:42.609] [main/DEBUG] [net.minecraftforge.fml.loading.moddiscovery.ModFileParser/LOADING]: Considering mod file candidate /workspaces/Los-Parceritos/servidor_minecraft/mods/alexsmobs-1.22.9.jar
[20Aug2025 20:19:42.609] [main/DEBUG] [net.minecraftforge.fml.loading.moddiscovery.ModFileInfo/LOADING]: Found valid mod file alexsmobs-1.22.9.jar with {alexsmobs} mods - versions {1.22.9}
[20Aug2025 20:19:42.610] [main/DEBUG] [net.minecraftforge.fml.loading.moddiscovery.ModFile/LOADING]: Loading mod file /workspaces/Los-Parceritos/servidor_minecraft/mods/alexsmobs-1.22.9.jar with languages [LanguageSpec[languageName=javafml, acceptedVersions=[46,)]]
[20Aug2025 20:19:42.610] [main/DEBUG] [net.minecraftforge.fml.loading.moddiscovery.ModFileParser/LOADING]: Considering mod file candidate /workspaces/Los-Parceritos/servidor_minecraft/mods/botarium-forge-1.20.1-2.2.0.jar
[20Aug2025 20:19:42.610] [main/DEBUG] [net.minecraftforge.fml.loading.moddiscovery.ModFileInfo/LOADING]: Found valid mod file botarium-forge-1.20.1-2.2.0.jar with {botarium} mods - versions {2.2.0}
[20Aug2025 20:19:42.611] [main/DEBUG] [net.minecraftforge.fml.loading.moddiscovery.ModFile/LOADING]: Loading mod file /workspaces/Los-Parceritos/servidor_minecraft/mods/botarium-forge-1.20.1-2.2.0.jar with languages [LanguageSpec[languageName=javafml, acceptedVersions=[46,)]]
[20Aug2025 20:19:42.611] [main/DEBUG] [net.minecraftforge.fml.loading.moddiscovery.ModFileParser/LOADING]: Considering mod file candidate /workspaces/Los-Parceritos/servidor_minecraft/mods/SubtleEffects-forge-1.20.1-1.10.0.jar
[20Aug2025 20:19:42.611] [main/DEBUG] [net.minecraftforge.fml.loading.moddiscovery.ModFileInfo/LOADING]: Found valid mod file SubtleEffects-forge-1.20.1-1.10.0.jar with {subtle_effects} mods - versions {1.10.0}
[20Aug2025 20:19:42.611] [main/DEBUG] [net.minecraftforge.fml.loading.moddiscovery.ModFile/LOADING]: Loading mod file /workspaces/Los-Parceritos/servidor_minecraft/mods/SubtleEffects-forge-1.20.1-1.10.0.jar with languages [LanguageSpec[languageName=javafml, acceptedVersions=[47,)]]
[20Aug2025 20:19:42.611] [main/DEBUG] [net.minecraftforge.fml.loading.moddiscovery.ModFileParser/LOADING]: Considering mod file candidate /workspaces/Los-Parceritos/servidor_minecraft/mods/HammerLib-1.20.1-20.1.32.jar
[20Aug2025 20:19:42.612] [main/DEBUG] [net.minecraftforge.fml.loading.moddiscovery.ModFileInfo/LOADING]: Found valid mod file HammerLib-1.20.1-20.1.32.jar with {hammerlib} mods - versions {20.1.32}
[20Aug2025 20:19:42.612] [main/DEBUG] [net.minecraftforge.fml.loading.moddiscovery.ModFile/LOADING]: Loading mod file /workspaces/Los-Parceritos/servidor_minecraft/mods/HammerLib-1.20.1-20.1.32.jar with languages [LanguageSpec[languageName=javafml, acceptedVersions=[47,)]]
[20Aug2025 20:19:42.612] [main/DEBUG] [net.minecraftforge.fml.loading.moddiscovery.ModFileParser/LOADING]: Considering mod file candidate /workspaces/Los-Parceritos/servidor_minecraft/mods/Tips-Forge-1.20.1-12.0.4.jar
[20Aug2025 20:19:42.613] [main/DEBUG] [net.minecraftforge.fml.loading.moddiscovery.ModFileInfo/LOADING]: Found valid mod file Tips-Forge-1.20.1-12.0.4.jar with {tipsmod} mods - versions {12.0.4}
[20Aug2025 20:19:42.613] [main/DEBUG] [net.minecraftforge.fml.loading.moddiscovery.ModFile/LOADING]: Loading mod file /workspaces/Los-Parceritos/servidor_minecraft/mods/Tips-Forge-1.20.1-12.0.4.jar with languages [LanguageSpec[languageName=javafml, acceptedVersions=[47,)]]
[20Aug2025 20:19:42.613] [main/DEBUG] [net.minecraftforge.fml.loading.moddiscovery.ModFileParser/LOADING]: Considering mod file candidate /workspaces/Los-Parceritos/servidor_minecraft/mods/sophisticatedcore-1.20.1-0.6.17.595.jar
[20Aug2025 20:19:42.613] [main/DEBUG] [net.minecraftforge.fml.loading.moddiscovery.ModFileInfo/LOADING]: Found valid mod file sophisticatedcore-1.20.1-0.6.17.595.jar with {sophisticatedcore} mods - versions {0.6.17.595}
[20Aug2025 20:19:42.614] [main/DEBUG] [net.minecraftforge.fml.loading.moddiscovery.ModFile/LOADING]: Loading mod file /workspaces/Los-Parceritos/servidor_minecraft/mods/sophisticatedcore-1.20.1-0.6.17.595.jar with languages [LanguageSpec[languageName=javafml, acceptedVersions=[47,)]]
[20Aug2025 20:19:42.614] [main/DEBUG] [net.minecraftforge.fml.loading.moddiscovery.ModFileParser/LOADING]: Considering mod file candidate /workspaces/Los-Parceritos/servidor_minecraft/mods/citadel-2.6.0-1.20.1.jar
[20Aug2025 20:19:42.614] [main/DEBUG] [net.minecraftforge.fml.loading.moddiscovery.ModFileInfo/LOADING]: Found valid mod file citadel-2.6.0-1.20.1.jar with {citadel} mods - versions {2.6.0}
[20Aug2025 20:19:42.614] [main/DEBUG] [net.minecraftforge.fml.loading.moddiscovery.ModFile/LOADING]: Loading mod file /workspaces/Los-Parceritos/servidor_minecraft/mods/citadel-2.6.0-1.20.1.jar with languages [LanguageSpec[languageName=javafml, acceptedVersions=[47,)]]
[20Aug2025 20:19:42.614] [main/DEBUG] [net.minecraftforge.fml.loading.moddiscovery.ModFileParser/LOADING]: Considering mod file candidate /workspaces/Los-Parceritos/servidor_minecraft/mods/Placebo-1.20.1-8.6.2.jar
[20Aug2025 20:19:42.615] [main/DEBUG] [net.minecraftforge.fml.loading.moddiscovery.ModFileInfo/LOADING]: Found valid mod file Placebo-1.20.1-8.6.2.jar with {placebo} mods - versions {8.6.2}
[20Aug2025 20:19:42.615] [main/DEBUG] [net.minecraftforge.fml.loading.moddiscovery.ModFile/LOADING]: Loading mod file /workspaces/Los-Parceritos/servidor_minecraft/mods/Placebo-1.20.1-8.6.2.jar with languages [LanguageSpec[languageName=javafml, acceptedVersions=[32,)]]
[20Aug2025 20:19:42.617] [main/DEBUG] [net.minecraftforge.fml.loading.moddiscovery.ModFileParser/LOADING]: Found coremod placebo_get_ench_level_event with Javascript path coremods/get_ench_level_event.js
[20Aug2025 20:19:42.617] [main/DEBUG] [net.minecraftforge.fml.loading.moddiscovery.ModFileParser/LOADING]: Found coremod placebo_get_ench_level_event_specific with Javascript path coremods/get_ench_level_event_specific.js
[20Aug2025 20:19:42.617] [main/DEBUG] [net.minecraftforge.fml.loading.moddiscovery.ModFile/LOADING]: Found coremod coremods/get_ench_level_event.js
[20Aug2025 20:19:42.617] [main/DEBUG] [net.minecraftforge.fml.loading.moddiscovery.ModFile/LOADING]: Found coremod coremods/get_ench_level_event_specific.js
[20Aug2025 20:19:42.617] [main/DEBUG] [net.minecraftforge.fml.loading.moddiscovery.ModFileParser/LOADING]: Considering mod file candidate /workspaces/Los-Parceritos/servidor_minecraft/mods/Prism-1.20.1-forge-1.0.3.jar
[20Aug2025 20:19:42.617] [main/DEBUG] [net.minecraftforge.fml.loading.moddiscovery.ModFileInfo/LOADING]: Found valid mod file Prism-1.20.1-forge-1.0.3.jar with {prism} mods - versions {1.0.3}
[20Aug2025 20:19:42.618] [main/DEBUG] [net.minecraftforge.fml.loading.moddiscovery.ModFile/LOADING]: Loading mod file /workspaces/Los-Parceritos/servidor_minecraft/mods/Prism-1.20.1-forge-1.0.3.jar with languages [LanguageSpec[languageName=javafml, acceptedVersions=[47,)]]
[20Aug2025 20:19:42.618] [main/DEBUG] [net.minecraftforge.fml.loading.moddiscovery.ModFileParser/LOADING]: Considering mod file candidate /workspaces/Los-Parceritos/servidor_minecraft/mods/YungsApi-1.20-Forge-4.0.1.jar
[20Aug2025 20:19:42.618] [main/DEBUG] [net.minecraftforge.fml.loading.moddiscovery.ModFileInfo/LOADING]: Found valid mod file YungsApi-1.20-Forge-4.0.1.jar with {yungsapi} mods - versions {1.20-Forge-4.0.1}
[20Aug2025 20:19:42.618] [main/DEBUG] [net.minecraftforge.fml.loading.moddiscovery.ModFile/LOADING]: Loading mod file /workspaces/Los-Parceritos/servidor_minecraft/mods/YungsApi-1.20-Forge-4.0.1.jar with languages [LanguageSpec[languageName=javafml, acceptedVersions=[46,)]]
[20Aug2025 20:19:42.618] [main/DEBUG] [net.minecraftforge.fml.loading.moddiscovery.ModFileParser/LOADING]: Considering mod file candidate /workspaces/Los-Parceritos/servidor_minecraft/mods/Bookshelf-Forge-1.20.1-20.2.13.jar
[20Aug2025 20:19:42.619] [main/DEBUG] [net.minecraftforge.fml.loading.moddiscovery.ModFileInfo/LOADING]: Found valid mod file Bookshelf-Forge-1.20.1-20.2.13.jar with {bookshelf} mods - versions {20.2.13}
[20Aug2025 20:19:42.619] [main/DEBUG] [net.minecraftforge.fml.loading.moddiscovery.ModFile/LOADING]: Loading mod file /workspaces/Los-Parceritos/servidor_minecraft/mods/Bookshelf-Forge-1.20.1-20.2.13.jar with languages [LanguageSpec[languageName=javafml, acceptedVersions=[47,)]]
[20Aug2025 20:19:42.619] [main/DEBUG] [net.minecraftforge.fml.loading.moddiscovery.ModFileParser/LOADING]: Considering mod file candidate /workspaces/Los-Parceritos/servidor_minecraft/mods/sophisticatedbackpacks-1.20.1-3.20.5.1044.jar
[20Aug2025 20:19:42.619] [main/DEBUG] [net.minecraftforge.fml.loading.moddiscovery.ModFileInfo/LOADING]: Found valid mod file sophisticatedbackpacks-1.20.1-3.20.5.1044.jar with {sophisticatedbackpacks} mods - versions {3.20.5.1044}
[20Aug2025 20:19:42.620] [main/DEBUG] [net.minecraftforge.fml.loading.moddiscovery.ModFile/LOADING]: Loading mod file /workspaces/Los-Parceritos/servidor_minecraft/mods/sophisticatedbackpacks-1.20.1-3.20.5.1044.jar with languages [LanguageSpec[languageName=javafml, acceptedVersions=[47,)]]
[20Aug2025 20:19:42.620] [main/DEBUG] [net.minecraftforge.fml.loading.moddiscovery.ModFileParser/LOADING]: Considering mod file candidate /workspaces/Los-Parceritos/servidor_minecraft/mods/mcw-doors-1.1.2-mc1.20.1forge.jar
[20Aug2025 20:19:42.620] [main/DEBUG] [net.minecraftforge.fml.loading.moddiscovery.ModFileInfo/LOADING]: Found valid mod file mcw-doors-1.1.2-mc1.20.1forge.jar with {mcwdoors} mods - versions {1.1.2}
[20Aug2025 20:19:42.620] [main/DEBUG] [net.minecraftforge.fml.loading.moddiscovery.ModFile/LOADING]: Loading mod file /workspaces/Los-Parceritos/servidor_minecraft/mods/mcw-doors-1.1.2-mc1.20.1forge.jar with languages [LanguageSpec[languageName=javafml, acceptedVersions=[28,)]]
[20Aug2025 20:19:42.620] [main/DEBUG] [net.minecraftforge.fml.loading.moddiscovery.ModFileParser/LOADING]: Considering mod file candidate /workspaces/Los-Parceritos/servidor_minecraft/mods/PickUpNotifier-v8.0.0-1.20.1-Forge.jar
[20Aug2025 20:19:42.621] [main/DEBUG] [net.minecraftforge.fml.loading.moddiscovery.ModFileInfo/LOADING]: Found valid mod file PickUpNotifier-v8.0.0-1.20.1-Forge.jar with {pickupnotifier} mods - versions {8.0.0}
[20Aug2025 20:19:42.621] [main/DEBUG] [net.minecraftforge.fml.loading.moddiscovery.ModFile/LOADING]: Loading mod file /workspaces/Los-Parceritos/servidor_minecraft/mods/PickUpNotifier-v8.0.0-1.20.1-Forge.jar with languages [LanguageSpec[languageName=javafml, acceptedVersions=[47,)]]
[20Aug2025 20:19:42.621] [main/DEBUG] [net.minecraftforge.fml.loading.moddiscovery.ModFileParser/LOADING]: Considering mod file candidate /workspaces/Los-Parceritos/servidor_minecraft/mods/balm-forge-1.20.1-7.3.28-all.jar
[20Aug2025 20:19:42.621] [main/DEBUG] [net.minecraftforge.fml.loading.moddiscovery.ModFileInfo/LOADING]: Found valid mod file balm-forge-1.20.1-7.3.28-all.jar with {balm} mods - versions {7.3.28}
[20Aug2025 20:19:42.622] [main/DEBUG] [net.minecraftforge.fml.loading.moddiscovery.ModFile/LOADING]: Loading mod file /workspaces/Los-Parceritos/servidor_minecraft/mods/balm-forge-1.20.1-7.3.28-all.jar with languages [LanguageSpec[languageName=javafml, acceptedVersions=[46,)]]
[20Aug2025 20:19:42.622] [main/DEBUG] [net.minecraftforge.fml.loading.moddiscovery.ModFileParser/LOADING]: Considering mod file candidate /workspaces/Los-Parceritos/servidor_minecraft/mods/MineTraps-1.20.2-(v.2.3.0a).jar
[20Aug2025 20:19:42.622] [main/DEBUG] [net.minecraftforge.fml.loading.moddiscovery.ModFileInfo/LOADING]: Found valid mod file MineTraps-1.20.2-(v.2.3.0a).jar with {minetraps} mods - versions {2.3.0a}
[20Aug2025 20:19:42.622] [main/DEBUG] [net.minecraftforge.fml.loading.moddiscovery.ModFile/LOADING]: Loading mod file /workspaces/Los-Parceritos/servidor_minecraft/mods/MineTraps-1.20.2-(v.2.3.0a).jar with languages [LanguageSpec[languageName=javafml, acceptedVersions=[46,)]]
[20Aug2025 20:19:42.622] [main/DEBUG] [net.minecraftforge.fml.loading.moddiscovery.ModFileParser/LOADING]: Considering mod file candidate /workspaces/Los-Parceritos/servidor_minecraft/mods/carryon-forge-1.20.1-2.1.2.7.jar
[20Aug2025 20:19:42.623] [main/DEBUG] [net.minecraftforge.fml.loading.moddiscovery.ModFileInfo/LOADING]: Found valid mod file carryon-forge-1.20.1-2.1.2.7.jar with {carryon} mods - versions {2.1.2.7}
[20Aug2025 20:19:42.623] [main/DEBUG] [net.minecraftforge.fml.loading.moddiscovery.ModFile/LOADING]: Loading mod file /workspaces/Los-Parceritos/servidor_minecraft/mods/carryon-forge-1.20.1-2.1.2.7.jar with languages [LanguageSpec[languageName=javafml, acceptedVersions=[46,)]]
[20Aug2025 20:19:42.623] [main/DEBUG] [net.minecraftforge.fml.loading.moddiscovery.ModFileParser/LOADING]: Considering mod file candidate /workspaces/Los-Parceritos/servidor_minecraft/mods/chat_heads-0.13.18-forge-1.20.jar
[20Aug2025 20:19:42.623] [main/DEBUG] [net.minecraftforge.fml.loading.moddiscovery.ModFileInfo/LOADING]: Found valid mod file chat_heads-0.13.18-forge-1.20.jar with {chat_heads} mods - versions {0.13.18}
[20Aug2025 20:19:42.624] [main/DEBUG] [net.minecraftforge.fml.loading.moddiscovery.ModFile/LOADING]: Loading mod file /workspaces/Los-Parceritos/servidor_minecraft/mods/chat_heads-0.13.18-forge-1.20.jar with languages [LanguageSpec[languageName=javafml, acceptedVersions=[44,)]]
[20Aug2025 20:19:42.624] [main/DEBUG] [net.minecraftforge.fml.loading.moddiscovery.ModFileParser/LOADING]: Considering mod file candidate /workspaces/Los-Parceritos/servidor_minecraft/mods/ShieldExpansion-1.20.1-1.1.7.jar
[20Aug2025 20:19:42.624] [main/DEBUG] [net.minecraftforge.fml.loading.moddiscovery.ModFileInfo/LOADING]: Found valid mod file ShieldExpansion-1.20.1-1.1.7.jar with {shieldexp} mods - versions {1.1.7}
[20Aug2025 20:19:42.624] [main/DEBUG] [net.minecraftforge.fml.loading.moddiscovery.ModFile/LOADING]: Loading mod file /workspaces/Los-Parceritos/servidor_minecraft/mods/ShieldExpansion-1.20.1-1.1.7.jar with languages [LanguageSpec[languageName=javafml, acceptedVersions=[46,)]]
[20Aug2025 20:19:42.624] [main/DEBUG] [net.minecraftforge.fml.loading.moddiscovery.ModFileParser/LOADING]: Considering mod file candidate /workspaces/Los-Parceritos/servidor_minecraft/mods/cloth-config-11.0.99-forge.jar
[20Aug2025 20:19:42.625] [main/DEBUG] [net.minecraftforge.fml.loading.moddiscovery.ModFileInfo/LOADING]: Found valid mod file cloth-config-11.0.99-forge.jar with {cloth_config} mods - versions {11.0.99}
[20Aug2025 20:19:42.625] [main/DEBUG] [net.minecraftforge.fml.loading.moddiscovery.ModFile/LOADING]: Loading mod file /workspaces/Los-Parceritos/servidor_minecraft/mods/cloth-config-11.0.99-forge.jar with languages [LanguageSpec[languageName=javafml, acceptedVersions=[34,)]]
[20Aug2025 20:19:42.625] [main/DEBUG] [net.minecraftforge.fml.loading.moddiscovery.ModFileParser/LOADING]: Considering mod file candidate /workspaces/Los-Parceritos/servidor_minecraft/mods/Paraglider-1.20.1-1.9.0.0.jar
[20Aug2025 20:19:42.625] [main/DEBUG] [net.minecraftforge.fml.loading.moddiscovery.ModFileInfo/LOADING]: Found valid mod file Paraglider-1.20.1-1.9.0.0.jar with {paraglider} mods - versions {1.9.0.0}
[20Aug2025 20:19:42.626] [main/DEBUG] [net.minecraftforge.fml.loading.moddiscovery.ModFile/LOADING]: Loading mod file /workspaces/Los-Parceritos/servidor_minecraft/mods/Paraglider-1.20.1-1.9.0.0.jar with languages [LanguageSpec[languageName=javafml, acceptedVersions=[47,)]]
[20Aug2025 20:19:42.626] [main/DEBUG] [net.minecraftforge.fml.loading.moddiscovery.ModFileParser/LOADING]: Considering mod file candidate /workspaces/Los-Parceritos/servidor_minecraft/mods/YungsBetterNetherFortresses-1.20-Forge-2.0.6.jar
[20Aug2025 20:19:42.626] [main/DEBUG] [net.minecraftforge.fml.loading.moddiscovery.ModFileInfo/LOADING]: Found valid mod file YungsBetterNetherFortresses-1.20-Forge-2.0.6.jar with {betterfortresses} mods - versions {1.20-Forge-2.0.6}
[20Aug2025 20:19:42.626] [main/DEBUG] [net.minecraftforge.fml.loading.moddiscovery.ModFile/LOADING]: Loading mod file /workspaces/Los-Parceritos/servidor_minecraft/mods/YungsBetterNetherFortresses-1.20-Forge-2.0.6.jar with languages [LanguageSpec[languageName=javafml, acceptedVersions=[46,)]]
[20Aug2025 20:19:42.626] [main/DEBUG] [net.minecraftforge.fml.loading.moddiscovery.ModFileParser/LOADING]: Considering mod file candidate /workspaces/Los-Parceritos/servidor_minecraft/mods/[forge]ctov-3.4.14.jar
[20Aug2025 20:19:42.627] [main/DEBUG] [net.minecraftforge.fml.loading.moddiscovery.ModFileInfo/LOADING]: Found valid mod file [forge]ctov-3.4.14.jar with {ctov} mods - versions {3.4.14}
[20Aug2025 20:19:42.627] [main/DEBUG] [net.minecraftforge.fml.loading.moddiscovery.ModFile/LOADING]: Loading mod file /workspaces/Los-Parceritos/servidor_minecraft/mods/[forge]ctov-3.4.14.jar with languages [LanguageSpec[languageName=javafml, acceptedVersions=[47,)]]
[20Aug2025 20:19:42.627] [main/DEBUG] [net.minecraftforge.fml.loading.moddiscovery.ModFileParser/LOADING]: Considering mod file candidate /workspaces/Los-Parceritos/servidor_minecraft/mods/stackrefill-1.20.1-4.4.jar
[20Aug2025 20:19:42.628] [main/DEBUG] [net.minecraftforge.fml.loading.moddiscovery.ModFileInfo/LOADING]: Found valid mod file stackrefill-1.20.1-4.4.jar with {stackrefill} mods - versions {4.4}
[20Aug2025 20:19:42.628] [main/DEBUG] [net.minecraftforge.fml.loading.moddiscovery.ModFile/LOADING]: Loading mod file /workspaces/Los-Parceritos/servidor_minecraft/mods/stackrefill-1.20.1-4.4.jar with languages [LanguageSpec[languageName=javafml, acceptedVersions=*]]
[20Aug2025 20:19:42.628] [main/DEBUG] [net.minecraftforge.fml.loading.moddiscovery.ModFileParser/LOADING]: Considering mod file candidate /workspaces/Los-Parceritos/servidor_minecraft/mods/fzzy_config-0.7.1+1.20.1+forge.jar
[20Aug2025 20:19:42.628] [main/DEBUG] [net.minecraftforge.fml.loading.moddiscovery.ModFileInfo/LOADING]: Found valid mod file fzzy_config-0.7.1+1.20.1+forge.jar with {fzzy_config} mods - versions {0.7.1+1.20.1+forge}
[20Aug2025 20:19:42.628] [main/DEBUG] [net.minecraftforge.fml.loading.moddiscovery.ModFile/LOADING]: Loading mod file /workspaces/Los-Parceritos/servidor_minecraft/mods/fzzy_config-0.7.1+1.20.1+forge.jar with languages [LanguageSpec[languageName=javafml, acceptedVersions=[1,)]]
[20Aug2025 20:19:42.629] [main/DEBUG] [net.minecraftforge.fml.loading.moddiscovery.ModFileParser/LOADING]: Considering mod file candidate /workspaces/Los-Parceritos/servidor_minecraft/mods/konkrete_forge_1.8.0_MC_1.20-1.20.1.jar
[20Aug2025 20:19:42.629] [main/DEBUG] [net.minecraftforge.fml.loading.moddiscovery.ModFileInfo/LOADING]: Found valid mod file konkrete_forge_1.8.0_MC_1.20-1.20.1.jar with {konkrete} mods - versions {1.8.0}
[20Aug2025 20:19:42.629] [main/DEBUG] [net.minecraftforge.fml.loading.moddiscovery.ModFile/LOADING]: Loading mod file /workspaces/Los-Parceritos/servidor_minecraft/mods/konkrete_forge_1.8.0_MC_1.20-1.20.1.jar with languages [LanguageSpec[languageName=javafml, acceptedVersions=[46,)]]
[20Aug2025 20:19:42.629] [main/DEBUG] [net.minecraftforge.fml.loading.moddiscovery.ModFileParser/LOADING]: Considering mod file candidate /workspaces/Los-Parceritos/servidor_minecraft/mods/AdvancementPlaques-1.20.1-forge-1.6.7.jar
[20Aug2025 20:19:42.630] [main/DEBUG] [net.minecraftforge.fml.loading.moddiscovery.ModFileInfo/LOADING]: Found valid mod file AdvancementPlaques-1.20.1-forge-1.6.7.jar with {advancementplaques} mods - versions {1.6.7}
[20Aug2025 20:19:42.630] [main/DEBUG] [net.minecraftforge.fml.loading.moddiscovery.ModFile/LOADING]: Loading mod file /workspaces/Los-Parceritos/servidor_minecraft/mods/AdvancementPlaques-1.20.1-forge-1.6.7.jar with languages [LanguageSpec[languageName=javafml, acceptedVersions=[47,)]]
[20Aug2025 20:19:42.630] [main/DEBUG] [net.minecraftforge.fml.loading.moddiscovery.ModFileParser/LOADING]: Considering mod file candidate /workspaces/Los-Parceritos/servidor_minecraft/mods/BetterPingDisplay-1.20.1-1.1.jar
[20Aug2025 20:19:42.630] [main/DEBUG] [net.minecraftforge.fml.loading.moddiscovery.ModFileInfo/LOADING]: Found valid mod file BetterPingDisplay-1.20.1-1.1.jar with {betterpingdisplay} mods - versions {1.1}
[20Aug2025 20:19:42.630] [main/DEBUG] [net.minecraftforge.fml.loading.moddiscovery.ModFile/LOADING]: Loading mod file /workspaces/Los-Parceritos/servidor_minecraft/mods/BetterPingDisplay-1.20.1-1.1.jar with languages [LanguageSpec[languageName=javafml, acceptedVersions=[47,)]]
[20Aug2025 20:19:42.630] [main/DEBUG] [net.minecraftforge.fml.loading.moddiscovery.ModFileParser/LOADING]: Considering mod file candidate /workspaces/Los-Parceritos/servidor_minecraft/mods/mcw-bridges-3.1.0-mc1.20.1forge.jar
[20Aug2025 20:19:42.631] [main/DEBUG] [net.minecraftforge.fml.loading.moddiscovery.ModFileInfo/LOADING]: Found valid mod file mcw-bridges-3.1.0-mc1.20.1forge.jar with {mcwbridges} mods - versions {3.1.0}
[20Aug2025 20:19:42.631] [main/DEBUG] [net.minecraftforge.fml.loading.moddiscovery.ModFile/LOADING]: Loading mod file /workspaces/Los-Parceritos/servidor_minecraft/mods/mcw-bridges-3.1.0-mc1.20.1forge.jar with languages [LanguageSpec[languageName=javafml, acceptedVersions=[28,)]]
[20Aug2025 20:19:42.631] [main/DEBUG] [net.minecraftforge.fml.loading.moddiscovery.ModFileParser/LOADING]: Considering mod file candidate /workspaces/Los-Parceritos/servidor_minecraft/mods/Explorify v1.6.2 f10-48.jar
[20Aug2025 20:19:42.631] [main/DEBUG] [net.minecraftforge.fml.loading.moddiscovery.ModFileInfo/LOADING]: Found valid mod file Explorify v1.6.2 f10-48.jar with {explorify} mods - versions {1.6.2}
[20Aug2025 20:19:42.631] [main/DEBUG] [net.minecraftforge.fml.loading.moddiscovery.ModFile/LOADING]: Loading mod file /workspaces/Los-Parceritos/servidor_minecraft/mods/Explorify v1.6.2 f10-48.jar with languages [LanguageSpec[languageName=lowcodefml, acceptedVersions=[1,)]]
[20Aug2025 20:19:42.632] [main/DEBUG] [net.minecraftforge.fml.loading.moddiscovery.ModFileParser/LOADING]: Considering mod file candidate /workspaces/Los-Parceritos/servidor_minecraft/mods/serversleep-mod.jar
[20Aug2025 20:19:42.632] [main/DEBUG] [net.minecraftforge.fml.loading.moddiscovery.ModFileInfo/LOADING]: Found valid mod file serversleep-mod.jar with {mr_serversleep} mods - versions {1-datapack}
[20Aug2025 20:19:42.632] [main/DEBUG] [net.minecraftforge.fml.loading.moddiscovery.ModFile/LOADING]: Loading mod file /workspaces/Los-Parceritos/servidor_minecraft/mods/serversleep-mod.jar with languages [LanguageSpec[languageName=javafml, acceptedVersions=[25,)]]
[20Aug2025 20:19:42.632] [main/DEBUG] [net.minecraftforge.fml.loading.moddiscovery.ModFileParser/LOADING]: Considering mod file candidate /workspaces/Los-Parceritos/servidor_minecraft/mods/supermartijn642corelib-1.1.18-forge-mc1.20.1.jar
[20Aug2025 20:19:42.633] [main/DEBUG] [net.minecraftforge.fml.loading.moddiscovery.ModFileInfo/LOADING]: Found valid mod file supermartijn642corelib-1.1.18-forge-mc1.20.1.jar with {supermartijn642corelib} mods - versions {1.1.18}
[20Aug2025 20:19:42.633] [main/DEBUG] [net.minecraftforge.fml.loading.moddiscovery.ModFile/LOADING]: Loading mod file /workspaces/Los-Parceritos/servidor_minecraft/mods/supermartijn642corelib-1.1.18-forge-mc1.20.1.jar with languages [LanguageSpec[languageName=javafml, acceptedVersions=[46,)]]
[20Aug2025 20:19:42.633] [main/DEBUG] [net.minecraftforge.fml.loading.moddiscovery.ModFileParser/LOADING]: Considering mod file candidate /workspaces/Los-Parceritos/servidor_minecraft/mods/YungsBridges-1.20-Forge-4.0.3.jar
[20Aug2025 20:19:42.633] [main/DEBUG] [net.minecraftforge.fml.loading.moddiscovery.ModFileInfo/LOADING]: Found valid mod file YungsBridges-1.20-Forge-4.0.3.jar with {yungsbridges} mods - versions {1.20-Forge-4.0.3}
[20Aug2025 20:19:42.633] [main/DEBUG] [net.minecraftforge.fml.loading.moddiscovery.ModFile/LOADING]: Loading mod file /workspaces/Los-Parceritos/servidor_minecraft/mods/YungsBridges-1.20-Forge-4.0.3.jar with languages [LanguageSpec[languageName=javafml, acceptedVersions=[46,)]]
[20Aug2025 20:19:42.633] [main/DEBUG] [net.minecraftforge.fml.loading.moddiscovery.ModFileParser/LOADING]: Considering mod file candidate /workspaces/Los-Parceritos/servidor_minecraft/mods/resourcefulconfig-forge-1.20.1-2.1.1.jar
[20Aug2025 20:19:42.634] [main/DEBUG] [net.minecraftforge.fml.loading.moddiscovery.ModFileInfo/LOADING]: Found valid mod file resourcefulconfig-forge-1.20.1-2.1.1.jar with {resourcefulconfig} mods - versions {2.1.1}
[20Aug2025 20:19:42.634] [main/DEBUG] [net.minecraftforge.fml.loading.moddiscovery.ModFile/LOADING]: Loading mod file /workspaces/Los-Parceritos/servidor_minecraft/mods/resourcefulconfig-forge-1.20.1-2.1.1.jar with languages [LanguageSpec[languageName=javafml, acceptedVersions=[46,)]]
[20Aug2025 20:19:42.634] [main/DEBUG] [net.minecraftforge.fml.loading.moddiscovery.ModFileParser/LOADING]: Considering mod file candidate /workspaces/Los-Parceritos/servidor_minecraft/mods/lionfishapi-2.4-Fix.jar
[20Aug2025 20:19:42.634] [main/DEBUG] [net.minecraftforge.fml.loading.moddiscovery.ModFileInfo/LOADING]: Found valid mod file lionfishapi-2.4-Fix.jar with {lionfishapi} mods - versions {2.4-Fix}
[20Aug2025 20:19:42.634] [main/DEBUG] [net.minecraftforge.fml.loading.moddiscovery.ModFile/LOADING]: Loading mod file /workspaces/Los-Parceritos/servidor_minecraft/mods/lionfishapi-2.4-Fix.jar with languages [LanguageSpec[languageName=javafml, acceptedVersions=[47,)]]
[20Aug2025 20:19:42.635] [main/DEBUG] [net.minecraftforge.fml.loading.moddiscovery.ModFileParser/LOADING]: Considering mod file candidate /workspaces/Los-Parceritos/servidor_minecraft/mods/Highlighter-1.20.1-forge-1.1.9.jar
[20Aug2025 20:19:42.635] [main/DEBUG] [net.minecraftforge.fml.loading.moddiscovery.ModFileInfo/LOADING]: Found valid mod file Highlighter-1.20.1-forge-1.1.9.jar with {highlighter} mods - versions {1.1.9}
[20Aug2025 20:19:42.635] [main/DEBUG] [net.minecraftforge.fml.loading.moddiscovery.ModFile/LOADING]: Loading mod file /workspaces/Los-Parceritos/servidor_minecraft/mods/Highlighter-1.20.1-forge-1.1.9.jar with languages [LanguageSpec[languageName=javafml, acceptedVersions=[46,)]]
[20Aug2025 20:19:42.635] [main/DEBUG] [net.minecraftforge.fml.loading.moddiscovery.ModFileParser/LOADING]: Considering mod file candidate /workspaces/Los-Parceritos/servidor_minecraft/mods/ImprovableSkills-1.20.1-20.1.11.jar
[20Aug2025 20:19:42.635] [main/DEBUG] [net.minecraftforge.fml.loading.moddiscovery.ModFileInfo/LOADING]: Found valid mod file ImprovableSkills-1.20.1-20.1.11.jar with {improvableskills} mods - versions {20.1.11}
[20Aug2025 20:19:42.636] [main/DEBUG] [net.minecraftforge.fml.loading.moddiscovery.ModFile/LOADING]: Loading mod file /workspaces/Los-Parceritos/servidor_minecraft/mods/ImprovableSkills-1.20.1-20.1.11.jar with languages [LanguageSpec[languageName=javafml, acceptedVersions=[47,)]]
[20Aug2025 20:19:42.636] [main/DEBUG] [net.minecraftforge.fml.loading.moddiscovery.ModFileParser/LOADING]: Found coremod ItemStackTransformer with Javascript path META-INF/coremods/ItemStackHurtHook.js
[20Aug2025 20:19:42.636] [main/DEBUG] [net.minecraftforge.fml.loading.moddiscovery.ModFileParser/LOADING]: Found coremod VibrationSystemHook with Javascript path META-INF/coremods/VibrationSystemHook.js
[20Aug2025 20:19:42.636] [main/DEBUG] [net.minecraftforge.fml.loading.moddiscovery.ModFile/LOADING]: Found coremod META-INF/coremods/ItemStackHurtHook.js
[20Aug2025 20:19:42.636] [main/DEBUG] [net.minecraftforge.fml.loading.moddiscovery.ModFile/LOADING]: Found coremod META-INF/coremods/VibrationSystemHook.js
[20Aug2025 20:19:42.636] [main/DEBUG] [net.minecraftforge.fml.loading.moddiscovery.ModFileParser/LOADING]: Considering mod file candidate /workspaces/Los-Parceritos/servidor_minecraft/mods/curios-forge-5.8.1+1.20.1.jar
[20Aug2025 20:19:42.636] [main/DEBUG] [net.minecraftforge.fml.loading.moddiscovery.ModFileInfo/LOADING]: Found valid mod file curios-forge-5.8.1+1.20.1.jar with {curios} mods - versions {5.8.1+1.20.1}
[20Aug2025 20:19:42.637] [main/DEBUG] [net.minecraftforge.fml.loading.moddiscovery.ModFile/LOADING]: Loading mod file /workspaces/Los-Parceritos/servidor_minecraft/mods/curios-forge-5.8.1+1.20.1.jar with languages [LanguageSpec[languageName=javafml, acceptedVersions=[41,)]]
[20Aug2025 20:19:42.637] [main/DEBUG] [net.minecraftforge.fml.loading.moddiscovery.ModFileParser/LOADING]: Considering mod file candidate /workspaces/Los-Parceritos/servidor_minecraft/mods/collective-1.20.1-7.91.jar
[20Aug2025 20:19:42.637] [main/DEBUG] [net.minecraftforge.fml.loading.moddiscovery.ModFileInfo/LOADING]: Found valid mod file collective-1.20.1-7.91.jar with {collective} mods - versions {7.91}
[20Aug2025 20:19:42.637] [main/DEBUG] [net.minecraftforge.fml.loading.moddiscovery.ModFile/LOADING]: Loading mod file /workspaces/Los-Parceritos/servidor_minecraft/mods/collective-1.20.1-7.91.jar with languages [LanguageSpec[languageName=javafml, acceptedVersions=*]]
[20Aug2025 20:19:42.637] [main/DEBUG] [net.minecraftforge.fml.loading.moddiscovery.ModFileParser/LOADING]: Considering mod file candidate /workspaces/Los-Parceritos/servidor_minecraft/mods/camera-forge-1.20.1-1.0.19.jar
[20Aug2025 20:19:42.638] [main/DEBUG] [net.minecraftforge.fml.loading.moddiscovery.ModFileInfo/LOADING]: Found valid mod file camera-forge-1.20.1-1.0.19.jar with {camera} mods - versions {1.20.1-1.0.19}
[20Aug2025 20:19:42.638] [main/DEBUG] [net.minecraftforge.fml.loading.moddiscovery.ModFile/LOADING]: Loading mod file /workspaces/Los-Parceritos/servidor_minecraft/mods/camera-forge-1.20.1-1.0.19.jar with languages [LanguageSpec[languageName=javafml, acceptedVersions=*]]
[20Aug2025 20:19:42.638] [main/DEBUG] [net.minecraftforge.fml.loading.moddiscovery.ModFileParser/LOADING]: Considering mod file candidate /workspaces/Los-Parceritos/servidor_minecraft/mods/dungeons-and-taverns-3.0.3.f[Forge].jar
[20Aug2025 20:19:42.638] [main/DEBUG] [net.minecraftforge.fml.loading.moddiscovery.ModFileInfo/LOADING]: Found valid mod file dungeons-and-taverns-3.0.3.f[Forge].jar with {mr_dungeons_andtaverns} mods - versions {3.0.3.f}
[20Aug2025 20:19:42.638] [main/DEBUG] [net.minecraftforge.fml.loading.moddiscovery.ModFile/LOADING]: Loading mod file /workspaces/Los-Parceritos/servidor_minecraft/mods/dungeons-and-taverns-3.0.3.f[Forge].jar with languages [LanguageSpec[languageName=lowcodefml, acceptedVersions=[40,)]]
[20Aug2025 20:19:42.638] [main/DEBUG] [net.minecraftforge.fml.loading.moddiscovery.ModFileParser/LOADING]: Considering mod file candidate /workspaces/Los-Parceritos/servidor_minecraft/mods/Gobber2-Forge-1.20.1-2.8.9.jar
[20Aug2025 20:19:42.639] [main/DEBUG] [net.minecraftforge.fml.loading.moddiscovery.ModFileInfo/LOADING]: Found valid mod file Gobber2-Forge-1.20.1-2.8.9.jar with {gobber2} mods - versions {2.8.9}
[20Aug2025 20:19:42.639] [main/DEBUG] [net.minecraftforge.fml.loading.moddiscovery.ModFile/LOADING]: Loading mod file /workspaces/Los-Parceritos/servidor_minecraft/mods/Gobber2-Forge-1.20.1-2.8.9.jar with languages [LanguageSpec[languageName=javafml, acceptedVersions=[47,)]]
[20Aug2025 20:19:42.639] [main/DEBUG] [net.minecraftforge.fml.loading.moddiscovery.ModFileParser/LOADING]: Considering mod file candidate /workspaces/Los-Parceritos/servidor_minecraft/mods/tombstone-1.20.1-9.0.2.jar
[20Aug2025 20:19:42.639] [main/DEBUG] [net.minecraftforge.fml.loading.moddiscovery.ModFileInfo/LOADING]: Found valid mod file tombstone-1.20.1-9.0.2.jar with {tombstone} mods - versions {9.0.2}
[20Aug2025 20:19:42.639] [main/DEBUG] [net.minecraftforge.fml.loading.moddiscovery.ModFile/LOADING]: Loading mod file /workspaces/Los-Parceritos/servidor_minecraft/mods/tombstone-1.20.1-9.0.2.jar with languages [LanguageSpec[languageName=javafml, acceptedVersions=[46,)]]
[20Aug2025 20:19:42.639] [main/DEBUG] [net.minecraftforge.fml.loading.moddiscovery.ModFileParser/LOADING]: Considering mod file candidate /workspaces/Los-Parceritos/servidor_minecraft/mods/YungsBetterStrongholds-1.20-Forge-4.0.3.jar
[20Aug2025 20:19:42.640] [main/DEBUG] [net.minecraftforge.fml.loading.moddiscovery.ModFileInfo/LOADING]: Found valid mod file YungsBetterStrongholds-1.20-Forge-4.0.3.jar with {betterstrongholds} mods - versions {1.20-Forge-4.0.3}
[20Aug2025 20:19:42.640] [main/DEBUG] [net.minecraftforge.fml.loading.moddiscovery.ModFile/LOADING]: Loading mod file /workspaces/Los-Parceritos/servidor_minecraft/mods/YungsBetterStrongholds-1.20-Forge-4.0.3.jar with languages [LanguageSpec[languageName=javafml, acceptedVersions=[46,)]]
[20Aug2025 20:19:42.640] [main/DEBUG] [net.minecraftforge.fml.loading.moddiscovery.ModFileParser/LOADING]: Considering mod file candidate /workspaces/Los-Parceritos/servidor_minecraft/mods/architectury-9.1.10-forge.jar
[20Aug2025 20:19:42.640] [main/DEBUG] [net.minecraftforge.fml.loading.moddiscovery.ModFileInfo/LOADING]: Found valid mod file architectury-9.1.10-forge.jar with {architectury} mods - versions {9.1.10}
[20Aug2025 20:19:42.641] [main/DEBUG] [net.minecraftforge.fml.loading.moddiscovery.ModFile/LOADING]: Loading mod file /workspaces/Los-Parceritos/servidor_minecraft/mods/architectury-9.1.10-forge.jar with languages [LanguageSpec[languageName=javafml, acceptedVersions=[46,)]]
[20Aug2025 20:19:42.641] [main/DEBUG] [net.minecraftforge.fml.loading.moddiscovery.ModFileParser/LOADING]: Considering mod file candidate /workspaces/Los-Parceritos/servidor_minecraft/mods/AI-Improvements-1.20-0.5.2.jar
[20Aug2025 20:19:42.641] [main/DEBUG] [net.minecraftforge.fml.loading.moddiscovery.ModFileInfo/LOADING]: Found valid mod file AI-Improvements-1.20-0.5.2.jar with {aiimprovements} mods - versions {0.5.2}
[20Aug2025 20:19:42.641] [main/DEBUG] [net.minecraftforge.fml.loading.moddiscovery.ModFile/LOADING]: Loading mod file /workspaces/Los-Parceritos/servidor_minecraft/mods/AI-Improvements-1.20-0.5.2.jar with languages [LanguageSpec[languageName=javafml, acceptedVersions=[46,)]]
[20Aug2025 20:19:42.641] [main/DEBUG] [net.minecraftforge.fml.loading.moddiscovery.ModFileParser/LOADING]: Considering mod file candidate /workspaces/Los-Parceritos/servidor_minecraft/mods/cupboard-1.20.1-2.5.jar
[20Aug2025 20:19:42.642] [main/DEBUG] [net.minecraftforge.fml.loading.moddiscovery.ModFileInfo/LOADING]: Found valid mod file cupboard-1.20.1-2.5.jar with {cupboard} mods - versions {1.20.1-2.5}
[20Aug2025 20:19:42.642] [main/DEBUG] [net.minecraftforge.fml.loading.moddiscovery.ModFile/LOADING]: Loading mod file /workspaces/Los-Parceritos/servidor_minecraft/mods/cupboard-1.20.1-2.5.jar with languages [LanguageSpec[languageName=javafml, acceptedVersions=[36,)]]
[20Aug2025 20:19:42.642] [main/DEBUG] [net.minecraftforge.fml.loading.moddiscovery.ModFileParser/LOADING]: Considering mod file candidate /workspaces/Los-Parceritos/servidor_minecraft/mods/globalxp-forge-1.20.1-1.11.jar
[20Aug2025 20:19:42.642] [main/DEBUG] [net.minecraftforge.fml.loading.moddiscovery.ModFileInfo/LOADING]: Found valid mod file globalxp-forge-1.20.1-1.11.jar with {globalxp} mods - versions {1.11}
[20Aug2025 20:19:42.642] [main/DEBUG] [net.minecraftforge.fml.loading.moddiscovery.ModFile/LOADING]: Loading mod file /workspaces/Los-Parceritos/servidor_minecraft/mods/globalxp-forge-1.20.1-1.11.jar with languages [LanguageSpec[languageName=javafml, acceptedVersions=[46,)]]
[20Aug2025 20:19:42.642] [main/DEBUG] [net.minecraftforge.fml.loading.moddiscovery.ModFileParser/LOADING]: Considering mod file candidate 
[20Aug2025 20:19:42.643] [main/DEBUG] [net.minecraftforge.fml.loading.moddiscovery.ModFileInfo/LOADING]: Found valid mod file TRansition-1.0.3-1.20.1-forge-SNAPSHOT.jar with {transition} mods - versions {1.0.3}
[20Aug2025 20:19:42.643] [main/DEBUG] [net.minecraftforge.fml.loading.moddiscovery.ModFile/LOADING]: Loading mod file  with languages [LanguageSpec[languageName=javafml, acceptedVersions=[28,)]]
[20Aug2025 20:19:42.643] [main/DEBUG] [net.minecraftforge.fml.loading.moddiscovery.ModFileParser/LOADING]: Considering mod file candidate /workspaces/Los-Parceritos/servidor_minecraft/mods/refurbished_furniture-forge-1.20.1-1.0.12.jar
[20Aug2025 20:19:42.643] [main/DEBUG] [net.minecraftforge.fml.loading.moddiscovery.ModFileInfo/LOADING]: Found valid mod file refurbished_furniture-forge-1.20.1-1.0.12.jar with {refurbished_furniture} mods - versions {1.0.12}
[20Aug2025 20:19:42.644] [main/DEBUG] [net.minecraftforge.fml.loading.moddiscovery.ModFile/LOADING]: Loading mod file /workspaces/Los-Parceritos/servidor_minecraft/mods/refurbished_furniture-forge-1.20.1-1.0.12.jar with languages [LanguageSpec[languageName=javafml, acceptedVersions=[39,)]]
[20Aug2025 20:19:42.644] [main/DEBUG] [net.minecraftforge.fml.loading.moddiscovery.ModFileParser/LOADING]: Considering mod file candidate /workspaces/Los-Parceritos/servidor_minecraft/mods/YungsBetterEndIsland-1.20-Forge-2.0.6.jar
[20Aug2025 20:19:42.644] [main/DEBUG] [net.minecraftforge.fml.loading.moddiscovery.ModFileInfo/LOADING]: Found valid mod file YungsBetterEndIsland-1.20-Forge-2.0.6.jar with {betterendisland} mods - versions {1.20-Forge-2.0.6}
[20Aug2025 20:19:42.644] [main/DEBUG] [net.minecraftforge.fml.loading.moddiscovery.ModFile/LOADING]: Loading mod file /workspaces/Los-Parceritos/servidor_minecraft/mods/YungsBetterEndIsland-1.20-Forge-2.0.6.jar with languages [LanguageSpec[languageName=javafml, acceptedVersions=[46,)]]
[20Aug2025 20:19:42.644] [main/DEBUG] [net.minecraftforge.fml.loading.moddiscovery.ModFileParser/LOADING]: Considering mod file candidate /workspaces/Los-Parceritos/servidor_minecraft/mods/framework-forge-1.20.1-0.7.12.jar
[20Aug2025 20:19:42.645] [main/DEBUG] [net.minecraftforge.fml.loading.moddiscovery.ModFileInfo/LOADING]: Found valid mod file framework-forge-1.20.1-0.7.12.jar with {framework} mods - versions {0.7.12}
[20Aug2025 20:19:42.645] [main/DEBUG] [net.minecraftforge.fml.loading.moddiscovery.ModFile/LOADING]: Loading mod file /workspaces/Los-Parceritos/servidor_minecraft/mods/framework-forge-1.20.1-0.7.12.jar with languages [LanguageSpec[languageName=javafml, acceptedVersions=[39,)]]
[20Aug2025 20:19:42.645] [main/DEBUG] [net.minecraftforge.fml.loading.moddiscovery.ModFileParser/LOADING]: Considering mod file candidate /workspaces/Los-Parceritos/servidor_minecraft/mods/Towns-and-Towers-1.12-Fabric+Forge.jar
[20Aug2025 20:19:42.645] [main/DEBUG] [net.minecraftforge.fml.loading.moddiscovery.ModFileInfo/LOADING]: Found valid mod file Towns-and-Towers-1.12-Fabric+Forge.jar with {t_and_t} mods - versions {0.0NONE}
[20Aug2025 20:19:42.645] [main/DEBUG] [net.minecraftforge.fml.loading.moddiscovery.ModFile/LOADING]: Loading mod file /workspaces/Los-Parceritos/servidor_minecraft/mods/Towns-and-Towers-1.12-Fabric+Forge.jar with languages [LanguageSpec[languageName=javafml, acceptedVersions=[43,)]]
[20Aug2025 20:19:42.646] [main/DEBUG] [net.minecraftforge.fml.loading.moddiscovery.ModFileParser/LOADING]: Considering mod file candidate /workspaces/Los-Parceritos/servidor_minecraft/mods/EnchantingInfuser-v8.0.2-1.20.1-Forge.jar
[20Aug2025 20:19:42.646] [main/DEBUG] [net.minecraftforge.fml.loading.moddiscovery.ModFileInfo/LOADING]: Found valid mod file EnchantingInfuser-v8.0.2-1.20.1-Forge.jar with {enchantinginfuser} mods - versions {8.0.2}
[20Aug2025 20:19:42.646] [main/DEBUG] [net.minecraftforge.fml.loading.moddiscovery.ModFile/LOADING]: Loading mod file /workspaces/Los-Parceritos/servidor_minecraft/mods/EnchantingInfuser-v8.0.2-1.20.1-Forge.jar with languages [LanguageSpec[languageName=javafml, acceptedVersions=[47,)]]
[20Aug2025 20:19:42.646] [main/DEBUG] [net.minecraftforge.fml.loading.moddiscovery.ModFileParser/LOADING]: Considering mod file candidate /workspaces/Los-Parceritos/servidor_minecraft/mods/PlayerRevive_FORGE_v2.0.31_mc1.20.1.jar
[20Aug2025 20:19:42.646] [main/DEBUG] [net.minecraftforge.fml.loading.moddiscovery.ModFileInfo/LOADING]: Found valid mod file PlayerRevive_FORGE_v2.0.31_mc1.20.1.jar with {playerrevive} mods - versions {2.0.31}
[20Aug2025 20:19:42.647] [main/DEBUG] [net.minecraftforge.fml.loading.moddiscovery.ModFile/LOADING]: Loading mod file /workspaces/Los-Parceritos/servidor_minecraft/mods/PlayerRevive_FORGE_v2.0.31_mc1.20.1.jar with languages [LanguageSpec[languageName=javafml, acceptedVersions=[46,)]]
[20Aug2025 20:19:42.647] [main/DEBUG] [net.minecraftforge.fml.loading.moddiscovery.ModFileParser/LOADING]: Considering mod file candidate /workspaces/Los-Parceritos/servidor_minecraft/mods/mcw-lights-1.1.2-mc1.20.1forge.jar
[20Aug2025 20:19:42.647] [main/DEBUG] [net.minecraftforge.fml.loading.moddiscovery.ModFileInfo/LOADING]: Found valid mod file mcw-lights-1.1.2-mc1.20.1forge.jar with {mcwlights} mods - versions {1.1.2}
[20Aug2025 20:19:42.647] [main/DEBUG] [net.minecraftforge.fml.loading.moddiscovery.ModFile/LOADING]: Loading mod file /workspaces/Los-Parceritos/servidor_minecraft/mods/mcw-lights-1.1.2-mc1.20.1forge.jar with languages [LanguageSpec[languageName=javafml, acceptedVersions=[28,)]]
[20Aug2025 20:19:42.647] [main/DEBUG] [net.minecraftforge.fml.loading.moddiscovery.ModFileParser/LOADING]: Considering mod file candidate /workspaces/Los-Parceritos/servidor_minecraft/mods/doubledoors-1.20.1-6.2.jar
[20Aug2025 20:19:42.648] [main/DEBUG] [net.minecraftforge.fml.loading.moddiscovery.ModFileInfo/LOADING]: Found valid mod file doubledoors-1.20.1-6.2.jar with {doubledoors} mods - versions {6.2}
[20Aug2025 20:19:42.648] [main/DEBUG] [net.minecraftforge.fml.loading.moddiscovery.ModFile/LOADING]: Loading mod file /workspaces/Los-Parceritos/servidor_minecraft/mods/doubledoors-1.20.1-6.2.jar with languages [LanguageSpec[languageName=javafml, acceptedVersions=*]]
[20Aug2025 20:19:42.648] [main/DEBUG] [net.minecraftforge.fml.loading.moddiscovery.ModFileParser/LOADING]: Considering mod file candidate /workspaces/Los-Parceritos/servidor_minecraft/mods/Fastload-Reforged-mc1.20.1-3.4.0.jar
[20Aug2025 20:19:42.648] [main/DEBUG] [net.minecraftforge.fml.loading.moddiscovery.ModFileInfo/LOADING]: Found valid mod file Fastload-Reforged-mc1.20.1-3.4.0.jar with {fastload} mods - versions {3.4.0}
[20Aug2025 20:19:42.648] [main/DEBUG] [net.minecraftforge.fml.loading.moddiscovery.ModFile/LOADING]: Loading mod file /workspaces/Los-Parceritos/servidor_minecraft/mods/Fastload-Reforged-mc1.20.1-3.4.0.jar with languages [LanguageSpec[languageName=javafml, acceptedVersions=[47,)]]
[20Aug2025 20:19:42.649] [main/DEBUG] [net.minecraftforge.fml.loading.moddiscovery.ModFileParser/LOADING]: Considering mod file candidate /workspaces/Los-Parceritos/servidor_minecraft/mods/minecraft-comes-alive-7.5.14+1.20.1-universal.jar
[20Aug2025 20:19:42.649] [main/DEBUG] [net.minecraftforge.fml.loading.moddiscovery.ModFileInfo/LOADING]: Found valid mod file minecraft-comes-alive-7.5.14+1.20.1-universal.jar with {mca} mods - versions {7.5.14+1.20.1}
[20Aug2025 20:19:42.649] [main/DEBUG] [net.minecraftforge.fml.loading.moddiscovery.ModFile/LOADING]: Loading mod file /workspaces/Los-Parceritos/servidor_minecraft/mods/minecraft-comes-alive-7.5.14+1.20.1-universal.jar with languages [LanguageSpec[languageName=javafml, acceptedVersions=[44,)]]
[20Aug2025 20:19:42.649] [main/DEBUG] [net.minecraftforge.fml.loading.moddiscovery.ModFileParser/LOADING]: Considering mod file candidate /workspaces/Los-Parceritos/servidor_minecraft/mods/jei-1.20.1-forge-15.20.0.112.jar
[20Aug2025 20:19:42.650] [main/DEBUG] [net.minecraftforge.fml.loading.moddiscovery.ModFileInfo/LOADING]: Found valid mod file jei-1.20.1-forge-15.20.0.112.jar with {jei} mods - versions {15.20.0.112}
[20Aug2025 20:19:42.650] [main/DEBUG] [net.minecraftforge.fml.loading.moddiscovery.ModFile/LOADING]: Loading mod file /workspaces/Los-Parceritos/servidor_minecraft/mods/jei-1.20.1-forge-15.20.0.112.jar with languages [LanguageSpec[languageName=javafml, acceptedVersions=[47,)]]
[20Aug2025 20:19:42.650] [main/DEBUG] [net.minecraftforge.fml.loading.moddiscovery.ModFileParser/LOADING]: Considering mod file candidate /workspaces/Los-Parceritos/servidor_minecraft/mods/lithostitched-forge-1.20.1-1.4.jar
[20Aug2025 20:19:42.650] [main/DEBUG] [net.minecraftforge.fml.loading.moddiscovery.ModFileInfo/LOADING]: Found valid mod file lithostitched-forge-1.20.1-1.4.jar with {lithostitched} mods - versions {1.4}
[20Aug2025 20:19:42.650] [main/DEBUG] [net.minecraftforge.fml.loading.moddiscovery.ModFile/LOADING]: Loading mod file /workspaces/Los-Parceritos/servidor_minecraft/mods/lithostitched-forge-1.20.1-1.4.jar with languages [LanguageSpec[languageName=javafml, acceptedVersions=[46,)]]
[20Aug2025 20:19:42.650] [main/DEBUG] [net.minecraftforge.fml.loading.moddiscovery.ModFileParser/LOADING]: Considering mod file candidate 
[20Aug2025 20:19:42.651] [main/DEBUG] [net.minecraftforge.fml.loading.moddiscovery.ModFileInfo/LOADING]: Found valid mod file TRender-1.0.5-1.20.1-forge-SNAPSHOT.jar with {trender} mods - versions {1.0.5}
[20Aug2025 20:19:42.651] [main/DEBUG] [net.minecraftforge.fml.loading.moddiscovery.ModFile/LOADING]: Loading mod file  with languages [LanguageSpec[languageName=javafml, acceptedVersions=[28,)]]
[20Aug2025 20:19:42.651] [main/DEBUG] [net.minecraftforge.fml.loading.moddiscovery.ModFileParser/LOADING]: Considering mod file candidate /workspaces/Los-Parceritos/servidor_minecraft/mods/goblintraders-forge-1.20.1-1.9.3.jar
[20Aug2025 20:19:42.651] [main/DEBUG] [net.minecraftforge.fml.loading.moddiscovery.ModFileInfo/LOADING]: Found valid mod file goblintraders-forge-1.20.1-1.9.3.jar with {goblintraders} mods - versions {1.9.3}
[20Aug2025 20:19:42.652] [main/DEBUG] [net.minecraftforge.fml.loading.moddiscovery.ModFile/LOADING]: Loading mod file /workspaces/Los-Parceritos/servidor_minecraft/mods/goblintraders-forge-1.20.1-1.9.3.jar with languages [LanguageSpec[languageName=javafml, acceptedVersions=[39,)]]
[20Aug2025 20:19:42.652] [main/DEBUG] [net.minecraftforge.fml.loading.moddiscovery.ModFileParser/LOADING]: Considering mod file candidate /workspaces/Los-Parceritos/servidor_minecraft/mods/waystones-forge-1.20.1-14.1.13.jar
[20Aug2025 20:19:42.652] [main/DEBUG] [net.minecraftforge.fml.loading.moddiscovery.ModFileInfo/LOADING]: Found valid mod file waystones-forge-1.20.1-14.1.13.jar with {waystones} mods - versions {14.1.13}
[20Aug2025 20:19:42.652] [main/DEBUG] [net.minecraftforge.fml.loading.moddiscovery.ModFile/LOADING]: Loading mod file /workspaces/Los-Parceritos/servidor_minecraft/mods/waystones-forge-1.20.1-14.1.13.jar with languages [LanguageSpec[languageName=javafml, acceptedVersions=[46,)]]
[20Aug2025 20:19:42.652] [main/DEBUG] [net.minecraftforge.fml.loading.moddiscovery.ModFileParser/LOADING]: Considering mod file candidate /workspaces/Los-Parceritos/servidor_minecraft/mods/Clumps-forge-1.20.1-12.0.0.4.jar
[20Aug2025 20:19:42.653] [main/DEBUG] [net.minecraftforge.fml.loading.moddiscovery.ModFileInfo/LOADING]: Found valid mod file Clumps-forge-1.20.1-12.0.0.4.jar with {clumps} mods - versions {12.0.0.4}
[20Aug2025 20:19:42.653] [main/DEBUG] [net.minecraftforge.fml.loading.moddiscovery.ModFile/LOADING]: Loading mod file /workspaces/Los-Parceritos/servidor_minecraft/mods/Clumps-forge-1.20.1-12.0.0.4.jar with languages [LanguageSpec[languageName=javafml, acceptedVersions=[41,)]]
[20Aug2025 20:19:42.653] [main/DEBUG] [net.minecraftforge.fml.loading.moddiscovery.ModFileParser/LOADING]: Considering mod file candidate /workspaces/Los-Parceritos/servidor_minecraft/mods/Structory_1.20.x_v1.3.5.jar
[20Aug2025 20:19:42.653] [main/DEBUG] [net.minecraftforge.fml.loading.moddiscovery.ModFileInfo/LOADING]: Found valid mod file Structory_1.20.x_v1.3.5.jar with {structory} mods - versions {1.3.5}
[20Aug2025 20:19:42.653] [main/DEBUG] [net.minecraftforge.fml.loading.moddiscovery.ModFile/LOADING]: Loading mod file /workspaces/Los-Parceritos/servidor_minecraft/mods/Structory_1.20.x_v1.3.5.jar with languages [LanguageSpec[languageName=lowcodefml, acceptedVersions=[1,)]]
[20Aug2025 20:19:42.653] [main/DEBUG] [net.minecraftforge.fml.loading.moddiscovery.ModFileParser/LOADING]: Considering mod file candidate /workspaces/Los-Parceritos/servidor_minecraft/mods/journeymap-1.20.1-5.10.3-forge.jar
[20Aug2025 20:19:42.654] [main/DEBUG] [net.minecraftforge.fml.loading.moddiscovery.ModFileInfo/LOADING]: Found valid mod file journeymap-1.20.1-5.10.3-forge.jar with {journeymap} mods - versions {5.10.3}
[20Aug2025 20:19:42.654] [main/DEBUG] [net.minecraftforge.fml.loading.moddiscovery.ModFile/LOADING]: Loading mod file /workspaces/Los-Parceritos/servidor_minecraft/mods/journeymap-1.20.1-5.10.3-forge.jar with languages [LanguageSpec[languageName=javafml, acceptedVersions=[44,)]]
[20Aug2025 20:19:42.654] [main/DEBUG] [net.minecraftforge.fml.loading.moddiscovery.ModFileParser/LOADING]: Found coremod journeymap potion effect transformer with Javascript path potion-effects-shift.js
[20Aug2025 20:19:42.654] [main/DEBUG] [net.minecraftforge.fml.loading.moddiscovery.ModFile/LOADING]: Found coremod potion-effects-shift.js
[20Aug2025 20:19:42.654] [main/DEBUG] [net.minecraftforge.fml.loading.moddiscovery.ModFileParser/LOADING]: Considering mod file candidate /workspaces/Los-Parceritos/servidor_minecraft/mods/artifacts-forge-9.5.11.jar
[20Aug2025 20:19:42.655] [main/DEBUG] [net.minecraftforge.fml.loading.moddiscovery.ModFileInfo/LOADING]: Found valid mod file artifacts-forge-9.5.11.jar with {artifacts} mods - versions {9.5.11}
[20Aug2025 20:19:42.655] [main/DEBUG] [net.minecraftforge.fml.loading.moddiscovery.ModFile/LOADING]: Loading mod file /workspaces/Los-Parceritos/servidor_minecraft/mods/artifacts-forge-9.5.11.jar with languages [LanguageSpec[languageName=javafml, acceptedVersions=[47,)]]
[20Aug2025 20:19:42.655] [main/DEBUG] [net.minecraftforge.fml.loading.moddiscovery.ModFileParser/LOADING]: Considering mod file candidate /workspaces/Los-Parceritos/servidor_minecraft/mods/lukis-grand-capitals-1.1.1.jar
[20Aug2025 20:19:42.655] [main/DEBUG] [net.minecraftforge.fml.loading.moddiscovery.ModFileInfo/LOADING]: Found valid mod file lukis-grand-capitals-1.1.1.jar with {mr_lukis_grandcapitals} mods - versions {1.1.1}
[20Aug2025 20:19:42.655] [main/DEBUG] [net.minecraftforge.fml.loading.moddiscovery.ModFile/LOADING]: Loading mod file /workspaces/Los-Parceritos/servidor_minecraft/mods/lukis-grand-capitals-1.1.1.jar with languages [LanguageSpec[languageName=lowcodefml, acceptedVersions=[40,)]]
[20Aug2025 20:19:42.655] [main/DEBUG] [net.minecraftforge.fml.loading.moddiscovery.ModFileParser/LOADING]: Considering mod file candidate /workspaces/Los-Parceritos/servidor_minecraft/mods/GlitchCore-forge-1.20.1-0.0.1.0.jar
[20Aug2025 20:19:42.655] [main/DEBUG] [net.minecraftforge.fml.loading.moddiscovery.ModFileInfo/LOADING]: Found valid mod file GlitchCore-forge-1.20.1-0.0.1.0.jar with {glitchcore} mods - versions {0.0.1.0}
[20Aug2025 20:19:42.656] [main/DEBUG] [net.minecraftforge.fml.loading.moddiscovery.ModFile/LOADING]: Loading mod file /workspaces/Los-Parceritos/servidor_minecraft/mods/GlitchCore-forge-1.20.1-0.0.1.0.jar with languages [LanguageSpec[languageName=javafml, acceptedVersions=[47,)]]
[20Aug2025 20:19:42.656] [main/DEBUG] [net.minecraftforge.fml.loading.moddiscovery.ModFileParser/LOADING]: Considering mod file candidate /workspaces/Los-Parceritos/servidor_minecraft/mods/fusion-1.1.0-forge-mc1.20.1.jar
[20Aug2025 20:19:42.656] [main/DEBUG] [net.minecraftforge.fml.loading.moddiscovery.ModFileInfo/LOADING]: Found valid mod file fusion-1.1.0-forge-mc1.20.1.jar with {fusion} mods - versions {1.1.0}
[20Aug2025 20:19:42.656] [main/DEBUG] [net.minecraftforge.fml.loading.moddiscovery.ModFile/LOADING]: Loading mod file /workspaces/Los-Parceritos/servidor_minecraft/mods/fusion-1.1.0-forge-mc1.20.1.jar with languages [LanguageSpec[languageName=javafml, acceptedVersions=[47,)]]
[20Aug2025 20:19:42.656] [main/DEBUG] [net.minecraftforge.fml.loading.moddiscovery.ModFileParser/LOADING]: Considering mod file candidate /workspaces/Los-Parceritos/servidor_minecraft/mods/skinlayers3d-forge-1.8.1-mc1.20.1.jar
[20Aug2025 20:19:42.657] [main/DEBUG] [net.minecraftforge.fml.loading.moddiscovery.ModFileInfo/LOADING]: Found valid mod file skinlayers3d-forge-1.8.1-mc1.20.1.jar with {skinlayers3d} mods - versions {1.8.1}
[20Aug2025 20:19:42.657] [main/DEBUG] [net.minecraftforge.fml.loading.moddiscovery.ModFile/LOADING]: Loading mod file /workspaces/Los-Parceritos/servidor_minecraft/mods/skinlayers3d-forge-1.8.1-mc1.20.1.jar with languages [LanguageSpec[languageName=javafml, acceptedVersions=[28,)]]
[20Aug2025 20:19:42.657] [main/DEBUG] [net.minecraftforge.fml.loading.moddiscovery.ModFileParser/LOADING]: Considering mod file candidate /workspaces/Los-Parceritos/servidor_minecraft/libraries/net/minecraftforge/forge/1.20.1-47.3.7/forge-1.20.1-47.3.7-universal.jar
[20Aug2025 20:19:42.657] [main/DEBUG] [net.minecraftforge.fml.loading.moddiscovery.ModFileInfo/LOADING]: Found valid mod file forge-1.20.1-47.3.7-universal.jar with {forge} mods - versions {47.3.7}
[20Aug2025 20:19:42.657] [main/DEBUG] [net.minecraftforge.fml.loading.moddiscovery.ModFile/LOADING]: Loading mod file /workspaces/Los-Parceritos/servidor_minecraft/libraries/net/minecraftforge/forge/1.20.1-47.3.7/forge-1.20.1-47.3.7-universal.jar with languages [LanguageSpec[languageName=javafml, acceptedVersions=[24,]]]
[20Aug2025 20:19:42.657] [main/DEBUG] [net.minecraftforge.fml.loading.moddiscovery.ModFileParser/LOADING]: Found coremod field_to_method with Javascript path coremods/field_to_method.js
[20Aug2025 20:19:42.658] [main/DEBUG] [net.minecraftforge.fml.loading.moddiscovery.ModFileParser/LOADING]: Found coremod field_to_instanceof with Javascript path coremods/field_to_instanceof.js
[20Aug2025 20:19:42.658] [main/DEBUG] [net.minecraftforge.fml.loading.moddiscovery.ModFileParser/LOADING]: Found coremod add_bouncer_method with Javascript path coremods/add_bouncer_method.js
[20Aug2025 20:19:42.658] [main/DEBUG] [net.minecraftforge.fml.loading.moddiscovery.ModFileParser/LOADING]: Found coremod method_redirector with Javascript path coremods/method_redirector.js
[20Aug2025 20:19:42.658] [main/DEBUG] [net.minecraftforge.fml.loading.moddiscovery.ModFile/LOADING]: Found coremod coremods/field_to_method.js
[20Aug2025 20:19:42.658] [main/DEBUG] [net.minecraftforge.fml.loading.moddiscovery.ModFile/LOADING]: Found coremod coremods/field_to_instanceof.js
[20Aug2025 20:19:42.658] [main/DEBUG] [net.minecraftforge.fml.loading.moddiscovery.ModFile/LOADING]: Found coremod coremods/add_bouncer_method.js
[20Aug2025 20:19:42.658] [main/DEBUG] [net.minecraftforge.fml.loading.moddiscovery.ModFile/LOADING]: Found coremod coremods/method_redirector.js
[20Aug2025 20:19:42.658] [main/DEBUG] [net.minecraftforge.fml.loading.moddiscovery.ModFileParser/LOADING]: Considering mod file candidate /workspaces/Los-Parceritos/servidor_minecraft/mods/tl_skin_cape_forge_1.20_1.20.1-1.32.jar
[20Aug2025 20:19:42.658] [main/DEBUG] [net.minecraftforge.fml.loading.moddiscovery.ModFileInfo/LOADING]: Found valid mod file tl_skin_cape_forge_1.20_1.20.1-1.32.jar with {tlskincape} mods - versions {1.32}
[20Aug2025 20:19:42.658] [main/DEBUG] [net.minecraftforge.fml.loading.moddiscovery.ModFile/LOADING]: Loading mod file /workspaces/Los-Parceritos/servidor_minecraft/mods/tl_skin_cape_forge_1.20_1.20.1-1.32.jar with languages [LanguageSpec[languageName=javafml, acceptedVersions=[25,)]]
[20Aug2025 20:19:42.658] [main/DEBUG] [net.minecraftforge.fml.loading.moddiscovery.ModFileParser/LOADING]: Considering mod file candidate /workspaces/Los-Parceritos/servidor_minecraft/mods/infernalmobs-1.20.1.10.jar
[20Aug2025 20:19:42.659] [main/DEBUG] [net.minecraftforge.fml.loading.moddiscovery.ModFileInfo/LOADING]: Found valid mod file infernalmobs-1.20.1.10.jar with {infernalmobs} mods - versions {1.20.1.10}
[20Aug2025 20:19:42.659] [main/DEBUG] [net.minecraftforge.fml.loading.moddiscovery.ModFile/LOADING]: Loading mod file /workspaces/Los-Parceritos/servidor_minecraft/mods/infernalmobs-1.20.1.10.jar with languages [LanguageSpec[languageName=javafml, acceptedVersions=[37,)]]
[20Aug2025 20:19:42.659] [main/DEBUG] [net.minecraftforge.fml.loading.moddiscovery.ModFileParser/LOADING]: Considering mod file candidate /workspaces/Los-Parceritos/servidor_minecraft/mods/DungeonsArise-1.20.x-2.1.58-release.jar
[20Aug2025 20:19:42.659] [main/DEBUG] [net.minecraftforge.fml.loading.moddiscovery.ModFileInfo/LOADING]: Found valid mod file DungeonsArise-1.20.x-2.1.58-release.jar with {dungeons_arise} mods - versions {2.1.58-1.20.x}
[20Aug2025 20:19:42.660] [main/DEBUG] [net.minecraftforge.fml.loading.moddiscovery.ModFile/LOADING]: Loading mod file /workspaces/Los-Parceritos/servidor_minecraft/mods/DungeonsArise-1.20.x-2.1.58-release.jar with languages [LanguageSpec[languageName=javafml, acceptedVersions=[41,)]]
[20Aug2025 20:19:42.660] [main/DEBUG] [net.minecraftforge.fml.loading.moddiscovery.ModFileParser/LOADING]: Considering mod file candidate /workspaces/Los-Parceritos/servidor_minecraft/mods/useless-sword-furtos-edition-1.20.1-1.0.1.jar
[20Aug2025 20:19:42.660] [main/DEBUG] [net.minecraftforge.fml.loading.moddiscovery.ModFileInfo/LOADING]: Found valid mod file useless-sword-furtos-edition-1.20.1-1.0.1.jar with {useless_sword} mods - versions {1.0.1}
[20Aug2025 20:19:42.660] [main/DEBUG] [net.minecraftforge.fml.loading.moddiscovery.ModFile/LOADING]: Loading mod file /workspaces/Los-Parceritos/servidor_minecraft/mods/useless-sword-furtos-edition-1.20.1-1.0.1.jar with languages [LanguageSpec[languageName=javafml, acceptedVersions=[47,)]]
[20Aug2025 20:19:42.660] [main/DEBUG] [net.minecraftforge.fml.loading.moddiscovery.ModFileParser/LOADING]: Considering mod file candidate /workspaces/Los-Parceritos/servidor_minecraft/mods/sons-of-sins-1.20.1-2.1.4b.jar
[20Aug2025 20:19:42.660] [main/DEBUG] [net.minecraftforge.fml.loading.moddiscovery.ModFileInfo/LOADING]: Found valid mod file sons-of-sins-1.20.1-2.1.4b.jar with {sons_of_sins} mods - versions {2.1.4.}
[20Aug2025 20:19:42.660] [main/DEBUG] [net.minecraftforge.fml.loading.moddiscovery.ModFile/LOADING]: Loading mod file /workspaces/Los-Parceritos/servidor_minecraft/mods/sons-of-sins-1.20.1-2.1.4b.jar with languages [LanguageSpec[languageName=javafml, acceptedVersions=[47,)]]
[20Aug2025 20:19:42.661] [main/DEBUG] [net.minecraftforge.fml.loading.moddiscovery.ModFileInfo/LOADING]: Found valid mod file server-1.20.1-20230612.114412-srg.jar with {minecraft} mods - versions {1.20.1}
[20Aug2025 20:19:42.661] [main/DEBUG] [net.minecraftforge.fml.loading.moddiscovery.ModFile/LOADING]: Loading mod file /workspaces/Los-Parceritos/servidor_minecraft/libraries/net/minecraft/server/1.20.1-20230612.114412/server-1.20.1-20230612.114412-srg.jar with languages [LanguageSpec[languageName=minecraft, acceptedVersions=1]]
[20Aug2025 20:19:42.661] [main/DEBUG] [net.minecraftforge.fml.loading.moddiscovery.ModFileParser/LOADING]: Considering mod file candidate /workspaces/Los-Parceritos/servidor_minecraft/mods/EnchantmentDescriptions-Forge-1.20.1-17.1.18.jar
[20Aug2025 20:19:42.661] [main/DEBUG] [net.minecraftforge.fml.loading.moddiscovery.ModFileInfo/LOADING]: Found valid mod file EnchantmentDescriptions-Forge-1.20.1-17.1.18.jar with {enchdesc} mods - versions {17.1.18}
[20Aug2025 20:19:42.662] [main/DEBUG] [net.minecraftforge.fml.loading.moddiscovery.ModFile/LOADING]: Loading mod file /workspaces/Los-Parceritos/servidor_minecraft/mods/EnchantmentDescriptions-Forge-1.20.1-17.1.18.jar with languages [LanguageSpec[languageName=javafml, acceptedVersions=[47,)]]
[20Aug2025 20:19:42.662] [main/DEBUG] [net.minecraftforge.fml.loading.moddiscovery.ModFileParser/LOADING]: Considering mod file candidate /workspaces/Los-Parceritos/servidor_minecraft/mods/TerraBlender-forge-1.20.1-3.0.1.7.jar
[20Aug2025 20:19:42.662] [main/DEBUG] [net.minecraftforge.fml.loading.moddiscovery.ModFileInfo/LOADING]: Found valid mod file TerraBlender-forge-1.20.1-3.0.1.7.jar with {terrablender} mods - versions {3.0.1.7}
[20Aug2025 20:19:42.662] [main/DEBUG] [net.minecraftforge.fml.loading.moddiscovery.ModFile/LOADING]: Loading mod file /workspaces/Los-Parceritos/servidor_minecraft/mods/TerraBlender-forge-1.20.1-3.0.1.7.jar with languages [LanguageSpec[languageName=javafml, acceptedVersions=[47,)]]
[20Aug2025 20:19:42.662] [main/DEBUG] [net.minecraftforge.fml.loading.moddiscovery.ModFileParser/LOADING]: Considering mod file candidate /workspaces/Los-Parceritos/servidor_minecraft/mods/Jade-1.20.1-Forge-11.13.1.jar
[20Aug2025 20:19:42.662] [main/DEBUG] [net.minecraftforge.fml.loading.moddiscovery.ModFileInfo/LOADING]: Found valid mod file Jade-1.20.1-Forge-11.13.1.jar with {jade} mods - versions {11.13.1+forge}
[20Aug2025 20:19:42.662] [main/DEBUG] [net.minecraftforge.fml.loading.moddiscovery.ModFile/LOADING]: Loading mod file /workspaces/Los-Parceritos/servidor_minecraft/mods/Jade-1.20.1-Forge-11.13.1.jar with languages [LanguageSpec[languageName=javafml, acceptedVersions=[46,)]]
[20Aug2025 20:19:42.663] [main/DEBUG] [net.minecraftforge.fml.loading.moddiscovery.ModFileParser/LOADING]: Considering mod file candidate /workspaces/Los-Parceritos/servidor_minecraft/mods/CreativeCore_FORGE_v2.12.32_mc1.20.1.jar
[20Aug2025 20:19:42.663] [main/DEBUG] [net.minecraftforge.fml.loading.moddiscovery.ModFileInfo/LOADING]: Found valid mod file CreativeCore_FORGE_v2.12.32_mc1.20.1.jar with {creativecore} mods - versions {2.12.32}
[20Aug2025 20:19:42.663] [main/DEBUG] [net.minecraftforge.fml.loading.moddiscovery.ModFile/LOADING]: Loading mod file /workspaces/Los-Parceritos/servidor_minecraft/mods/CreativeCore_FORGE_v2.12.32_mc1.20.1.jar with languages [LanguageSpec[languageName=javafml, acceptedVersions=[46,)]]
[20Aug2025 20:19:42.663] [main/DEBUG] [net.minecraftforge.fml.loading.moddiscovery.ModFileParser/LOADING]: Considering mod file candidate 
[20Aug2025 20:19:42.663] [main/DEBUG] [net.minecraftforge.fml.loading.moddiscovery.ModFileInfo/LOADING]: Found valid mod file kffmod-4.11.0.jar with {kotlinforforge} mods - versions {4.11.0}
[20Aug2025 20:19:42.663] [main/DEBUG] [net.minecraftforge.fml.loading.moddiscovery.ModFile/LOADING]: Loading mod file  with languages [LanguageSpec[languageName=kotlinforforge, acceptedVersions=[4,)]]
[20Aug2025 20:19:42.664] [main/DEBUG] [net.minecraftforge.fml.loading.moddiscovery.ModFileParser/LOADING]: Considering mod file candidate /workspaces/Los-Parceritos/servidor_minecraft/mods/Iceberg-1.20.1-forge-1.1.21.jar
[20Aug2025 20:19:42.664] [main/DEBUG] [net.minecraftforge.fml.loading.moddiscovery.ModFileInfo/LOADING]: Found valid mod file Iceberg-1.20.1-forge-1.1.21.jar with {iceberg} mods - versions {1.1.21}
[20Aug2025 20:19:42.664] [main/DEBUG] [net.minecraftforge.fml.loading.moddiscovery.ModFile/LOADING]: Loading mod file /workspaces/Los-Parceritos/servidor_minecraft/mods/Iceberg-1.20.1-forge-1.1.21.jar with languages [LanguageSpec[languageName=javafml, acceptedVersions=[47,)]]
[20Aug2025 20:19:42.664] [main/DEBUG] [net.minecraftforge.fml.loading.moddiscovery.ModFileParser/LOADING]: Considering mod file candidate /workspaces/Los-Parceritos/servidor_minecraft/mods/notenoughanimations-forge-1.10.1-mc1.20.1.jar
[20Aug2025 20:19:42.664] [main/DEBUG] [net.minecraftforge.fml.loading.moddiscovery.ModFileInfo/LOADING]: Found valid mod file notenoughanimations-forge-1.10.1-mc1.20.1.jar with {notenoughanimations} mods - versions {1.10.1}
[20Aug2025 20:19:42.665] [main/DEBUG] [net.minecraftforge.fml.loading.moddiscovery.ModFile/LOADING]: Loading mod file /workspaces/Los-Parceritos/servidor_minecraft/mods/notenoughanimations-forge-1.10.1-mc1.20.1.jar with languages [LanguageSpec[languageName=javafml, acceptedVersions=[28,)]]
[20Aug2025 20:19:42.665] [main/DEBUG] [net.minecraftforge.fml.loading.moddiscovery.ModFileParser/LOADING]: Considering mod file candidate /workspaces/Los-Parceritos/servidor_minecraft/mods/brutalbosses-1.20.1-8.0.jar
[20Aug2025 20:19:42.665] [main/DEBUG] [net.minecraftforge.fml.loading.moddiscovery.ModFileInfo/LOADING]: Found valid mod file brutalbosses-1.20.1-8.0.jar with {brutalbosses} mods - versions {1.20.1-8.0}
[20Aug2025 20:19:42.665] [main/DEBUG] [net.minecraftforge.fml.loading.moddiscovery.ModFile/LOADING]: Loading mod file /workspaces/Los-Parceritos/servidor_minecraft/mods/brutalbosses-1.20.1-8.0.jar with languages [LanguageSpec[languageName=javafml, acceptedVersions=[36,)]]
[20Aug2025 20:19:42.665] [main/DEBUG] [net.minecraftforge.fml.loading.moddiscovery.ModFileParser/LOADING]: Considering mod file candidate /workspaces/Los-Parceritos/servidor_minecraft/mods/FastWorkbench-1.20.1-8.0.4.jar
[20Aug2025 20:19:42.666] [main/DEBUG] [net.minecraftforge.fml.loading.moddiscovery.ModFileInfo/LOADING]: Found valid mod file FastWorkbench-1.20.1-8.0.4.jar with {fastbench} mods - versions {8.0.4}
[20Aug2025 20:19:42.666] [main/DEBUG] [net.minecraftforge.fml.loading.moddiscovery.ModFile/LOADING]: Loading mod file /workspaces/Los-Parceritos/servidor_minecraft/mods/FastWorkbench-1.20.1-8.0.4.jar with languages [LanguageSpec[languageName=javafml, acceptedVersions=[32,)]]
[20Aug2025 20:19:42.666] [main/DEBUG] [net.minecraftforge.fml.loading.moddiscovery.ModFileParser/LOADING]: Considering mod file candidate /workspaces/Los-Parceritos/servidor_minecraft/mods/[1.20.1] SecurityCraft v1.10.0.1.jar
[20Aug2025 20:19:42.666] [main/DEBUG] [net.minecraftforge.fml.loading.moddiscovery.ModFileInfo/LOADING]: Found valid mod file [1.20.1] SecurityCraft v1.10.0.1.jar with {securitycraft} mods - versions {1.10.0.1}
[20Aug2025 20:19:42.666] [main/DEBUG] [net.minecraftforge.fml.loading.moddiscovery.ModFile/LOADING]: Loading mod file /workspaces/Los-Parceritos/servidor_minecraft/mods/[1.20.1] SecurityCraft v1.10.0.1.jar with languages [LanguageSpec[languageName=javafml, acceptedVersions=[46,)]]
[20Aug2025 20:19:42.666] [main/DEBUG] [net.minecraftforge.fml.loading.moddiscovery.ModFileParser/LOADING]: Considering mod file candidate /workspaces/Los-Parceritos/servidor_minecraft/mods/coroutil-forge-1.20.1-1.3.7.jar
[20Aug2025 20:19:42.667] [main/DEBUG] [net.minecraftforge.fml.loading.moddiscovery.ModFileInfo/LOADING]: Found valid mod file coroutil-forge-1.20.1-1.3.7.jar with {coroutil} mods - versions {1.20.1-1.3.7}
[20Aug2025 20:19:42.667] [main/DEBUG] [net.minecraftforge.fml.loading.moddiscovery.ModFile/LOADING]: Loading mod file /workspaces/Los-Parceritos/servidor_minecraft/mods/coroutil-forge-1.20.1-1.3.7.jar with languages [LanguageSpec[languageName=javafml, acceptedVersions=[47,)]]
[20Aug2025 20:19:42.667] [main/DEBUG] [net.minecraftforge.fml.loading.moddiscovery.ModFileParser/LOADING]: Considering mod file candidate /workspaces/Los-Parceritos/servidor_minecraft/mods/FastFurnace-1.20.1-8.0.2.jar
[20Aug2025 20:19:42.667] [main/DEBUG] [net.minecraftforge.fml.loading.moddiscovery.ModFileInfo/LOADING]: Found valid mod file FastFurnace-1.20.1-8.0.2.jar with {fastfurnace} mods - versions {8.0.2}
[20Aug2025 20:19:42.667] [main/DEBUG] [net.minecraftforge.fml.loading.moddiscovery.ModFile/LOADING]: Loading mod file /workspaces/Los-Parceritos/servidor_minecraft/mods/FastFurnace-1.20.1-8.0.2.jar with languages [LanguageSpec[languageName=javafml, acceptedVersions=[32,)]]
[20Aug2025 20:19:42.668] [main/DEBUG] [net.minecraftforge.fml.loading.moddiscovery.ModFileParser/LOADING]: Considering mod file candidate /workspaces/Los-Parceritos/servidor_minecraft/mods/appleskin-forge-mc1.20.1-2.5.1.jar
[20Aug2025 20:19:42.668] [main/DEBUG] [net.minecraftforge.fml.loading.moddiscovery.ModFileInfo/LOADING]: Found valid mod file appleskin-forge-mc1.20.1-2.5.1.jar with {appleskin} mods - versions {2.5.1+mc1.20.1}
[20Aug2025 20:19:42.668] [main/DEBUG] [net.minecraftforge.fml.loading.moddiscovery.ModFile/LOADING]: Loading mod file /workspaces/Los-Parceritos/servidor_minecraft/mods/appleskin-forge-mc1.20.1-2.5.1.jar with languages [LanguageSpec[languageName=javafml, acceptedVersions=[47,)]]
[20Aug2025 20:19:42.668] [main/DEBUG] [net.minecraftforge.fml.loading.moddiscovery.ModFileParser/LOADING]: Considering mod file candidate /workspaces/Los-Parceritos/servidor_minecraft/mods/connectedglass-1.1.11-forge-mc1.20.1.jar
[20Aug2025 20:19:42.669] [main/DEBUG] [net.minecraftforge.fml.loading.moddiscovery.ModFileInfo/LOADING]: Found valid mod file connectedglass-1.1.11-forge-mc1.20.1.jar with {connectedglass} mods - versions {1.1.11}
[20Aug2025 20:19:42.669] [main/DEBUG] [net.minecraftforge.fml.loading.moddiscovery.ModFile/LOADING]: Loading mod file /workspaces/Los-Parceritos/servidor_minecraft/mods/connectedglass-1.1.11-forge-mc1.20.1.jar with languages [LanguageSpec[languageName=javafml, acceptedVersions=[46,)]]
[20Aug2025 20:19:42.669] [main/DEBUG] [net.minecraftforge.fml.loading.moddiscovery.ModFileParser/LOADING]: Considering mod file candidate /workspaces/Los-Parceritos/servidor_minecraft/mods/ferritecore-6.0.1-forge.jar
[20Aug2025 20:19:42.669] [main/DEBUG] [net.minecraftforge.fml.loading.moddiscovery.ModFileInfo/LOADING]: Found valid mod file ferritecore-6.0.1-forge.jar with {ferritecore} mods - versions {6.0.1}
[20Aug2025 20:19:42.669] [main/DEBUG] [net.minecraftforge.fml.loading.moddiscovery.ModFile/LOADING]: Loading mod file /workspaces/Los-Parceritos/servidor_minecraft/mods/ferritecore-6.0.1-forge.jar with languages [LanguageSpec[languageName=javafml, acceptedVersions=[28,)]]
[20Aug2025 20:19:42.669] [main/DEBUG] [net.minecraftforge.fml.loading.moddiscovery.ModFileParser/LOADING]: Considering mod file candidate /workspaces/Los-Parceritos/servidor_minecraft/mods/PuzzlesLib-v8.0.24-1.20.1-Forge.jar
[20Aug2025 20:19:42.670] [main/DEBUG] [net.minecraftforge.fml.loading.moddiscovery.ModFileInfo/LOADING]: Found valid mod file PuzzlesLib-v8.0.24-1.20.1-Forge.jar with {puzzleslib} mods - versions {8.0.24}
[20Aug2025 20:19:42.670] [main/DEBUG] [net.minecraftforge.fml.loading.moddiscovery.ModFile/LOADING]: Loading mod file /workspaces/Los-Parceritos/servidor_minecraft/mods/PuzzlesLib-v8.0.24-1.20.1-Forge.jar with languages [LanguageSpec[languageName=javafml, acceptedVersions=[47,)]]
[20Aug2025 20:19:42.670] [main/DEBUG] [net.minecraftforge.fml.loading.moddiscovery.ModFileParser/LOADING]: Considering mod file candidate /workspaces/Los-Parceritos/servidor_minecraft/mods/BetterF3-7.0.2-Forge-1.20.1.jar
[20Aug2025 20:19:42.670] [main/DEBUG] [net.minecraftforge.fml.loading.moddiscovery.ModFileInfo/LOADING]: Found valid mod file BetterF3-7.0.2-Forge-1.20.1.jar with {betterf3} mods - versions {7.0.2}
[20Aug2025 20:19:42.671] [main/DEBUG] [net.minecraftforge.fml.loading.moddiscovery.ModFile/LOADING]: Loading mod file /workspaces/Los-Parceritos/servidor_minecraft/mods/BetterF3-7.0.2-Forge-1.20.1.jar with languages [LanguageSpec[languageName=javafml, acceptedVersions=[41,)]]
[20Aug2025 20:19:42.671] [main/DEBUG] [net.minecraftforge.fml.loading.moddiscovery.ModFileParser/LOADING]: Considering mod file candidate /workspaces/Los-Parceritos/servidor_minecraft/mods/justzoom_forge_2.1.1_MC_1.20.1.jar
[20Aug2025 20:19:42.671] [main/DEBUG] [net.minecraftforge.fml.loading.moddiscovery.ModFileInfo/LOADING]: Found valid mod file justzoom_forge_2.1.1_MC_1.20.1.jar with {justzoom} mods - versions {2.1.1}
[20Aug2025 20:19:42.671] [main/DEBUG] [net.minecraftforge.fml.loading.moddiscovery.ModFile/LOADING]: Loading mod file /workspaces/Los-Parceritos/servidor_minecraft/mods/justzoom_forge_2.1.1_MC_1.20.1.jar with languages [LanguageSpec[languageName=javafml, acceptedVersions=[47,)]]
[20Aug2025 20:19:42.671] [main/DEBUG] [net.minecraftforge.fml.loading.moddiscovery.ModFileParser/LOADING]: Considering mod file candidate 
[20Aug2025 20:19:42.672] [main/DEBUG] [net.minecraftforge.fml.loading.moddiscovery.ModFileInfo/LOADING]: Found valid mod file expandability-forge-9.0.4.jar with {expandability} mods - versions {9.0.4}
[20Aug2025 20:19:42.672] [main/DEBUG] [net.minecraftforge.fml.loading.moddiscovery.ModFile/LOADING]: Loading mod file  with languages [LanguageSpec[languageName=javafml, acceptedVersions=[46,)]]
[20Aug2025 20:19:42.672] [main/DEBUG] [net.minecraftforge.fml.loading.moddiscovery.ModFileParser/LOADING]: Considering mod file candidate /workspaces/Los-Parceritos/servidor_minecraft/mods/OverflowingBars-v8.0.1-1.20.1-Forge.jar
[20Aug2025 20:19:42.672] [main/DEBUG] [net.minecraftforge.fml.loading.moddiscovery.ModFileInfo/LOADING]: Found valid mod file OverflowingBars-v8.0.1-1.20.1-Forge.jar with {overflowingbars} mods - versions {8.0.1}
[20Aug2025 20:19:42.672] [main/DEBUG] [net.minecraftforge.fml.loading.moddiscovery.ModFile/LOADING]: Loading mod file /workspaces/Los-Parceritos/servidor_minecraft/mods/OverflowingBars-v8.0.1-1.20.1-Forge.jar with languages [LanguageSpec[languageName=javafml, acceptedVersions=[47,)]]
[20Aug2025 20:19:42.672] [main/DEBUG] [net.minecraftforge.fml.loading.moddiscovery.ModFileParser/LOADING]: Considering mod file candidate /workspaces/Los-Parceritos/servidor_minecraft/mods/drinkbeer-refill-1.20.1-1.0.4.b.jar
[20Aug2025 20:19:42.673] [main/DEBUG] [net.minecraftforge.fml.loading.moddiscovery.ModFileInfo/LOADING]: Found valid mod file drinkbeer-refill-1.20.1-1.0.4.b.jar with {drinkbeer} mods - versions {1.0.4.b}
[20Aug2025 20:19:42.673] [main/DEBUG] [net.minecraftforge.fml.loading.moddiscovery.ModFile/LOADING]: Loading mod file /workspaces/Los-Parceritos/servidor_minecraft/mods/drinkbeer-refill-1.20.1-1.0.4.b.jar with languages [LanguageSpec[languageName=javafml, acceptedVersions=[47,)]]
[20Aug2025 20:19:42.673] [main/DEBUG] [net.minecraftforge.fml.loading.moddiscovery.ModFileParser/LOADING]: Considering mod file candidate /workspaces/Los-Parceritos/servidor_minecraft/mods/cristellib-forge-1.1.0.jar
[20Aug2025 20:19:42.674] [main/DEBUG] [net.minecraftforge.fml.loading.moddiscovery.ModFileInfo/LOADING]: Found valid mod file cristellib-forge-1.1.0.jar with {cristellib} mods - versions {1.1.0}
[20Aug2025 20:19:42.674] [main/DEBUG] [net.minecraftforge.fml.loading.moddiscovery.ModFile/LOADING]: Loading mod file /workspaces/Los-Parceritos/servidor_minecraft/mods/cristellib-forge-1.1.0.jar with languages [LanguageSpec[languageName=javafml, acceptedVersions=[45,)]]
[20Aug2025 20:19:42.674] [main/DEBUG] [net.minecraftforge.fml.loading.moddiscovery.ModFileParser/LOADING]: Considering mod file candidate 
[20Aug2025 20:19:42.674] [main/DEBUG] [net.minecraftforge.fml.loading.moddiscovery.ModFileInfo/LOADING]: Found valid mod file mixinextras-forge-0.4.1.jar with {mixinextras} mods - versions {0.4.1}
[20Aug2025 20:19:42.674] [main/DEBUG] [net.minecraftforge.fml.loading.moddiscovery.ModFile/LOADING]: Loading mod file  with languages [LanguageSpec[languageName=javafml, acceptedVersions=*]]
[20Aug2025 20:19:42.674] [main/DEBUG] [net.minecraftforge.fml.loading.moddiscovery.ModFile/LOADING]: Loading mod file  with languages []
[20Aug2025 20:19:42.675] [main/DEBUG] [net.minecraftforge.fml.loading.moddiscovery.ModFile/LOADING]: Loading mod file  with languages []
[20Aug2025 20:19:42.675] [main/DEBUG] [net.minecraftforge.fml.loading.moddiscovery.ModFile/LOADING]: Loading mod file  with languages []
[20Aug2025 20:19:42.675] [main/DEBUG] [net.minecraftforge.fml.loading.moddiscovery.ModFile/LOADING]: Loading mod file  with languages []
[20Aug2025 20:19:42.675] [main/DEBUG] [net.minecraftforge.fml.loading.moddiscovery.ModFileParser/LOADING]: Considering mod file candidate 
[20Aug2025 20:19:42.675] [main/DEBUG] [net.minecraftforge.fml.loading.moddiscovery.ModFileInfo/LOADING]: Found valid mod file mixinextras-forge-0.4.1.jar with {mixinextras} mods - versions {0.4.1}
[20Aug2025 20:19:42.676] [main/DEBUG] [net.minecraftforge.fml.loading.moddiscovery.ModFile/LOADING]: Loading mod file  with languages [LanguageSpec[languageName=javafml, acceptedVersions=*]]
[20Aug2025 20:19:42.676] [main/DEBUG] [net.minecraftforge.fml.loading.moddiscovery.ModFile/LOADING]: Loading mod file  with languages []
[20Aug2025 20:19:42.676] [main/DEBUG] [net.minecraftforge.fml.loading.moddiscovery.ModFile/LOADING]: Loading mod file  with languages []
[20Aug2025 20:19:42.676] [main/DEBUG] [net.minecraftforge.fml.loading.moddiscovery.ModFile/LOADING]: Loading mod file  with languages []
[20Aug2025 20:19:42.676] [main/DEBUG] [net.minecraftforge.fml.loading.moddiscovery.ModFile/LOADING]: Loading mod file  with languages []
[20Aug2025 20:19:42.677] [main/DEBUG] [cpw.mods.modlauncher.TransformationServiceDecorator/MODLAUNCHER]: End scan trigger - transformation service fml
[20Aug2025 20:19:42.705] [main/DEBUG] [net.minecraftforge.fml.loading.LanguageLoadingProvider/CORE]: Found 4 language providers
[20Aug2025 20:19:42.706] [main/DEBUG] [net.minecraftforge.fml.loading.LanguageLoadingProvider/CORE]: Found language provider minecraft, version 1.0
[20Aug2025 20:19:42.706] [main/DEBUG] [net.minecraftforge.fml.loading.LanguageLoadingProvider/CORE]: Found language provider kotlinforforge, version 4.11.0
[20Aug2025 20:19:42.707] [main/DEBUG] [net.minecraftforge.fml.loading.LanguageLoadingProvider/CORE]: Found language provider javafml, version 47
[20Aug2025 20:19:42.707] [main/DEBUG] [net.minecraftforge.fml.loading.LanguageLoadingProvider/CORE]: Found language provider lowcodefml, version 47
[20Aug2025 20:19:42.711] [main/DEBUG] [net.minecraftforge.fml.loading.UniqueModListBuilder/]: Found 2 mods for first modid mixinextras, selecting most recent based on version data
[20Aug2025 20:19:42.711] [main/DEBUG] [net.minecraftforge.fml.loading.UniqueModListBuilder/]: Selected file mixinextras-forge-0.4.1.jar for modid mixinextras with version 0.4.1
[20Aug2025 20:19:42.711] [main/DEBUG] [net.minecraftforge.fml.loading.UniqueModListBuilder/]: Found 2 mods for first modid tomlkt.jvm, selecting most recent based on version data
[20Aug2025 20:19:42.711] [main/DEBUG] [net.minecraftforge.fml.loading.UniqueModListBuilder/]: Selected file tomlkt-jvm-0.3.7.jar for modid tomlkt.jvm with version 0.0NONE
[20Aug2025 20:19:42.711] [main/DEBUG] [net.minecraftforge.fml.loading.UniqueModListBuilder/]: Found 2 mods for first modid jankson, selecting most recent based on version data
[20Aug2025 20:19:42.711] [main/DEBUG] [net.minecraftforge.fml.loading.UniqueModListBuilder/]: Selected file jankson-1.2.3.jar for modid jankson with version 0.0NONE
[20Aug2025 20:19:42.712] [main/DEBUG] [net.minecraftforge.fml.loading.UniqueModListBuilder/]: Found 2 mods for first modid thedarkcolour.kotlinforforge.kfflib, selecting most recent based on version data
[20Aug2025 20:19:42.712] [main/DEBUG] [net.minecraftforge.fml.loading.UniqueModListBuilder/]: Selected file kfflib-4.11.0.jar for modid thedarkcolour.kotlinforforge.kfflib with version 4.11.0
[20Aug2025 20:19:42.712] [main/DEBUG] [net.minecraftforge.fml.loading.UniqueModListBuilder/]: Found 2 mods for first modid MixinExtras, selecting most recent based on version data
[20Aug2025 20:19:42.712] [main/DEBUG] [net.minecraftforge.fml.loading.UniqueModListBuilder/]: Selected file MixinExtras-0.4.1.jar for modid MixinExtras with version 0.0NONE
[20Aug2025 20:19:42.713] [main/DEBUG] [net.minecraftforge.fml.loading.ModSorter/]: Configured system mods: [minecraft, forge]
[20Aug2025 20:19:42.714] [main/DEBUG] [net.minecraftforge.fml.loading.ModSorter/]: Found system mod: minecraft
[20Aug2025 20:19:42.714] [main/DEBUG] [net.minecraftforge.fml.loading.ModSorter/]: Found system mod: forge
[20Aug2025 20:19:42.717] [main/DEBUG] [net.minecraftforge.fml.loading.ModSorter/LOADING]: Found 183 mod requirements (177 mandatory, 6 optional)
[20Aug2025 20:19:42.718] [main/DEBUG] [net.minecraftforge.fml.loading.ModSorter/LOADING]: Found 0 mod requirements missing (0 mandatory, 0 optional)
[20Aug2025 20:19:43.458] [main/DEBUG] [cpw.mods.modlauncher.TransformationServicesHandler/MODLAUNCHER]: Transformation services loading transformers
[20Aug2025 20:19:43.459] [main/DEBUG] [cpw.mods.modlauncher.TransformationServiceDecorator/MODLAUNCHER]: Initializing transformers for transformation service mixin
[20Aug2025 20:19:43.459] [main/DEBUG] [cpw.mods.modlauncher.TransformationServiceDecorator/MODLAUNCHER]: Initialized transformers for transformation service mixin
[20Aug2025 20:19:43.459] [main/DEBUG] [cpw.mods.modlauncher.TransformationServiceDecorator/MODLAUNCHER]: Initializing transformers for transformation service OptiFine
[20Aug2025 20:19:43.459] [main/INFO] [optifine.OptiFineTransformationService/]: OptiFineTransformationService.transformers
[20Aug2025 20:19:43.468] [main/INFO] [optifine.OptiFineTransformer/]: Targets: 412
[20Aug2025 20:19:43.474] [main/DEBUG] [cpw.mods.modlauncher.TransformStore/MODLAUNCHER]: Adding transformer optifine.OptiFineTransformer@2f521c4 to Target : PRE_CLASS {Lnet/minecraft/client/model/geom/ModelPart$Visitor;} {} {V}
[20Aug2025 20:19:43.474] [main/DEBUG] [cpw.mods.modlauncher.TransformStore/MODLAUNCHER]: Adding transformer optifine.OptiFineTransformer@2f521c4 to Target : PRE_CLASS {Lnet/minecraft/client/renderer/RenderStateShard$OutputStateShard;} {} {V}
[20Aug2025 20:19:43.475] [main/DEBUG] [cpw.mods.modlauncher.TransformStore/MODLAUNCHER]: Adding transformer optifine.OptiFineTransformer@2f521c4 to Target : PRE_CLASS {Lnet/minecraft/client/renderer/texture/SpriteContents$AnimatedTexture;} {} {V}
[20Aug2025 20:19:43.475] [main/DEBUG] [cpw.mods.modlauncher.TransformStore/MODLAUNCHER]: Adding transformer optifine.OptiFineTransformer@2f521c4 to Target : PRE_CLASS {Lnet/minecraft/client/renderer/texture/atlas/SpriteResourceLoader$1;} {} {V}
[20Aug2025 20:19:43.475] [main/DEBUG] [cpw.mods.modlauncher.TransformStore/MODLAUNCHER]: Adding transformer optifine.OptiFineTransformer@2f521c4 to Target : PRE_CLASS {Lnet/minecraft/client/gui/components/CycleButton$ValueListSupplier$2;} {} {V}
[20Aug2025 20:19:43.475] [main/DEBUG] [cpw.mods.modlauncher.TransformStore/MODLAUNCHER]: Adding transformer optifine.OptiFineTransformer@2f521c4 to Target : PRE_CLASS {Lnet/minecraft/core/Direction$Axis$1;} {} {V}
[20Aug2025 20:19:43.475] [main/DEBUG] [cpw.mods.modlauncher.TransformStore/MODLAUNCHER]: Adding transformer optifine.OptiFineTransformer@2f521c4 to Target : PRE_CLASS {Lnet/minecraft/Util$OS$2;} {} {V}
[20Aug2025 20:19:43.475] [main/DEBUG] [cpw.mods.modlauncher.TransformStore/MODLAUNCHER]: Adding transformer optifine.OptiFineTransformer@2f521c4 to Target : PRE_CLASS {Lnet/minecraft/Util$8;} {} {V}
[20Aug2025 20:19:43.475] [main/DEBUG] [cpw.mods.modlauncher.TransformStore/MODLAUNCHER]: Adding transformer optifine.OptiFineTransformer@2f521c4 to Target : PRE_CLASS {Lnet/minecraft/client/renderer/block/BlockRenderDispatcher$1;} {} {V}
[20Aug2025 20:19:43.475] [main/DEBUG] [cpw.mods.modlauncher.TransformStore/MODLAUNCHER]: Adding transformer optifine.OptiFineTransformer@2f521c4 to Target : PRE_CLASS {Lnet/minecraft/client/Screenshot;} {} {V}
[20Aug2025 20:19:43.475] [main/DEBUG] [cpw.mods.modlauncher.TransformStore/MODLAUNCHER]: Adding transformer optifine.OptiFineTransformer@2f521c4 to Target : PRE_CLASS {Lnet/minecraft/client/resources/model/ModelBakery$ModelGroupKey;} {} {V}
[20Aug2025 20:19:43.475] [main/DEBUG] [cpw.mods.modlauncher.TransformStore/MODLAUNCHER]: Adding transformer optifine.OptiFineTransformer@2f521c4 to Target : PRE_CLASS {Lnet/minecraft/client/renderer/LevelRenderer$TransparencyShaderException;} {} {V}
[20Aug2025 20:19:43.475] [main/DEBUG] [cpw.mods.modlauncher.TransformStore/MODLAUNCHER]: Adding transformer optifine.OptiFineTransformer@2f521c4 to Target : PRE_CLASS {Lnet/minecraft/util/Mth;} {} {V}
[20Aug2025 20:19:43.476] [main/DEBUG] [cpw.mods.modlauncher.TransformStore/MODLAUNCHER]: Adding transformer optifine.OptiFineTransformer@2f521c4 to Target : PRE_CLASS {Lnet/minecraft/client/renderer/ItemInHandRenderer;} {} {V}
[20Aug2025 20:19:43.476] [main/DEBUG] [cpw.mods.modlauncher.TransformStore/MODLAUNCHER]: Adding transformer optifine.OptiFineTransformer@2f521c4 to Target : PRE_CLASS {Lcom/mojang/blaze3d/platform/GLX;} {} {V}
[20Aug2025 20:19:43.476] [main/DEBUG] [cpw.mods.modlauncher.TransformStore/MODLAUNCHER]: Adding transformer optifine.OptiFineTransformer@2f521c4 to Target : PRE_CLASS {Lcom/mojang/blaze3d/platform/NativeImage;} {} {V}
[20Aug2025 20:19:43.476] [main/DEBUG] [cpw.mods.modlauncher.TransformStore/MODLAUNCHER]: Adding transformer optifine.OptiFineTransformer@2f521c4 to Target : PRE_CLASS {Lnet/minecraft/client/OptionInstance$CycleableValueSet;} {} {V}
[20Aug2025 20:19:43.476] [main/DEBUG] [cpw.mods.modlauncher.TransformStore/MODLAUNCHER]: Adding transformer optifine.OptiFineTransformer@2f521c4 to Target : PRE_CLASS {Lcom/mojang/blaze3d/platform/GlDebug$LogEntry;} {} {V}
[20Aug2025 20:19:43.476] [main/DEBUG] [cpw.mods.modlauncher.TransformStore/MODLAUNCHER]: Adding transformer optifine.OptiFineTransformer@2f521c4 to Target : PRE_CLASS {Lnet/minecraft/client/OptionInstance$IntRangeBase;} {} {V}
[20Aug2025 20:19:43.476] [main/DEBUG] [cpw.mods.modlauncher.TransformStore/MODLAUNCHER]: Adding transformer optifine.OptiFineTransformer@2f521c4 to Target : PRE_CLASS {Lnet/minecraft/world/level/block/state/properties/Property;} {} {V}
[20Aug2025 20:19:43.476] [main/DEBUG] [cpw.mods.modlauncher.TransformStore/MODLAUNCHER]: Adding transformer optifine.OptiFineTransformer@2f521c4 to Target : PRE_CLASS {Lnet/minecraft/server/packs/PathPackResources;} {} {V}
[20Aug2025 20:19:43.476] [main/DEBUG] [cpw.mods.modlauncher.TransformStore/MODLAUNCHER]: Adding transformer optifine.OptiFineTransformer@2f521c4 to Target : PRE_CLASS {Lnet/minecraft/client/gui/Gui$HeartType;} {} {V}
[20Aug2025 20:19:43.476] [main/DEBUG] [cpw.mods.modlauncher.TransformStore/MODLAUNCHER]: Adding transformer optifine.OptiFineTransformer@2f521c4 to Target : PRE_CLASS {Lnet/minecraft/client/renderer/entity/LivingEntityRenderer$1;} {} {V}
[20Aug2025 20:19:43.476] [main/DEBUG] [cpw.mods.modlauncher.TransformStore/MODLAUNCHER]: Adding transformer optifine.OptiFineTransformer@2f521c4 to Target : PRE_CLASS {Lnet/minecraft/client/renderer/RenderType$CompositeState$CompositeStateBuilder;} {} {V}
[20Aug2025 20:19:43.476] [main/DEBUG] [cpw.mods.modlauncher.TransformStore/MODLAUNCHER]: Adding transformer optifine.OptiFineTransformer@2f521c4 to Target : PRE_CLASS {Lnet/minecraft/client/renderer/entity/layers/HumanoidArmorLayer$1;} {} {V}
[20Aug2025 20:19:43.476] [main/DEBUG] [cpw.mods.modlauncher.TransformStore/MODLAUNCHER]: Adding transformer optifine.OptiFineTransformer@2f521c4 to Target : PRE_CLASS {Lnet/minecraft/client/resources/model/ModelBakery$ModelBakerImpl;} {} {V}
[20Aug2025 20:19:43.476] [main/DEBUG] [cpw.mods.modlauncher.TransformStore/MODLAUNCHER]: Adding transformer optifine.OptiFineTransformer@2f521c4 to Target : PRE_CLASS {Lnet/minecraft/Util$9;} {} {V}
[20Aug2025 20:19:43.477] [main/DEBUG] [cpw.mods.modlauncher.TransformStore/MODLAUNCHER]: Adding transformer optifine.OptiFineTransformer@2f521c4 to Target : PRE_CLASS {Lnet/minecraft/client/gui/screens/ReceivingLevelScreen;} {} {V}
[20Aug2025 20:19:43.477] [main/DEBUG] [cpw.mods.modlauncher.TransformStore/MODLAUNCHER]: Adding transformer optifine.OptiFineTransformer@2f521c4 to Target : PRE_CLASS {Lnet/minecraft/world/level/levelgen/blending/Blender$CellValueGetter;} {} {V}
[20Aug2025 20:19:43.477] [main/DEBUG] [cpw.mods.modlauncher.TransformStore/MODLAUNCHER]: Adding transformer optifine.OptiFineTransformer@2f521c4 to Target : PRE_CLASS {Lnet/minecraft/client/Options;} {} {V}
[20Aug2025 20:19:43.477] [main/DEBUG] [cpw.mods.modlauncher.TransformStore/MODLAUNCHER]: Adding transformer optifine.OptiFineTransformer@2f521c4 to Target : PRE_CLASS {Lnet/minecraft/client/gui/screens/ChatOptionsScreen;} {} {V}
[20Aug2025 20:19:43.477] [main/DEBUG] [cpw.mods.modlauncher.TransformStore/MODLAUNCHER]: Adding transformer optifine.OptiFineTransformer@2f521c4 to Target : PRE_CLASS {Lnet/minecraft/client/renderer/block/ModelBlockRenderer;} {} {V}
[20Aug2025 20:19:43.477] [main/DEBUG] [cpw.mods.modlauncher.TransformStore/MODLAUNCHER]: Adding transformer optifine.OptiFineTransformer@2f521c4 to Target : PRE_CLASS {Lcom/mojang/blaze3d/platform/NativeImage$Format;} {} {V}
[20Aug2025 20:19:43.477] [main/DEBUG] [cpw.mods.modlauncher.TransformStore/MODLAUNCHER]: Adding transformer optifine.OptiFineTransformer@2f521c4 to Target : PRE_CLASS {Lcom/mojang/blaze3d/platform/GlStateManager$DepthState;} {} {V}
[20Aug2025 20:19:43.477] [main/DEBUG] [cpw.mods.modlauncher.TransformStore/MODLAUNCHER]: Adding transformer optifine.OptiFineTransformer@2f521c4 to Target : PRE_CLASS {Lnet/minecraft/client/renderer/texture/Stitcher;} {} {V}
[20Aug2025 20:19:43.477] [main/DEBUG] [cpw.mods.modlauncher.TransformStore/MODLAUNCHER]: Adding transformer optifine.OptiFineTransformer@2f521c4 to Target : PRE_CLASS {Lnet/minecraft/client/renderer/entity/layers/SaddleLayer;} {} {V}
[20Aug2025 20:19:43.477] [main/DEBUG] [cpw.mods.modlauncher.TransformStore/MODLAUNCHER]: Adding transformer optifine.OptiFineTransformer@2f521c4 to Target : PRE_CLASS {Lnet/minecraft/server/level/ChunkMap$1;} {} {V}
[20Aug2025 20:19:43.477] [main/DEBUG] [cpw.mods.modlauncher.TransformStore/MODLAUNCHER]: Adding transformer optifine.OptiFineTransformer@2f521c4 to Target : PRE_CLASS {Lcom/mojang/blaze3d/vertex/VertexFormatElement;} {} {V}
[20Aug2025 20:19:43.477] [main/DEBUG] [cpw.mods.modlauncher.TransformStore/MODLAUNCHER]: Adding transformer optifine.OptiFineTransformer@2f521c4 to Target : PRE_CLASS {Lnet/minecraft/client/renderer/entity/EntityRenderDispatcher;} {} {V}
[20Aug2025 20:19:43.478] [main/DEBUG] [cpw.mods.modlauncher.TransformStore/MODLAUNCHER]: Adding transformer optifine.OptiFineTransformer@2f521c4 to Target : PRE_CLASS {Lnet/minecraft/client/renderer/texture/Stitcher$SpriteLoader;} {} {V}
[20Aug2025 20:19:43.478] [main/DEBUG] [cpw.mods.modlauncher.TransformStore/MODLAUNCHER]: Adding transformer optifine.OptiFineTransformer@2f521c4 to Target : PRE_CLASS {Lnet/minecraft/world/level/chunk/PalettedContainer$Configuration;} {} {V}
[20Aug2025 20:19:43.478] [main/DEBUG] [cpw.mods.modlauncher.TransformStore/MODLAUNCHER]: Adding transformer optifine.OptiFineTransformer@2f521c4 to Target : PRE_CLASS {Lnet/minecraft/client/OptionInstance$SliderableValueSet;} {} {V}
[20Aug2025 20:19:43.478] [main/DEBUG] [cpw.mods.modlauncher.TransformStore/MODLAUNCHER]: Adding transformer optifine.OptiFineTransformer@2f521c4 to Target : PRE_CLASS {Lnet/minecraft/client/Options$FieldAccess;} {} {V}
[20Aug2025 20:19:43.478] [main/DEBUG] [cpw.mods.modlauncher.TransformStore/MODLAUNCHER]: Adding transformer optifine.OptiFineTransformer@2f521c4 to Target : PRE_CLASS {Lnet/minecraft/client/renderer/texture/SimpleTexture$TextureImage;} {} {V}
[20Aug2025 20:19:43.478] [main/DEBUG] [cpw.mods.modlauncher.TransformStore/MODLAUNCHER]: Adding transformer optifine.OptiFineTransformer@2f521c4 to Target : PRE_CLASS {Lnet/minecraft/Util$1;} {} {V}
[20Aug2025 20:19:43.478] [main/DEBUG] [cpw.mods.modlauncher.TransformStore/MODLAUNCHER]: Adding transformer optifine.OptiFineTransformer@2f521c4 to Target : PRE_CLASS {Lnet/minecraft/client/gui/components/DebugScreenOverlay$1;} {} {V}
[20Aug2025 20:19:43.478] [main/DEBUG] [cpw.mods.modlauncher.TransformStore/MODLAUNCHER]: Adding transformer optifine.OptiFineTransformer@2f521c4 to Target : PRE_CLASS {Lnet/minecraft/Util$5;} {} {V}
[20Aug2025 20:19:43.478] [main/DEBUG] [cpw.mods.modlauncher.TransformStore/MODLAUNCHER]: Adding transformer optifine.OptiFineTransformer@2f521c4 to Target : PRE_CLASS {Lnet/minecraft/client/renderer/texture/MipmapGenerator;} {} {V}
[20Aug2025 20:19:43.478] [main/DEBUG] [cpw.mods.modlauncher.TransformStore/MODLAUNCHER]: Adding transformer optifine.OptiFineTransformer@2f521c4 to Target : PRE_CLASS {Lnet/minecraft/client/renderer/texture/TextureAtlasSprite$1;} {} {V}
[20Aug2025 20:19:43.478] [main/DEBUG] [cpw.mods.modlauncher.TransformStore/MODLAUNCHER]: Adding transformer optifine.OptiFineTransformer@2f521c4 to Target : PRE_CLASS {Lnet/minecraft/client/multiplayer/ClientChunkCache;} {} {V}
[20Aug2025 20:19:43.478] [main/DEBUG] [cpw.mods.modlauncher.TransformStore/MODLAUNCHER]: Adding transformer optifine.OptiFineTransformer@2f521c4 to Target : PRE_CLASS {Lnet/minecraft/client/renderer/texture/atlas/sources/SingleFile;} {} {V}
[20Aug2025 20:19:43.479] [main/DEBUG] [cpw.mods.modlauncher.TransformStore/MODLAUNCHER]: Adding transformer optifine.OptiFineTransformer@2f521c4 to Target : PRE_CLASS {Lnet/minecraft/core/Direction$AxisDirection;} {} {V}
[20Aug2025 20:19:43.479] [main/DEBUG] [cpw.mods.modlauncher.TransformStore/MODLAUNCHER]: Adding transformer optifine.OptiFineTransformer@2f521c4 to Target : PRE_CLASS {Lnet/minecraft/world/level/levelgen/blending/Blender$DistanceGetter;} {} {V}
[20Aug2025 20:19:43.479] [main/DEBUG] [cpw.mods.modlauncher.TransformStore/MODLAUNCHER]: Adding transformer optifine.OptiFineTransformer@2f521c4 to Target : PRE_CLASS {Lnet/minecraft/client/gui/components/CycleButton$ValueListSupplier$1;} {} {V}
[20Aug2025 20:19:43.479] [main/DEBUG] [cpw.mods.modlauncher.TransformStore/MODLAUNCHER]: Adding transformer optifine.OptiFineTransformer@2f521c4 to Target : PRE_CLASS {Lnet/minecraft/server/packs/resources/ReloadableResourceManager;} {} {V}
[20Aug2025 20:19:43.479] [main/DEBUG] [cpw.mods.modlauncher.TransformStore/MODLAUNCHER]: Adding transformer optifine.OptiFineTransformer@2f521c4 to Target : PRE_CLASS {Lnet/minecraft/client/renderer/ViewArea;} {} {V}
[20Aug2025 20:19:43.479] [main/DEBUG] [cpw.mods.modlauncher.TransformStore/MODLAUNCHER]: Adding transformer optifine.OptiFineTransformer@2f521c4 to Target : PRE_CLASS {Lcom/mojang/blaze3d/vertex/VertexFormat;} {} {V}
[20Aug2025 20:19:43.479] [main/DEBUG] [cpw.mods.modlauncher.TransformStore/MODLAUNCHER]: Adding transformer optifine.OptiFineTransformer@2f521c4 to Target : PRE_CLASS {Lnet/minecraft/client/gui/components/DebugScreenOverlay$AllocationRateCalculator;} {} {V}
[20Aug2025 20:19:43.479] [main/DEBUG] [cpw.mods.modlauncher.TransformStore/MODLAUNCHER]: Adding transformer optifine.OptiFineTransformer@2f521c4 to Target : PRE_CLASS {Lnet/minecraft/client/resources/metadata/animation/AnimationMetadataSection$FrameOutput;} {} {V}
[20Aug2025 20:19:43.479] [main/DEBUG] [cpw.mods.modlauncher.TransformStore/MODLAUNCHER]: Adding transformer optifine.OptiFineTransformer@2f521c4 to Target : PRE_CLASS {Lnet/minecraft/client/renderer/entity/EnderDragonRenderer$DragonModel;} {} {V}
[20Aug2025 20:19:43.479] [main/DEBUG] [cpw.mods.modlauncher.TransformStore/MODLAUNCHER]: Adding transformer optifine.OptiFineTransformer@2f521c4 to Target : PRE_CLASS {Lnet/minecraft/client/renderer/ScreenEffectRenderer;} {} {V}
[20Aug2025 20:19:43.479] [main/DEBUG] [cpw.mods.modlauncher.TransformStore/MODLAUNCHER]: Adding transformer optifine.OptiFineTransformer@2f521c4 to Target : PRE_CLASS {Lnet/minecraft/client/renderer/entity/EntityRenderer;} {} {V}
[20Aug2025 20:19:43.479] [main/DEBUG] [cpw.mods.modlauncher.TransformStore/MODLAUNCHER]: Adding transformer optifine.OptiFineTransformer@2f521c4 to Target : PRE_CLASS {Lnet/minecraft/world/level/material/MapColor;} {} {V}
[20Aug2025 20:19:43.479] [main/DEBUG] [cpw.mods.modlauncher.TransformStore/MODLAUNCHER]: Adding transformer optifine.OptiFineTransformer@2f521c4 to Target : PRE_CLASS {Lnet/minecraft/client/renderer/entity/layers/MushroomCowMushroomLayer;} {} {V}
[20Aug2025 20:19:43.480] [main/DEBUG] [cpw.mods.modlauncher.TransformStore/MODLAUNCHER]: Adding transformer optifine.OptiFineTransformer@2f521c4 to Target : PRE_CLASS {Lnet/minecraft/client/renderer/block/ModelBlockRenderer$AdjacencyInfo;} {} {V}
[20Aug2025 20:19:43.480] [main/DEBUG] [cpw.mods.modlauncher.TransformStore/MODLAUNCHER]: Adding transformer optifine.OptiFineTransformer@2f521c4 to Target : PRE_CLASS {Lnet/minecraft/client/renderer/entity/layers/RenderLayer;} {} {V}
[20Aug2025 20:19:43.480] [main/DEBUG] [cpw.mods.modlauncher.TransformStore/MODLAUNCHER]: Adding transformer optifine.OptiFineTransformer@2f521c4 to Target : PRE_CLASS {Lnet/minecraft/client/gui/font/providers/BitmapProvider$Definition;} {} {V}
[20Aug2025 20:19:43.480] [main/DEBUG] [cpw.mods.modlauncher.TransformStore/MODLAUNCHER]: Adding transformer optifine.OptiFineTransformer@2f521c4 to Target : PRE_CLASS {Lcom/mojang/blaze3d/vertex/PoseStack;} {} {V}
[20Aug2025 20:19:43.480] [main/DEBUG] [cpw.mods.modlauncher.TransformStore/MODLAUNCHER]: Adding transformer optifine.OptiFineTransformer@2f521c4 to Target : PRE_CLASS {Lnet/minecraft/world/level/block/state/BlockState;} {} {V}
[20Aug2025 20:19:43.480] [main/DEBUG] [cpw.mods.modlauncher.TransformStore/MODLAUNCHER]: Adding transformer optifine.OptiFineTransformer@2f521c4 to Target : PRE_CLASS {Lnet/minecraft/client/Options$2;} {} {V}
[20Aug2025 20:19:43.480] [main/DEBUG] [cpw.mods.modlauncher.TransformStore/MODLAUNCHER]: Adding transformer optifine.OptiFineTransformer@2f521c4 to Target : PRE_CLASS {Lnet/minecraft/client/renderer/RenderStateShard$BooleanStateShard;} {} {V}
[20Aug2025 20:19:43.480] [main/DEBUG] [cpw.mods.modlauncher.TransformStore/MODLAUNCHER]: Adding transformer optifine.OptiFineTransformer@2f521c4 to Target : PRE_CLASS {Lnet/minecraft/client/renderer/RenderStateShard$ColorLogicStateShard;} {} {V}
[20Aug2025 20:19:43.480] [main/DEBUG] [cpw.mods.modlauncher.TransformStore/MODLAUNCHER]: Adding transformer optifine.OptiFineTransformer@2f521c4 to Target : PRE_CLASS {Lnet/minecraft/client/OptionInstance$UnitDouble;} {} {V}
[20Aug2025 20:19:43.480] [main/DEBUG] [cpw.mods.modlauncher.TransformStore/MODLAUNCHER]: Adding transformer optifine.OptiFineTransformer@2f521c4 to Target : PRE_CLASS {Lnet/minecraft/client/renderer/chunk/ChunkRenderDispatcher$RenderChunk$RebuildTask;} {} {V}
[20Aug2025 20:19:43.480] [main/DEBUG] [cpw.mods.modlauncher.TransformStore/MODLAUNCHER]: Adding transformer optifine.OptiFineTransformer@2f521c4 to Target : PRE_CLASS {Lcom/mojang/blaze3d/platform/GlStateManager$SourceFactor;} {} {V}
[20Aug2025 20:19:43.481] [main/DEBUG] [cpw.mods.modlauncher.TransformStore/MODLAUNCHER]: Adding transformer optifine.OptiFineTransformer@2f521c4 to Target : PRE_CLASS {Lnet/minecraft/client/renderer/texture/DynamicTexture;} {} {V}
[20Aug2025 20:19:43.481] [main/DEBUG] [cpw.mods.modlauncher.TransformStore/MODLAUNCHER]: Adding transformer optifine.OptiFineTransformer@2f521c4 to Target : PRE_CLASS {Lnet/minecraft/client/renderer/entity/layers/SlimeOuterLayer;} {} {V}
[20Aug2025 20:19:43.481] [main/DEBUG] [cpw.mods.modlauncher.TransformStore/MODLAUNCHER]: Adding transformer optifine.OptiFineTransformer@2f521c4 to Target : PRE_CLASS {Lnet/minecraft/client/renderer/entity/layers/CreeperPowerLayer;} {} {V}
[20Aug2025 20:19:43.481] [main/DEBUG] [cpw.mods.modlauncher.TransformStore/MODLAUNCHER]: Adding transformer optifine.OptiFineTransformer@2f521c4 to Target : PRE_CLASS {Lnet/minecraft/client/renderer/chunk/RenderChunkRegion;} {} {V}
[20Aug2025 20:19:43.481] [main/DEBUG] [cpw.mods.modlauncher.TransformStore/MODLAUNCHER]: Adding transformer optifine.OptiFineTransformer@2f521c4 to Target : PRE_CLASS {Lcom/mojang/blaze3d/systems/RenderSystem$1;} {} {V}
[20Aug2025 20:19:43.481] [main/DEBUG] [cpw.mods.modlauncher.TransformStore/MODLAUNCHER]: Adding transformer optifine.OptiFineTransformer@2f521c4 to Target : PRE_CLASS {Lnet/minecraft/client/gui/components/CycleButton;} {} {V}
[20Aug2025 20:19:43.481] [main/DEBUG] [cpw.mods.modlauncher.TransformStore/MODLAUNCHER]: Adding transformer optifine.OptiFineTransformer@2f521c4 to Target : PRE_CLASS {Lcom/mojang/blaze3d/vertex/BufferBuilder$RenderedBuffer;} {} {V}
[20Aug2025 20:19:43.481] [main/DEBUG] [cpw.mods.modlauncher.TransformStore/MODLAUNCHER]: Adding transformer optifine.OptiFineTransformer@2f521c4 to Target : PRE_CLASS {Lnet/minecraft/client/renderer/RenderStateShard$CullStateShard;} {} {V}
[20Aug2025 20:19:43.481] [main/DEBUG] [cpw.mods.modlauncher.TransformStore/MODLAUNCHER]: Adding transformer optifine.OptiFineTransformer@2f521c4 to Target : PRE_CLASS {Lnet/minecraft/client/gui/components/BossHealthOverlay;} {} {V}
[20Aug2025 20:19:43.481] [main/DEBUG] [cpw.mods.modlauncher.TransformStore/MODLAUNCHER]: Adding transformer optifine.OptiFineTransformer@2f521c4 to Target : PRE_CLASS {Lnet/minecraft/client/resources/language/ClientLanguage;} {} {V}
[20Aug2025 20:19:43.481] [main/DEBUG] [cpw.mods.modlauncher.TransformStore/MODLAUNCHER]: Adding transformer optifine.OptiFineTransformer@2f521c4 to Target : PRE_CLASS {Lnet/minecraft/client/KeyboardHandler;} {} {V}
[20Aug2025 20:19:43.481] [main/DEBUG] [cpw.mods.modlauncher.TransformStore/MODLAUNCHER]: Adding transformer optifine.OptiFineTransformer@2f521c4 to Target : PRE_CLASS {Lnet/minecraft/client/renderer/entity/layers/WardenEmissiveLayer$AlphaFunction;} {} {V}
[20Aug2025 20:19:43.481] [main/DEBUG] [cpw.mods.modlauncher.TransformStore/MODLAUNCHER]: Adding transformer optifine.OptiFineTransformer@2f521c4 to Target : PRE_CLASS {Lnet/minecraft/Util$2;} {} {V}
[20Aug2025 20:19:43.481] [main/DEBUG] [cpw.mods.modlauncher.TransformStore/MODLAUNCHER]: Adding transformer optifine.OptiFineTransformer@2f521c4 to Target : PRE_CLASS {Lnet/minecraft/client/renderer/entity/layers/HorseArmorLayer;} {} {V}
[20Aug2025 20:19:43.481] [main/DEBUG] [cpw.mods.modlauncher.TransformStore/MODLAUNCHER]: Adding transformer optifine.OptiFineTransformer@2f521c4 to Target : PRE_CLASS {Lnet/minecraft/client/player/AbstractClientPlayer;} {} {V}
[20Aug2025 20:19:43.481] [main/DEBUG] [cpw.mods.modlauncher.TransformStore/MODLAUNCHER]: Adding transformer optifine.OptiFineTransformer@2f521c4 to Target : PRE_CLASS {Lcom/mojang/blaze3d/platform/GlStateManager$DestFactor;} {} {V}
[20Aug2025 20:19:43.481] [main/DEBUG] [cpw.mods.modlauncher.TransformStore/MODLAUNCHER]: Adding transformer optifine.OptiFineTransformer@2f521c4 to Target : PRE_CLASS {Lnet/minecraft/client/renderer/entity/layers/SheepFurLayer;} {} {V}
[20Aug2025 20:19:43.481] [main/DEBUG] [cpw.mods.modlauncher.TransformStore/MODLAUNCHER]: Adding transformer optifine.OptiFineTransformer@2f521c4 to Target : PRE_CLASS {Lnet/minecraft/client/gui/font/providers/BitmapProvider;} {} {V}
[20Aug2025 20:19:43.481] [main/DEBUG] [cpw.mods.modlauncher.TransformStore/MODLAUNCHER]: Adding transformer optifine.OptiFineTransformer@2f521c4 to Target : PRE_CLASS {Lcom/mojang/blaze3d/platform/GlStateManager$StencilState;} {} {V}
[20Aug2025 20:19:43.481] [main/DEBUG] [cpw.mods.modlauncher.TransformStore/MODLAUNCHER]: Adding transformer optifine.OptiFineTransformer@2f521c4 to Target : PRE_CLASS {Lnet/minecraft/client/GuiMessage;} {} {V}
[20Aug2025 20:19:43.481] [main/DEBUG] [cpw.mods.modlauncher.TransformStore/MODLAUNCHER]: Adding transformer optifine.OptiFineTransformer@2f521c4 to Target : PRE_CLASS {Lnet/minecraft/client/renderer/block/ModelBlockRenderer$AmbientOcclusionFace;} {} {V}
[20Aug2025 20:19:43.482] [main/DEBUG] [cpw.mods.modlauncher.TransformStore/MODLAUNCHER]: Adding transformer optifine.OptiFineTransformer@2f521c4 to Target : PRE_CLASS {Lnet/minecraft/world/level/chunk/PalettedContainer$Strategy$1;} {} {V}
[20Aug2025 20:19:43.482] [main/DEBUG] [cpw.mods.modlauncher.TransformStore/MODLAUNCHER]: Adding transformer optifine.OptiFineTransformer@2f521c4 to Target : PRE_CLASS {Lnet/minecraft/world/level/levelgen/blending/Blender$1;} {} {V}
[20Aug2025 20:19:43.482] [main/DEBUG] [cpw.mods.modlauncher.TransformStore/MODLAUNCHER]: Adding transformer optifine.OptiFineTransformer@2f521c4 to Target : PRE_CLASS {Lnet/minecraft/client/renderer/ItemInHandRenderer$1;} {} {V}
[20Aug2025 20:19:43.482] [main/DEBUG] [cpw.mods.modlauncher.TransformStore/MODLAUNCHER]: Adding transformer optifine.OptiFineTransformer@2f521c4 to Target : PRE_CLASS {Lnet/minecraft/client/ClientBrandRetriever;} {} {V}
[20Aug2025 20:19:43.482] [main/DEBUG] [cpw.mods.modlauncher.TransformStore/MODLAUNCHER]: Adding transformer optifine.OptiFineTransformer@2f521c4 to Target : PRE_CLASS {Lnet/minecraft/client/renderer/texture/AbstractTexture;} {} {V}
[20Aug2025 20:19:43.482] [main/DEBUG] [cpw.mods.modlauncher.TransformStore/MODLAUNCHER]: Adding transformer optifine.OptiFineTransformer@2f521c4 to Target : PRE_CLASS {Lnet/minecraft/client/gui/screens/SkinCustomizationScreen;} {} {V}
[20Aug2025 20:19:43.482] [main/DEBUG] [cpw.mods.modlauncher.TransformStore/MODLAUNCHER]: Adding transformer optifine.OptiFineTransformer@2f521c4 to Target : PRE_CLASS {Lcom/mojang/blaze3d/vertex/BufferBuilder;} {} {V}
[20Aug2025 20:19:43.482] [main/DEBUG] [cpw.mods.modlauncher.TransformStore/MODLAUNCHER]: Adding transformer optifine.OptiFineTransformer@2f521c4 to Target : PRE_CLASS {Lnet/minecraft/core/Direction$Axis$3;} {} {V}
[20Aug2025 20:19:43.482] [main/DEBUG] [cpw.mods.modlauncher.TransformStore/MODLAUNCHER]: Adding transformer optifine.OptiFineTransformer@2f521c4 to Target : PRE_CLASS {Lnet/minecraft/server/level/ChunkMap$2;} {} {V}
[20Aug2025 20:19:43.482] [main/DEBUG] [cpw.mods.modlauncher.TransformStore/MODLAUNCHER]: Adding transformer optifine.OptiFineTransformer@2f521c4 to Target : PRE_CLASS {Lnet/minecraft/client/model/ModelUtils;} {} {V}
[20Aug2025 20:19:43.482] [main/DEBUG] [cpw.mods.modlauncher.TransformStore/MODLAUNCHER]: Adding transformer optifine.OptiFineTransformer@2f521c4 to Target : PRE_CLASS {Lnet/minecraft/client/renderer/RenderStateShard$TexturingStateShard;} {} {V}
[20Aug2025 20:19:43.482] [main/DEBUG] [cpw.mods.modlauncher.TransformStore/MODLAUNCHER]: Adding transformer optifine.OptiFineTransformer@2f521c4 to Target : PRE_CLASS {Lcom/mojang/blaze3d/platform/GlStateManager$ColorLogicState;} {} {V}
[20Aug2025 20:19:43.482] [main/DEBUG] [cpw.mods.modlauncher.TransformStore/MODLAUNCHER]: Adding transformer optifine.OptiFineTransformer@2f521c4 to Target : PRE_CLASS {Lcom/mojang/blaze3d/vertex/BufferBuilder$1;} {} {V}
[20Aug2025 20:19:43.482] [main/DEBUG] [cpw.mods.modlauncher.TransformStore/MODLAUNCHER]: Adding transformer optifine.OptiFineTransformer@2f521c4 to Target : PRE_CLASS {Lnet/minecraft/client/resources/model/ModelBakery$BakedCacheKey;} {} {V}
[20Aug2025 20:19:43.482] [main/DEBUG] [cpw.mods.modlauncher.TransformStore/MODLAUNCHER]: Adding transformer optifine.OptiFineTransformer@2f521c4 to Target : PRE_CLASS {Lnet/minecraft/client/renderer/RenderStateShard$DepthTestStateShard;} {} {V}
[20Aug2025 20:19:43.482] [main/DEBUG] [cpw.mods.modlauncher.TransformStore/MODLAUNCHER]: Adding transformer optifine.OptiFineTransformer@2f521c4 to Target : PRE_CLASS {Lnet/minecraft/client/multiplayer/ClientLevel$1;} {} {V}
[20Aug2025 20:19:43.482] [main/DEBUG] [cpw.mods.modlauncher.TransformStore/MODLAUNCHER]: Adding transformer optifine.OptiFineTransformer@2f521c4 to Target : PRE_CLASS {Lnet/minecraft/world/level/levelgen/blending/Blender$BlendingOutput;} {} {V}
[20Aug2025 20:19:43.482] [main/DEBUG] [cpw.mods.modlauncher.TransformStore/MODLAUNCHER]: Adding transformer optifine.OptiFineTransformer@2f521c4 to Target : PRE_CLASS {Lnet/minecraft/resources/ResourceLocation;} {} {V}
[20Aug2025 20:19:43.482] [main/DEBUG] [cpw.mods.modlauncher.TransformStore/MODLAUNCHER]: Adding transformer optifine.OptiFineTransformer@2f521c4 to Target : PRE_CLASS {Lcom/mojang/blaze3d/platform/GlStateManager$PolygonOffsetState;} {} {V}
[20Aug2025 20:19:43.482] [main/DEBUG] [cpw.mods.modlauncher.TransformStore/MODLAUNCHER]: Adding transformer optifine.OptiFineTransformer@2f521c4 to Target : PRE_CLASS {Lnet/minecraft/client/renderer/chunk/RenderRegionCache;} {} {V}
[20Aug2025 20:19:43.482] [main/DEBUG] [cpw.mods.modlauncher.TransformStore/MODLAUNCHER]: Adding transformer optifine.OptiFineTransformer@2f521c4 to Target : PRE_CLASS {Lnet/minecraft/client/renderer/texture/HttpTexture;} {} {V}
[20Aug2025 20:19:43.482] [main/DEBUG] [cpw.mods.modlauncher.TransformStore/MODLAUNCHER]: Adding transformer optifine.OptiFineTransformer@2f521c4 to Target : PRE_CLASS {Lnet/minecraft/client/gui/Font$DisplayMode;} {} {V}
[20Aug2025 20:19:43.482] [main/DEBUG] [cpw.mods.modlauncher.TransformStore/MODLAUNCHER]: Adding transformer optifine.OptiFineTransformer@2f521c4 to Target : PRE_CLASS {Lnet/minecraft/client/renderer/texture/SimpleTexture;} {} {V}
[20Aug2025 20:19:43.482] [main/DEBUG] [cpw.mods.modlauncher.TransformStore/MODLAUNCHER]: Adding transformer optifine.OptiFineTransformer@2f521c4 to Target : PRE_CLASS {Lnet/minecraft/network/protocol/PacketUtils;} {} {V}
[20Aug2025 20:19:43.482] [main/DEBUG] [cpw.mods.modlauncher.TransformStore/MODLAUNCHER]: Adding transformer optifine.OptiFineTransformer@2f521c4 to Target : PRE_CLASS {Lnet/minecraft/client/renderer/blockentity/TheEndPortalRenderer;} {} {V}
[20Aug2025 20:19:43.482] [main/DEBUG] [cpw.mods.modlauncher.TransformStore/MODLAUNCHER]: Adding transformer optifine.OptiFineTransformer@2f521c4 to Target : PRE_CLASS {Lnet/minecraft/client/renderer/block/model/ItemOverrides;} {} {V}
[20Aug2025 20:19:43.482] [main/DEBUG] [cpw.mods.modlauncher.TransformStore/MODLAUNCHER]: Adding transformer optifine.OptiFineTransformer@2f521c4 to Target : PRE_CLASS {Lnet/minecraft/client/renderer/LightTexture;} {} {V}
[20Aug2025 20:19:43.483] [main/DEBUG] [cpw.mods.modlauncher.TransformStore/MODLAUNCHER]: Adding transformer optifine.OptiFineTransformer@2f521c4 to Target : PRE_CLASS {Lnet/minecraft/client/multiplayer/ClientLevel;} {} {V}
[20Aug2025 20:19:43.483] [main/DEBUG] [cpw.mods.modlauncher.TransformStore/MODLAUNCHER]: Adding transformer optifine.OptiFineTransformer@2f521c4 to Target : PRE_CLASS {Lnet/minecraft/client/renderer/RenderStateShard$LightmapStateShard;} {} {V}
[20Aug2025 20:19:43.483] [main/DEBUG] [cpw.mods.modlauncher.TransformStore/MODLAUNCHER]: Adding transformer optifine.OptiFineTransformer@2f521c4 to Target : PRE_CLASS {Lnet/minecraft/world/level/block/entity/BlockEntity;} {} {V}
[20Aug2025 20:19:43.483] [main/DEBUG] [cpw.mods.modlauncher.TransformStore/MODLAUNCHER]: Adding transformer optifine.OptiFineTransformer@2f521c4 to Target : PRE_CLASS {Lnet/minecraft/client/gui/Gui;} {} {V}
[20Aug2025 20:19:43.483] [main/DEBUG] [cpw.mods.modlauncher.TransformStore/MODLAUNCHER]: Adding transformer optifine.OptiFineTransformer@2f521c4 to Target : PRE_CLASS {Lcom/mojang/blaze3d/platform/Window$WindowInitFailed;} {} {V}
[20Aug2025 20:19:43.483] [main/DEBUG] [cpw.mods.modlauncher.TransformStore/MODLAUNCHER]: Adding transformer optifine.OptiFineTransformer@2f521c4 to Target : PRE_CLASS {Lnet/minecraft/client/gui/screens/ProgressScreen;} {} {V}
[20Aug2025 20:19:43.483] [main/DEBUG] [cpw.mods.modlauncher.TransformStore/MODLAUNCHER]: Adding transformer optifine.OptiFineTransformer@2f521c4 to Target : PRE_CLASS {Lcom/mojang/blaze3d/systems/RenderSystem$AutoStorageIndexBuffer;} {} {V}
[20Aug2025 20:19:43.483] [main/DEBUG] [cpw.mods.modlauncher.TransformStore/MODLAUNCHER]: Adding transformer optifine.OptiFineTransformer@2f521c4 to Target : PRE_CLASS {Lnet/minecraft/client/gui/screens/LoadingOverlay;} {} {V}
[20Aug2025 20:19:43.483] [main/DEBUG] [cpw.mods.modlauncher.TransformStore/MODLAUNCHER]: Adding transformer optifine.OptiFineTransformer@2f521c4 to Target : PRE_CLASS {Lnet/minecraft/world/level/ChunkPos;} {} {V}
[20Aug2025 20:19:43.483] [main/DEBUG] [cpw.mods.modlauncher.TransformStore/MODLAUNCHER]: Adding transformer optifine.OptiFineTransformer@2f521c4 to Target : PRE_CLASS {Lcom/mojang/blaze3d/platform/GlStateManager$Viewport;} {} {V}
[20Aug2025 20:19:43.483] [main/DEBUG] [cpw.mods.modlauncher.TransformStore/MODLAUNCHER]: Adding transformer optifine.OptiFineTransformer@2f521c4 to Target : PRE_CLASS {Lnet/minecraft/client/gui/components/ChatComponent$DelayedMessageDeletion;} {} {V}
[20Aug2025 20:19:43.483] [main/DEBUG] [cpw.mods.modlauncher.TransformStore/MODLAUNCHER]: Adding transformer optifine.OptiFineTransformer@2f521c4 to Target : PRE_CLASS {Lnet/minecraft/client/renderer/block/LiquidBlockRenderer$1;} {} {V}
[20Aug2025 20:19:43.483] [main/DEBUG] [cpw.mods.modlauncher.TransformStore/MODLAUNCHER]: Adding transformer optifine.OptiFineTransformer@2f521c4 to Target : PRE_CLASS {Lnet/minecraft/Util$OS;} {} {V}
[20Aug2025 20:19:43.483] [main/DEBUG] [cpw.mods.modlauncher.TransformStore/MODLAUNCHER]: Adding transformer optifine.OptiFineTransformer@2f521c4 to Target : PRE_CLASS {Lnet/minecraft/client/renderer/RenderStateShard$MultiTextureStateShard;} {} {V}
[20Aug2025 20:19:43.483] [main/DEBUG] [cpw.mods.modlauncher.TransformStore/MODLAUNCHER]: Adding transformer optifine.OptiFineTransformer@2f521c4 to Target : PRE_CLASS {Lnet/minecraft/world/level/entity/EntitySection;} {} {V}
[20Aug2025 20:19:43.483] [main/DEBUG] [cpw.mods.modlauncher.TransformStore/MODLAUNCHER]: Adding transformer optifine.OptiFineTransformer@2f521c4 to Target : PRE_CLASS {Lnet/minecraft/client/renderer/entity/layers/WitherArmorLayer;} {} {V}
[20Aug2025 20:19:43.483] [main/DEBUG] [cpw.mods.modlauncher.TransformStore/MODLAUNCHER]: Adding transformer optifine.OptiFineTransformer@2f521c4 to Target : PRE_CLASS {Lnet/minecraft/core/Direction$Axis$2;} {} {V}
[20Aug2025 20:19:43.483] [main/DEBUG] [cpw.mods.modlauncher.TransformStore/MODLAUNCHER]: Adding transformer optifine.OptiFineTransformer@2f521c4 to Target : PRE_CLASS {Lcom/mojang/blaze3d/platform/GlStateManager$ScissorState;} {} {V}
[20Aug2025 20:19:43.483] [main/DEBUG] [cpw.mods.modlauncher.TransformStore/MODLAUNCHER]: Adding transformer optifine.OptiFineTransformer@2f521c4 to Target : PRE_CLASS {Lnet/minecraft/client/renderer/GameRenderer;} {} {V}
[20Aug2025 20:19:43.483] [main/DEBUG] [cpw.mods.modlauncher.TransformStore/MODLAUNCHER]: Adding transformer optifine.OptiFineTransformer@2f521c4 to Target : PRE_CLASS {Lnet/minecraft/client/renderer/chunk/VisGraph;} {} {V}
[20Aug2025 20:19:43.484] [main/DEBUG] [cpw.mods.modlauncher.TransformStore/MODLAUNCHER]: Adding transformer optifine.OptiFineTransformer@2f521c4 to Target : PRE_CLASS {Lnet/minecraft/client/gui/components/DebugScreenOverlay;} {} {V}
[20Aug2025 20:19:43.484] [main/DEBUG] [cpw.mods.modlauncher.TransformStore/MODLAUNCHER]: Adding transformer optifine.OptiFineTransformer@2f521c4 to Target : PRE_CLASS {Lcom/mojang/blaze3d/vertex/Tesselator;} {} {V}
[20Aug2025 20:19:43.484] [main/DEBUG] [cpw.mods.modlauncher.TransformStore/MODLAUNCHER]: Adding transformer optifine.OptiFineTransformer@2f521c4 to Target : PRE_CLASS {Lnet/minecraft/client/Camera;} {} {V}
[20Aug2025 20:19:43.485] [main/DEBUG] [cpw.mods.modlauncher.TransformStore/MODLAUNCHER]: Adding transformer optifine.OptiFineTransformer@2f521c4 to Target : PRE_CLASS {Lnet/minecraft/util/valueproviders/ConstantFloat;} {} {V}
[20Aug2025 20:19:43.485] [main/DEBUG] [cpw.mods.modlauncher.TransformStore/MODLAUNCHER]: Adding transformer optifine.OptiFineTransformer@2f521c4 to Target : PRE_CLASS {Lnet/minecraft/network/syncher/SynchedEntityData$DataItem;} {} {V}
[20Aug2025 20:19:43.485] [main/DEBUG] [cpw.mods.modlauncher.TransformStore/MODLAUNCHER]: Adding transformer optifine.OptiFineTransformer@2f521c4 to Target : PRE_CLASS {Lnet/minecraft/client/gui/components/CycleButton$ValueListSupplier;} {} {V}
[20Aug2025 20:19:43.485] [main/DEBUG] [cpw.mods.modlauncher.TransformStore/MODLAUNCHER]: Adding transformer optifine.OptiFineTransformer@2f521c4 to Target : PRE_CLASS {Lnet/minecraft/client/gui/screens/LoadingOverlay$LogoTexture;} {} {V}
[20Aug2025 20:19:43.485] [main/DEBUG] [cpw.mods.modlauncher.TransformStore/MODLAUNCHER]: Adding transformer optifine.OptiFineTransformer@2f521c4 to Target : PRE_CLASS {Lnet/minecraft/client/renderer/entity/ExperienceOrbRenderer;} {} {V}
[20Aug2025 20:19:43.485] [main/DEBUG] [cpw.mods.modlauncher.TransformStore/MODLAUNCHER]: Adding transformer optifine.OptiFineTransformer@2f521c4 to Target : PRE_CLASS {Lnet/minecraft/client/renderer/chunk/RenderRegionCache$ChunkInfo;} {} {V}
[20Aug2025 20:19:43.486] [main/DEBUG] [cpw.mods.modlauncher.TransformStore/MODLAUNCHER]: Adding transformer optifine.OptiFineTransformer@2f521c4 to Target : PRE_CLASS {Lcom/mojang/blaze3d/vertex/VertexFormatElement$Usage;} {} {V}
[20Aug2025 20:19:43.486] [main/DEBUG] [cpw.mods.modlauncher.TransformStore/MODLAUNCHER]: Adding transformer optifine.OptiFineTransformer@2f521c4 to Target : PRE_CLASS {Lnet/minecraft/client/renderer/ItemInHandRenderer$HandRenderSelection;} {} {V}
[20Aug2025 20:19:43.486] [main/DEBUG] [cpw.mods.modlauncher.TransformStore/MODLAUNCHER]: Adding transformer optifine.OptiFineTransformer@2f521c4 to Target : PRE_CLASS {Lnet/minecraft/client/renderer/MultiBufferSource;} {} {V}
[20Aug2025 20:19:43.486] [main/DEBUG] [cpw.mods.modlauncher.TransformStore/MODLAUNCHER]: Adding transformer optifine.OptiFineTransformer@2f521c4 to Target : PRE_CLASS {Lnet/minecraft/client/renderer/chunk/ChunkRenderDispatcher$ChunkTaskResult;} {} {V}
[20Aug2025 20:19:43.486] [main/DEBUG] [cpw.mods.modlauncher.TransformStore/MODLAUNCHER]: Adding transformer optifine.OptiFineTransformer@2f521c4 to Target : PRE_CLASS {Lnet/minecraft/client/renderer/LevelRenderer$RenderInfoMap;} {} {V}
[20Aug2025 20:19:43.486] [main/DEBUG] [cpw.mods.modlauncher.TransformStore/MODLAUNCHER]: Adding transformer optifine.OptiFineTransformer@2f521c4 to Target : PRE_CLASS {Lnet/minecraft/client/OptionInstance;} {} {V}
[20Aug2025 20:19:43.486] [main/DEBUG] [cpw.mods.modlauncher.TransformStore/MODLAUNCHER]: Adding transformer optifine.OptiFineTransformer@2f521c4 to Target : PRE_CLASS {Lnet/minecraft/util/ClassInstanceMultiMap;} {} {V}
[20Aug2025 20:19:43.486] [main/DEBUG] [cpw.mods.modlauncher.TransformStore/MODLAUNCHER]: Adding transformer optifine.OptiFineTransformer@2f521c4 to Target : PRE_CLASS {Lnet/minecraft/client/model/geom/ModelPart$Vertex;} {} {V}
[20Aug2025 20:19:43.486] [main/DEBUG] [cpw.mods.modlauncher.TransformStore/MODLAUNCHER]: Adding transformer optifine.OptiFineTransformer@2f521c4 to Target : PRE_CLASS {Lnet/minecraft/util/SimpleBitStorage$InitializationException;} {} {V}
[20Aug2025 20:19:43.486] [main/DEBUG] [cpw.mods.modlauncher.TransformStore/MODLAUNCHER]: Adding transformer optifine.OptiFineTransformer@2f521c4 to Target : PRE_CLASS {Lnet/minecraft/client/gui/components/ChatComponent;} {} {V}
[20Aug2025 20:19:43.486] [main/DEBUG] [cpw.mods.modlauncher.TransformStore/MODLAUNCHER]: Adding transformer optifine.OptiFineTransformer@2f521c4 to Target : PRE_CLASS {Lnet/minecraft/server/level/ChunkMap$TrackedEntity;} {} {V}
[20Aug2025 20:19:43.486] [main/DEBUG] [cpw.mods.modlauncher.TransformStore/MODLAUNCHER]: Adding transformer optifine.OptiFineTransformer@2f521c4 to Target : PRE_CLASS {Lnet/minecraft/client/renderer/block/model/ItemOverrides$BakedOverride;} {} {V}
[20Aug2025 20:19:43.486] [main/DEBUG] [cpw.mods.modlauncher.TransformStore/MODLAUNCHER]: Adding transformer optifine.OptiFineTransformer@2f521c4 to Target : PRE_CLASS {Lnet/minecraft/client/renderer/RenderStateShard$ShaderStateShard;} {} {V}
[20Aug2025 20:19:43.486] [main/DEBUG] [cpw.mods.modlauncher.TransformStore/MODLAUNCHER]: Adding transformer optifine.OptiFineTransformer@2f521c4 to Target : PRE_CLASS {Lcom/mojang/blaze3d/vertex/BufferBuilder$SortState;} {} {V}
[20Aug2025 20:19:43.487] [main/DEBUG] [cpw.mods.modlauncher.TransformStore/MODLAUNCHER]: Adding transformer optifine.OptiFineTransformer@2f521c4 to Target : PRE_CLASS {Lnet/minecraft/client/renderer/entity/layers/EyesLayer;} {} {V}
[20Aug2025 20:19:43.487] [main/DEBUG] [cpw.mods.modlauncher.TransformStore/MODLAUNCHER]: Adding transformer optifine.OptiFineTransformer@2f521c4 to Target : PRE_CLASS {Lnet/minecraft/core/Direction$Plane;} {} {V}
[20Aug2025 20:19:43.487] [main/DEBUG] [cpw.mods.modlauncher.TransformStore/MODLAUNCHER]: Adding transformer optifine.OptiFineTransformer@2f521c4 to Target : PRE_CLASS {Lnet/minecraft/world/level/block/state/properties/Property$Value;} {} {V}
[20Aug2025 20:19:43.487] [main/DEBUG] [cpw.mods.modlauncher.TransformStore/MODLAUNCHER]: Adding transformer optifine.OptiFineTransformer@2f521c4 to Target : PRE_CLASS {Lcom/mojang/blaze3d/platform/GlStateManager$TextureState;} {} {V}
[20Aug2025 20:19:43.487] [main/DEBUG] [cpw.mods.modlauncher.TransformStore/MODLAUNCHER]: Adding transformer optifine.OptiFineTransformer@2f521c4 to Target : PRE_CLASS {Lnet/minecraft/client/renderer/texture/Stitcher$Entry;} {} {V}
[20Aug2025 20:19:43.487] [main/DEBUG] [cpw.mods.modlauncher.TransformStore/MODLAUNCHER]: Adding transformer optifine.OptiFineTransformer@2f521c4 to Target : PRE_CLASS {Lnet/minecraft/client/renderer/EffectInstance;} {} {V}
[20Aug2025 20:19:43.487] [main/DEBUG] [cpw.mods.modlauncher.TransformStore/MODLAUNCHER]: Adding transformer optifine.OptiFineTransformer@2f521c4 to Target : PRE_CLASS {Lcom/mojang/blaze3d/vertex/VertexConsumer;} {} {V}
[20Aug2025 20:19:43.487] [main/DEBUG] [cpw.mods.modlauncher.TransformStore/MODLAUNCHER]: Adding transformer optifine.OptiFineTransformer@2f521c4 to Target : PRE_CLASS {Lnet/minecraft/client/renderer/chunk/ChunkRenderDispatcher$CompiledChunk;} {} {V}
[20Aug2025 20:19:43.487] [main/DEBUG] [cpw.mods.modlauncher.TransformStore/MODLAUNCHER]: Adding transformer optifine.OptiFineTransformer@2f521c4 to Target : PRE_CLASS {Lnet/minecraft/client/renderer/block/model/FaceBakery;} {} {V}
[20Aug2025 20:19:43.487] [main/DEBUG] [cpw.mods.modlauncher.TransformStore/MODLAUNCHER]: Adding transformer optifine.OptiFineTransformer@2f521c4 to Target : PRE_CLASS {Lnet/minecraft/client/renderer/chunk/RenderChunk;} {} {V}
[20Aug2025 20:19:43.487] [main/DEBUG] [cpw.mods.modlauncher.TransformStore/MODLAUNCHER]: Adding transformer optifine.OptiFineTransformer@2f521c4 to Target : PRE_CLASS {Lnet/minecraft/client/renderer/chunk/ChunkRenderDispatcher;} {} {V}
[20Aug2025 20:19:43.487] [main/DEBUG] [cpw.mods.modlauncher.TransformStore/MODLAUNCHER]: Adding transformer optifine.OptiFineTransformer@2f521c4 to Target : PRE_CLASS {Lnet/minecraft/client/renderer/texture/TextureAtlasSprite$Ticker;} {} {V}
[20Aug2025 20:19:43.488] [main/DEBUG] [cpw.mods.modlauncher.TransformStore/MODLAUNCHER]: Adding transformer optifine.OptiFineTransformer@2f521c4 to Target : PRE_CLASS {Lnet/minecraft/world/item/ItemUtils;} {} {V}
[20Aug2025 20:19:43.488] [main/DEBUG] [cpw.mods.modlauncher.TransformStore/MODLAUNCHER]: Adding transformer optifine.OptiFineTransformer@2f521c4 to Target : PRE_CLASS {Lnet/minecraft/world/entity/EntityEvent;} {} {V}
[20Aug2025 20:19:43.488] [main/DEBUG] [cpw.mods.modlauncher.TransformStore/MODLAUNCHER]: Adding transformer optifine.OptiFineTransformer@2f521c4 to Target : PRE_CLASS {Lnet/minecraft/server/level/ChunkLevel$1;} {} {V}
[20Aug2025 20:19:43.488] [main/DEBUG] [cpw.mods.modlauncher.TransformStore/MODLAUNCHER]: Adding transformer optifine.OptiFineTransformer@2f521c4 to Target : PRE_CLASS {Lnet/minecraft/client/renderer/FogRenderer$FogData;} {} {V}
[20Aug2025 20:19:43.488] [main/DEBUG] [cpw.mods.modlauncher.TransformStore/MODLAUNCHER]: Adding transformer optifine.OptiFineTransformer@2f521c4 to Target : PRE_CLASS {Lnet/minecraft/client/renderer/RenderType$OutlineProperty;} {} {V}
[20Aug2025 20:19:43.488] [main/DEBUG] [cpw.mods.modlauncher.TransformStore/MODLAUNCHER]: Adding transformer optifine.OptiFineTransformer@2f521c4 to Target : PRE_CLASS {Lnet/minecraft/client/server/IntegratedServer;} {} {V}
[20Aug2025 20:19:43.488] [main/DEBUG] [cpw.mods.modlauncher.TransformStore/MODLAUNCHER]: Adding transformer optifine.OptiFineTransformer@2f521c4 to Target : PRE_CLASS {Lnet/minecraft/Util$3;} {} {V}
[20Aug2025 20:19:43.488] [main/DEBUG] [cpw.mods.modlauncher.TransformStore/MODLAUNCHER]: Adding transformer optifine.OptiFineTransformer@2f521c4 to Target : PRE_CLASS {Lnet/minecraft/util/profiling/ActiveProfiler;} {} {V}
[20Aug2025 20:19:43.488] [main/DEBUG] [cpw.mods.modlauncher.TransformStore/MODLAUNCHER]: Adding transformer optifine.OptiFineTransformer@2f521c4 to Target : PRE_CLASS {Lnet/minecraft/world/item/DyeColor;} {} {V}
[20Aug2025 20:19:43.488] [main/DEBUG] [cpw.mods.modlauncher.TransformStore/MODLAUNCHER]: Adding transformer optifine.OptiFineTransformer@2f521c4 to Target : PRE_CLASS {Lnet/minecraft/client/renderer/texture/SpriteContents$FrameInfo;} {} {V}
[20Aug2025 20:19:43.488] [main/DEBUG] [cpw.mods.modlauncher.TransformStore/MODLAUNCHER]: Adding transformer optifine.OptiFineTransformer@2f521c4 to Target : PRE_CLASS {Lnet/minecraft/client/renderer/texture/StitcherException;} {} {V}
[20Aug2025 20:19:43.488] [main/DEBUG] [cpw.mods.modlauncher.TransformStore/MODLAUNCHER]: Adding transformer optifine.OptiFineTransformer@2f521c4 to Target : PRE_CLASS {Lnet/minecraft/server/level/DistanceManager$ChunkTicketTracker;} {} {V}
[20Aug2025 20:19:43.488] [main/DEBUG] [cpw.mods.modlauncher.TransformStore/MODLAUNCHER]: Adding transformer optifine.OptiFineTransformer@2f521c4 to Target : PRE_CLASS {Lnet/minecraft/client/renderer/entity/layers/ElytraLayer;} {} {V}
[20Aug2025 20:19:43.488] [main/DEBUG] [cpw.mods.modlauncher.TransformStore/MODLAUNCHER]: Adding transformer optifine.OptiFineTransformer@2f521c4 to Target : PRE_CLASS {Lcom/mojang/blaze3d/platform/GlStateManager$BooleanState;} {} {V}
[20Aug2025 20:19:43.489] [main/DEBUG] [cpw.mods.modlauncher.TransformStore/MODLAUNCHER]: Adding transformer optifine.OptiFineTransformer@2f521c4 to Target : PRE_CLASS {Lnet/minecraft/client/renderer/ShaderInstance;} {} {V}
[20Aug2025 20:19:43.489] [main/DEBUG] [cpw.mods.modlauncher.TransformStore/MODLAUNCHER]: Adding transformer optifine.OptiFineTransformer@2f521c4 to Target : PRE_CLASS {Lnet/minecraft/client/particle/ParticleEngine$MutableSpriteSet;} {} {V}
[20Aug2025 20:19:43.489] [main/DEBUG] [cpw.mods.modlauncher.TransformStore/MODLAUNCHER]: Adding transformer optifine.OptiFineTransformer@2f521c4 to Target : PRE_CLASS {Lnet/minecraft/client/renderer/block/model/ItemOverrides$PropertyMatcher;} {} {V}
[20Aug2025 20:19:43.489] [main/DEBUG] [cpw.mods.modlauncher.TransformStore/MODLAUNCHER]: Adding transformer optifine.OptiFineTransformer@2f521c4 to Target : PRE_CLASS {Lnet/minecraft/client/renderer/culling/Frustum;} {} {V}
[20Aug2025 20:19:43.489] [main/DEBUG] [cpw.mods.modlauncher.TransformStore/MODLAUNCHER]: Adding transformer optifine.OptiFineTransformer@2f521c4 to Target : PRE_CLASS {Lnet/minecraft/client/renderer/MultiBufferSource$BufferSource;} {} {V}
[20Aug2025 20:19:43.489] [main/DEBUG] [cpw.mods.modlauncher.TransformStore/MODLAUNCHER]: Adding transformer optifine.OptiFineTransformer@2f521c4 to Target : PRE_CLASS {Lnet/minecraft/client/renderer/BlockEntityWithoutLevelRenderer;} {} {V}
[20Aug2025 20:19:43.489] [main/DEBUG] [cpw.mods.modlauncher.TransformStore/MODLAUNCHER]: Adding transformer optifine.OptiFineTransformer@2f521c4 to Target : PRE_CLASS {Lnet/minecraft/client/renderer/entity/EnderDragonRenderer;} {} {V}
[20Aug2025 20:19:43.489] [main/DEBUG] [cpw.mods.modlauncher.TransformStore/MODLAUNCHER]: Adding transformer optifine.OptiFineTransformer@2f521c4 to Target : PRE_CLASS {Lnet/minecraft/client/renderer/entity/layers/ParrotOnShoulderLayer;} {} {V}
[20Aug2025 20:19:43.489] [main/DEBUG] [cpw.mods.modlauncher.TransformStore/MODLAUNCHER]: Adding transformer optifine.OptiFineTransformer@2f521c4 to Target : PRE_CLASS {Lnet/minecraft/client/renderer/RenderStateShard$MultiTextureStateShard$Builder;} {} {V}
[20Aug2025 20:19:43.489] [main/DEBUG] [cpw.mods.modlauncher.TransformStore/MODLAUNCHER]: Adding transformer optifine.OptiFineTransformer@2f521c4 to Target : PRE_CLASS {Lcom/mojang/blaze3d/pipeline/RenderTarget;} {} {V}
[20Aug2025 20:19:43.489] [main/DEBUG] [cpw.mods.modlauncher.TransformStore/MODLAUNCHER]: Adding transformer optifine.OptiFineTransformer@2f521c4 to Target : PRE_CLASS {Lnet/minecraft/client/renderer/FogRenderer$MobEffectFogFunction;} {} {V}
[20Aug2025 20:19:43.489] [main/DEBUG] [cpw.mods.modlauncher.TransformStore/MODLAUNCHER]: Adding transformer optifine.OptiFineTransformer@2f521c4 to Target : PRE_CLASS {Lnet/minecraft/world/level/levelgen/blending/Blender;} {} {V}
[20Aug2025 20:19:43.489] [main/DEBUG] [cpw.mods.modlauncher.TransformStore/MODLAUNCHER]: Adding transformer optifine.OptiFineTransformer@2f521c4 to Target : PRE_CLASS {Lnet/minecraft/world/level/chunk/PalettedContainer$Strategy$2;} {} {V}
[20Aug2025 20:19:43.489] [main/DEBUG] [cpw.mods.modlauncher.TransformStore/MODLAUNCHER]: Adding transformer optifine.OptiFineTransformer@2f521c4 to Target : PRE_CLASS {Lnet/minecraft/server/level/DistanceManager$FixedPlayerDistanceChunkTracker;} {} {V}
[20Aug2025 20:19:43.489] [main/DEBUG] [cpw.mods.modlauncher.TransformStore/MODLAUNCHER]: Adding transformer optifine.OptiFineTransformer@2f521c4 to Target : PRE_CLASS {Lcom/mojang/blaze3d/vertex/BufferUploader;} {} {V}
[20Aug2025 20:19:43.490] [main/DEBUG] [cpw.mods.modlauncher.TransformStore/MODLAUNCHER]: Adding transformer optifine.OptiFineTransformer@2f521c4 to Target : PRE_CLASS {Lcom/mojang/blaze3d/vertex/VertexBuffer;} {} {V}
[20Aug2025 20:19:43.490] [main/DEBUG] [cpw.mods.modlauncher.TransformStore/MODLAUNCHER]: Adding transformer optifine.OptiFineTransformer@2f521c4 to Target : PRE_CLASS {Lcom/mojang/blaze3d/vertex/VertexFormat$Mode;} {} {V}
[20Aug2025 20:19:43.490] [main/DEBUG] [cpw.mods.modlauncher.TransformStore/MODLAUNCHER]: Adding transformer optifine.OptiFineTransformer@2f521c4 to Target : PRE_CLASS {Lnet/minecraft/client/renderer/block/ModelBlockRenderer$1;} {} {V}
[20Aug2025 20:19:43.490] [main/DEBUG] [cpw.mods.modlauncher.TransformStore/MODLAUNCHER]: Adding transformer optifine.OptiFineTransformer@2f521c4 to Target : PRE_CLASS {Lnet/minecraft/client/resources/metadata/animation/AnimationMetadataSection;} {} {V}
[20Aug2025 20:19:43.490] [main/DEBUG] [cpw.mods.modlauncher.TransformStore/MODLAUNCHER]: Adding transformer optifine.OptiFineTransformer@2f521c4 to Target : PRE_CLASS {Lnet/minecraft/world/level/material/MapColor$Brightness;} {} {V}
[20Aug2025 20:19:43.490] [main/DEBUG] [cpw.mods.modlauncher.TransformStore/MODLAUNCHER]: Adding transformer optifine.OptiFineTransformer@2f521c4 to Target : PRE_CLASS {Lnet/minecraft/client/OptionInstance$Enum;} {} {V}
[20Aug2025 20:19:43.490] [main/DEBUG] [cpw.mods.modlauncher.TransformStore/MODLAUNCHER]: Adding transformer optifine.OptiFineTransformer@2f521c4 to Target : PRE_CLASS {Lcom/mojang/blaze3d/vertex/VertexMultiConsumer$Multiple;} {} {V}
[20Aug2025 20:19:43.490] [main/DEBUG] [cpw.mods.modlauncher.TransformStore/MODLAUNCHER]: Adding transformer optifine.OptiFineTransformer@2f521c4 to Target : PRE_CLASS {Lnet/minecraft/client/renderer/texture/SpriteTicker;} {} {V}
[20Aug2025 20:19:43.490] [main/DEBUG] [cpw.mods.modlauncher.TransformStore/MODLAUNCHER]: Adding transformer optifine.OptiFineTransformer@2f521c4 to Target : PRE_CLASS {Lnet/minecraft/client/gui/screens/VideoSettingsScreen;} {} {V}
[20Aug2025 20:19:43.490] [main/DEBUG] [cpw.mods.modlauncher.TransformStore/MODLAUNCHER]: Adding transformer optifine.OptiFineTransformer@2f521c4 to Target : PRE_CLASS {Lnet/minecraft/client/gui/font/providers/BitmapProvider$Glyph;} {} {V}
[20Aug2025 20:19:43.490] [main/DEBUG] [cpw.mods.modlauncher.TransformStore/MODLAUNCHER]: Adding transformer optifine.OptiFineTransformer@2f521c4 to Target : PRE_CLASS {Lnet/minecraft/world/entity/Mob$1;} {} {V}
[20Aug2025 20:19:43.490] [main/DEBUG] [cpw.mods.modlauncher.TransformStore/MODLAUNCHER]: Adding transformer optifine.OptiFineTransformer@2f521c4 to Target : PRE_CLASS {Lnet/minecraft/util/SimpleBitStorage;} {} {V}
[20Aug2025 20:19:43.490] [main/DEBUG] [cpw.mods.modlauncher.TransformStore/MODLAUNCHER]: Adding transformer optifine.OptiFineTransformer@2f521c4 to Target : PRE_CLASS {Lnet/minecraft/world/level/ChunkPos$1;} {} {V}
[20Aug2025 20:19:43.490] [main/DEBUG] [cpw.mods.modlauncher.TransformStore/MODLAUNCHER]: Adding transformer optifine.OptiFineTransformer@2f521c4 to Target : PRE_CLASS {Lnet/minecraft/client/renderer/entity/ItemEntityRenderer;} {} {V}
[20Aug2025 20:19:43.490] [main/DEBUG] [cpw.mods.modlauncher.TransformStore/MODLAUNCHER]: Adding transformer optifine.OptiFineTransformer@2f521c4 to Target : PRE_CLASS {Lnet/minecraft/client/renderer/RenderStateShard$EmptyTextureStateShard;} {} {V}
[20Aug2025 20:19:43.491] [main/DEBUG] [cpw.mods.modlauncher.TransformStore/MODLAUNCHER]: Adding transformer optifine.OptiFineTransformer@2f521c4 to Target : PRE_CLASS {Lnet/minecraft/world/level/chunk/PalettedContainer$Strategy;} {} {V}
[20Aug2025 20:19:43.491] [main/DEBUG] [cpw.mods.modlauncher.TransformStore/MODLAUNCHER]: Adding transformer optifine.OptiFineTransformer@2f521c4 to Target : PRE_CLASS {Lnet/minecraft/client/gui/font/FontSet$GlyphInfoFilter;} {} {V}
[20Aug2025 20:19:43.491] [main/DEBUG] [cpw.mods.modlauncher.TransformStore/MODLAUNCHER]: Adding transformer optifine.OptiFineTransformer@2f521c4 to Target : PRE_CLASS {Lnet/minecraft/client/gui/components/CycleButton$OnValueChange;} {} {V}
[20Aug2025 20:19:43.491] [main/DEBUG] [cpw.mods.modlauncher.TransformStore/MODLAUNCHER]: Adding transformer optifine.OptiFineTransformer@2f521c4 to Target : PRE_CLASS {Lnet/minecraft/world/level/chunk/LevelChunkSection$BlockCounter;} {} {V}
[20Aug2025 20:19:43.491] [main/DEBUG] [cpw.mods.modlauncher.TransformStore/MODLAUNCHER]: Adding transformer optifine.OptiFineTransformer@2f521c4 to Target : PRE_CLASS {Lnet/minecraft/client/model/Model;} {} {V}
[20Aug2025 20:19:43.491] [main/DEBUG] [cpw.mods.modlauncher.TransformStore/MODLAUNCHER]: Adding transformer optifine.OptiFineTransformer@2f521c4 to Target : PRE_CLASS {Lnet/minecraft/client/renderer/block/ModelBlockRenderer$AmbientVertexRemap;} {} {V}
[20Aug2025 20:19:43.491] [main/DEBUG] [cpw.mods.modlauncher.TransformStore/MODLAUNCHER]: Adding transformer optifine.OptiFineTransformer@2f521c4 to Target : PRE_CLASS {Lnet/minecraft/client/GuiMessage$Line;} {} {V}
[20Aug2025 20:19:43.491] [main/DEBUG] [cpw.mods.modlauncher.TransformStore/MODLAUNCHER]: Adding transformer optifine.OptiFineTransformer@2f521c4 to Target : PRE_CLASS {Lnet/minecraft/client/OptionInstance$ValueSet;} {} {V}
[20Aug2025 20:19:43.491] [main/DEBUG] [cpw.mods.modlauncher.TransformStore/MODLAUNCHER]: Adding transformer optifine.OptiFineTransformer@2f521c4 to Target : PRE_CLASS {Lnet/minecraft/client/renderer/entity/ItemFrameRenderer;} {} {V}
[20Aug2025 20:19:43.491] [main/DEBUG] [cpw.mods.modlauncher.TransformStore/MODLAUNCHER]: Adding transformer optifine.OptiFineTransformer@2f521c4 to Target : PRE_CLASS {Lnet/minecraft/client/gui/font/glyphs/BakedGlyph$Effect;} {} {V}
[20Aug2025 20:19:43.491] [main/DEBUG] [cpw.mods.modlauncher.TransformStore/MODLAUNCHER]: Adding transformer optifine.OptiFineTransformer@2f521c4 to Target : PRE_CLASS {Lnet/minecraft/client/renderer/block/ModelBlockRenderer$SizeInfo;} {} {V}
[20Aug2025 20:19:43.491] [main/DEBUG] [cpw.mods.modlauncher.TransformStore/MODLAUNCHER]: Adding transformer optifine.OptiFineTransformer@2f521c4 to Target : PRE_CLASS {Lnet/minecraft/client/renderer/block/LiquidBlockRenderer;} {} {V}
[20Aug2025 20:19:43.491] [main/DEBUG] [cpw.mods.modlauncher.TransformStore/MODLAUNCHER]: Adding transformer optifine.OptiFineTransformer@2f521c4 to Target : PRE_CLASS {Lnet/minecraft/client/renderer/texture/SpriteLoader$Preparations;} {} {V}
[20Aug2025 20:19:43.491] [main/DEBUG] [cpw.mods.modlauncher.TransformStore/MODLAUNCHER]: Adding transformer optifine.OptiFineTransformer@2f521c4 to Target : PRE_CLASS {Lnet/minecraft/client/renderer/RenderStateShard$OverlayStateShard;} {} {V}
[20Aug2025 20:19:43.491] [main/DEBUG] [cpw.mods.modlauncher.TransformStore/MODLAUNCHER]: Adding transformer optifine.OptiFineTransformer@2f521c4 to Target : PRE_CLASS {Lnet/minecraft/server/packs/VanillaPackResources;} {} {V}
[20Aug2025 20:19:43.492] [main/DEBUG] [cpw.mods.modlauncher.TransformStore/MODLAUNCHER]: Adding transformer optifine.OptiFineTransformer@2f521c4 to Target : PRE_CLASS {Lnet/minecraft/Util$IdentityStrategy;} {} {V}
[20Aug2025 20:19:43.492] [main/DEBUG] [cpw.mods.modlauncher.TransformStore/MODLAUNCHER]: Adding transformer optifine.OptiFineTransformer@2f521c4 to Target : PRE_CLASS {Lnet/minecraft/client/particle/ParticleEngine$SpriteParticleRegistration;} {} {V}
[20Aug2025 20:19:43.492] [main/DEBUG] [cpw.mods.modlauncher.TransformStore/MODLAUNCHER]: Adding transformer optifine.OptiFineTransformer@2f521c4 to Target : PRE_CLASS {Lnet/minecraft/client/renderer/entity/MobRenderer;} {} {V}
[20Aug2025 20:19:43.492] [main/DEBUG] [cpw.mods.modlauncher.TransformStore/MODLAUNCHER]: Adding transformer optifine.OptiFineTransformer@2f521c4 to Target : PRE_CLASS {Lnet/minecraft/client/renderer/FogRenderer$DarknessFogFunction;} {} {V}
[20Aug2025 20:19:43.492] [main/DEBUG] [cpw.mods.modlauncher.TransformStore/MODLAUNCHER]: Adding transformer optifine.OptiFineTransformer@2f521c4 to Target : PRE_CLASS {Lnet/minecraft/client/renderer/GameRenderer$ResourceCache;} {} {V}
[20Aug2025 20:19:43.492] [main/DEBUG] [cpw.mods.modlauncher.TransformStore/MODLAUNCHER]: Adding transformer optifine.OptiFineTransformer@2f521c4 to Target : PRE_CLASS {Lnet/minecraft/client/renderer/chunk/VisGraph$1;} {} {V}
[20Aug2025 20:19:43.492] [main/DEBUG] [cpw.mods.modlauncher.TransformStore/MODLAUNCHER]: Adding transformer optifine.OptiFineTransformer@2f521c4 to Target : PRE_CLASS {Lcom/mojang/blaze3d/platform/GlStateManager$CullState;} {} {V}
[20Aug2025 20:19:43.492] [main/DEBUG] [cpw.mods.modlauncher.TransformStore/MODLAUNCHER]: Adding transformer optifine.OptiFineTransformer@2f521c4 to Target : PRE_CLASS {Lnet/minecraft/client/OptionInstance$OptionInstanceSliderButton;} {} {V}
[20Aug2025 20:19:43.492] [main/DEBUG] [cpw.mods.modlauncher.TransformStore/MODLAUNCHER]: Adding transformer optifine.OptiFineTransformer@2f521c4 to Target : PRE_CLASS {Lnet/minecraft/client/resources/model/ModelBakery$BlockStateDefinitionException;} {} {V}
[20Aug2025 20:19:43.492] [main/DEBUG] [cpw.mods.modlauncher.TransformStore/MODLAUNCHER]: Adding transformer optifine.OptiFineTransformer@2f521c4 to Target : PRE_CLASS {Lnet/minecraft/client/OptionInstance$CaptionBasedToString;} {} {V}
[20Aug2025 20:19:43.492] [main/DEBUG] [cpw.mods.modlauncher.TransformStore/MODLAUNCHER]: Adding transformer optifine.OptiFineTransformer@2f521c4 to Target : PRE_CLASS {Lcom/mojang/blaze3d/platform/GlStateManager$ColorMask;} {} {V}
[20Aug2025 20:19:43.492] [main/DEBUG] [cpw.mods.modlauncher.TransformStore/MODLAUNCHER]: Adding transformer optifine.OptiFineTransformer@2f521c4 to Target : PRE_CLASS {Lnet/minecraft/client/renderer/blockentity/BlockEntityRenderDispatcher;} {} {V}
[20Aug2025 20:19:43.492] [main/DEBUG] [cpw.mods.modlauncher.TransformStore/MODLAUNCHER]: Adding transformer optifine.OptiFineTransformer@2f521c4 to Target : PRE_CLASS {Lnet/minecraft/client/multiplayer/ClientLevel$ClientLevelData;} {} {V}
[20Aug2025 20:19:43.492] [main/DEBUG] [cpw.mods.modlauncher.TransformStore/MODLAUNCHER]: Adding transformer optifine.OptiFineTransformer@2f521c4 to Target : PRE_CLASS {Lnet/minecraft/client/renderer/texture/MissingTextureAtlasSprite;} {} {V}
[20Aug2025 20:19:43.492] [main/DEBUG] [cpw.mods.modlauncher.TransformStore/MODLAUNCHER]: Adding transformer optifine.OptiFineTransformer@2f521c4 to Target : PRE_CLASS {Lnet/minecraft/server/packs/FilePackResources;} {} {V}
[20Aug2025 20:19:43.493] [main/DEBUG] [cpw.mods.modlauncher.TransformStore/MODLAUNCHER]: Adding transformer optifine.OptiFineTransformer@2f521c4 to Target : PRE_CLASS {Lnet/minecraft/client/renderer/texture/SpriteContents$InterpolationData;} {} {V}
[20Aug2025 20:19:43.493] [main/DEBUG] [cpw.mods.modlauncher.TransformStore/MODLAUNCHER]: Adding transformer optifine.OptiFineTransformer@2f521c4 to Target : PRE_CLASS {Lnet/minecraft/Util$OS$1;} {} {V}
[20Aug2025 20:19:43.493] [main/DEBUG] [cpw.mods.modlauncher.TransformStore/MODLAUNCHER]: Adding transformer optifine.OptiFineTransformer@2f521c4 to Target : PRE_CLASS {Lnet/minecraft/client/renderer/entity/TntMinecartRenderer;} {} {V}
[20Aug2025 20:19:43.493] [main/DEBUG] [cpw.mods.modlauncher.TransformStore/MODLAUNCHER]: Adding transformer optifine.OptiFineTransformer@2f521c4 to Target : PRE_CLASS {Lnet/minecraft/client/OptionInstance$TooltipSupplier;} {} {V}
[20Aug2025 20:19:43.493] [main/DEBUG] [cpw.mods.modlauncher.TransformStore/MODLAUNCHER]: Adding transformer optifine.OptiFineTransformer@2f521c4 to Target : PRE_CLASS {Lnet/minecraft/client/renderer/entity/layers/WardenEmissiveLayer$DrawSelector;} {} {V}
[20Aug2025 20:19:43.493] [main/DEBUG] [cpw.mods.modlauncher.TransformStore/MODLAUNCHER]: Adding transformer optifine.OptiFineTransformer@2f521c4 to Target : PRE_CLASS {Lnet/minecraft/client/renderer/RenderStateShard$WriteMaskStateShard;} {} {V}
[20Aug2025 20:19:43.493] [main/DEBUG] [cpw.mods.modlauncher.TransformStore/MODLAUNCHER]: Adding transformer optifine.OptiFineTransformer@2f521c4 to Target : PRE_CLASS {Lcom/mojang/blaze3d/vertex/VertexFormat$IndexType;} {} {V}
[20Aug2025 20:19:43.493] [main/DEBUG] [cpw.mods.modlauncher.TransformStore/MODLAUNCHER]: Adding transformer optifine.OptiFineTransformer@2f521c4 to Target : PRE_CLASS {Lnet/minecraft/client/renderer/block/ModelBlockRenderer$Cache;} {} {V}
[20Aug2025 20:19:43.493] [main/DEBUG] [cpw.mods.modlauncher.TransformStore/MODLAUNCHER]: Adding transformer optifine.OptiFineTransformer@2f521c4 to Target : PRE_CLASS {Lnet/minecraft/client/renderer/FogRenderer;} {} {V}
[20Aug2025 20:19:43.493] [main/DEBUG] [cpw.mods.modlauncher.TransformStore/MODLAUNCHER]: Adding transformer optifine.OptiFineTransformer@2f521c4 to Target : PRE_CLASS {Lnet/minecraft/client/renderer/texture/Stitcher$Region;} {} {V}
[20Aug2025 20:19:43.493] [main/DEBUG] [cpw.mods.modlauncher.TransformStore/MODLAUNCHER]: Adding transformer optifine.OptiFineTransformer@2f521c4 to Target : PRE_CLASS {Lnet/minecraft/util/profiling/ActiveProfiler$PathEntry;} {} {V}
[20Aug2025 20:19:43.493] [main/DEBUG] [cpw.mods.modlauncher.TransformStore/MODLAUNCHER]: Adding transformer optifine.OptiFineTransformer@2f521c4 to Target : PRE_CLASS {Lnet/minecraft/client/renderer/block/ModelBlockRenderer$Cache$2;} {} {V}
[20Aug2025 20:19:43.493] [main/DEBUG] [cpw.mods.modlauncher.TransformStore/MODLAUNCHER]: Adding transformer optifine.OptiFineTransformer@2f521c4 to Target : PRE_CLASS {Lcom/mojang/blaze3d/vertex/VertexMultiConsumer$Double;} {} {V}
[20Aug2025 20:19:43.493] [main/DEBUG] [cpw.mods.modlauncher.TransformStore/MODLAUNCHER]: Adding transformer optifine.OptiFineTransformer@2f521c4 to Target : PRE_CLASS {Lnet/minecraft/client/gui/font/glyphs/BakedGlyph;} {} {V}
[20Aug2025 20:19:43.493] [main/DEBUG] [cpw.mods.modlauncher.TransformStore/MODLAUNCHER]: Adding transformer optifine.OptiFineTransformer@2f521c4 to Target : PRE_CLASS {Lnet/minecraft/client/renderer/entity/layers/WolfCollarLayer;} {} {V}
[20Aug2025 20:19:43.494] [main/DEBUG] [cpw.mods.modlauncher.TransformStore/MODLAUNCHER]: Adding transformer optifine.OptiFineTransformer@2f521c4 to Target : PRE_CLASS {Lnet/minecraft/Util$7;} {} {V}
[20Aug2025 20:19:43.494] [main/DEBUG] [cpw.mods.modlauncher.TransformStore/MODLAUNCHER]: Adding transformer optifine.OptiFineTransformer@2f521c4 to Target : PRE_CLASS {Lcom/mojang/blaze3d/vertex/VertexBuffer$Usage;} {} {V}
[20Aug2025 20:19:43.494] [main/DEBUG] [cpw.mods.modlauncher.TransformStore/MODLAUNCHER]: Adding transformer optifine.OptiFineTransformer@2f521c4 to Target : PRE_CLASS {Lnet/minecraft/client/renderer/RenderStateShard$LayeringStateShard;} {} {V}
[20Aug2025 20:19:43.494] [main/DEBUG] [cpw.mods.modlauncher.TransformStore/MODLAUNCHER]: Adding transformer optifine.OptiFineTransformer@2f521c4 to Target : PRE_CLASS {Lnet/minecraft/client/renderer/RenderStateShard$OffsetTexturingStateShard;} {} {V}
[20Aug2025 20:19:43.494] [main/DEBUG] [cpw.mods.modlauncher.TransformStore/MODLAUNCHER]: Adding transformer optifine.OptiFineTransformer@2f521c4 to Target : PRE_CLASS {Lnet/minecraft/client/gui/Font$StringRenderOutput;} {} {V}
[20Aug2025 20:19:43.494] [main/DEBUG] [cpw.mods.modlauncher.TransformStore/MODLAUNCHER]: Adding transformer optifine.OptiFineTransformer@2f521c4 to Target : PRE_CLASS {Lnet/minecraft/client/OptionInstance$IntRange;} {} {V}
[20Aug2025 20:19:43.494] [main/DEBUG] [cpw.mods.modlauncher.TransformStore/MODLAUNCHER]: Adding transformer optifine.OptiFineTransformer@2f521c4 to Target : PRE_CLASS {Lnet/minecraft/server/level/ChunkMap$DistanceManager;} {} {V}
[20Aug2025 20:19:43.494] [main/DEBUG] [cpw.mods.modlauncher.TransformStore/MODLAUNCHER]: Adding transformer optifine.OptiFineTransformer@2f521c4 to Target : PRE_CLASS {Lcom/mojang/blaze3d/vertex/VertexFormatElement$Usage$SetupState;} {} {V}
[20Aug2025 20:19:43.494] [main/DEBUG] [cpw.mods.modlauncher.TransformStore/MODLAUNCHER]: Adding transformer optifine.OptiFineTransformer@2f521c4 to Target : PRE_CLASS {Lnet/minecraft/client/model/geom/ModelPart;} {} {V}
[20Aug2025 20:19:43.494] [main/DEBUG] [cpw.mods.modlauncher.TransformStore/MODLAUNCHER]: Adding transformer optifine.OptiFineTransformer@2f521c4 to Target : PRE_CLASS {Lnet/minecraft/client/renderer/blockentity/SkullBlockRenderer;} {} {V}
[20Aug2025 20:19:43.494] [main/DEBUG] [cpw.mods.modlauncher.TransformStore/MODLAUNCHER]: Adding transformer optifine.OptiFineTransformer@2f521c4 to Target : PRE_CLASS {Lnet/minecraft/client/OptionInstance$UnitDouble$1;} {} {V}
[20Aug2025 20:19:43.494] [main/DEBUG] [cpw.mods.modlauncher.TransformStore/MODLAUNCHER]: Adding transformer optifine.OptiFineTransformer@2f521c4 to Target : PRE_CLASS {Lnet/minecraft/client/renderer/blockentity/SignRenderer;} {} {V}
[20Aug2025 20:19:43.494] [main/DEBUG] [cpw.mods.modlauncher.TransformStore/MODLAUNCHER]: Adding transformer optifine.OptiFineTransformer@2f521c4 to Target : PRE_CLASS {Lcom/mojang/blaze3d/vertex/BufferBuilder$DrawState;} {} {V}
[20Aug2025 20:19:43.494] [main/DEBUG] [cpw.mods.modlauncher.TransformStore/MODLAUNCHER]: Adding transformer optifine.OptiFineTransformer@2f521c4 to Target : PRE_CLASS {Lnet/minecraft/client/renderer/RenderType$CompositeRenderType;} {} {V}
[20Aug2025 20:19:43.494] [main/DEBUG] [cpw.mods.modlauncher.TransformStore/MODLAUNCHER]: Adding transformer optifine.OptiFineTransformer@2f521c4 to Target : PRE_CLASS {Lnet/minecraft/client/OptionInstance$CycleableValueSet$ValueSetter;} {} {V}
[20Aug2025 20:19:43.495] [main/DEBUG] [cpw.mods.modlauncher.TransformStore/MODLAUNCHER]: Adding transformer optifine.OptiFineTransformer@2f521c4 to Target : PRE_CLASS {Lcom/mojang/blaze3d/platform/GlStateManager;} {} {V}
[20Aug2025 20:19:43.495] [main/DEBUG] [cpw.mods.modlauncher.TransformStore/MODLAUNCHER]: Adding transformer optifine.OptiFineTransformer@2f521c4 to Target : PRE_CLASS {Lnet/minecraft/client/KeyboardHandler$1;} {} {V}
[20Aug2025 20:19:43.495] [main/DEBUG] [cpw.mods.modlauncher.TransformStore/MODLAUNCHER]: Adding transformer optifine.OptiFineTransformer@2f521c4 to Target : PRE_CLASS {Lnet/minecraft/client/resources/model/Material;} {} {V}
[20Aug2025 20:19:43.495] [main/DEBUG] [cpw.mods.modlauncher.TransformStore/MODLAUNCHER]: Adding transformer optifine.OptiFineTransformer@2f521c4 to Target : PRE_CLASS {Lnet/minecraft/client/renderer/RenderStateShard;} {} {V}
[20Aug2025 20:19:43.495] [main/DEBUG] [cpw.mods.modlauncher.TransformStore/MODLAUNCHER]: Adding transformer optifine.OptiFineTransformer@2f521c4 to Target : PRE_CLASS {Lnet/minecraft/client/gui/MapRenderer$MapInstance;} {} {V}
[20Aug2025 20:19:43.495] [main/DEBUG] [cpw.mods.modlauncher.TransformStore/MODLAUNCHER]: Adding transformer optifine.OptiFineTransformer@2f521c4 to Target : PRE_CLASS {Lnet/minecraft/client/resources/metadata/animation/AnimationMetadataSection$1;} {} {V}
[20Aug2025 20:19:43.495] [main/DEBUG] [cpw.mods.modlauncher.TransformStore/MODLAUNCHER]: Adding transformer optifine.OptiFineTransformer@2f521c4 to Target : PRE_CLASS {Lnet/minecraft/client/renderer/entity/layers/CatCollarLayer;} {} {V}
[20Aug2025 20:19:43.495] [main/DEBUG] [cpw.mods.modlauncher.TransformStore/MODLAUNCHER]: Adding transformer optifine.OptiFineTransformer@2f521c4 to Target : PRE_CLASS {Lnet/minecraft/client/renderer/entity/LivingEntityRenderer;} {} {V}
[20Aug2025 20:19:43.495] [main/DEBUG] [cpw.mods.modlauncher.TransformStore/MODLAUNCHER]: Adding transformer optifine.OptiFineTransformer@2f521c4 to Target : PRE_CLASS {Lnet/minecraft/client/renderer/entity/layers/HumanoidArmorLayer;} {} {V}
[20Aug2025 20:19:43.495] [main/DEBUG] [cpw.mods.modlauncher.TransformStore/MODLAUNCHER]: Adding transformer optifine.OptiFineTransformer@2f521c4 to Target : PRE_CLASS {Lnet/minecraft/client/renderer/entity/layers/StrayClothingLayer;} {} {V}
[20Aug2025 20:19:43.495] [main/DEBUG] [cpw.mods.modlauncher.TransformStore/MODLAUNCHER]: Adding transformer optifine.OptiFineTransformer@2f521c4 to Target : PRE_CLASS {Lnet/minecraft/client/OptionInstance$AltEnum;} {} {V}
[20Aug2025 20:19:43.495] [main/DEBUG] [cpw.mods.modlauncher.TransformStore/MODLAUNCHER]: Adding transformer optifine.OptiFineTransformer@2f521c4 to Target : PRE_CLASS {Lnet/minecraft/client/renderer/LevelRenderer;} {} {V}
[20Aug2025 20:19:43.495] [main/DEBUG] [cpw.mods.modlauncher.TransformStore/MODLAUNCHER]: Adding transformer optifine.OptiFineTransformer@2f521c4 to Target : PRE_CLASS {Lnet/minecraft/network/syncher/SynchedEntityData;} {} {V}
[20Aug2025 20:19:43.495] [main/DEBUG] [cpw.mods.modlauncher.TransformStore/MODLAUNCHER]: Adding transformer optifine.OptiFineTransformer@2f521c4 to Target : PRE_CLASS {Lnet/minecraft/client/renderer/texture/TextureAtlas;} {} {V}
[20Aug2025 20:19:43.495] [main/DEBUG] [cpw.mods.modlauncher.TransformStore/MODLAUNCHER]: Adding transformer optifine.OptiFineTransformer@2f521c4 to Target : PRE_CLASS {Lnet/minecraft/client/resources/model/ModelBakery$LoadedJson;} {} {V}
[20Aug2025 20:19:43.495] [main/DEBUG] [cpw.mods.modlauncher.TransformStore/MODLAUNCHER]: Adding transformer optifine.OptiFineTransformer@2f521c4 to Target : PRE_CLASS {Lcom/mojang/blaze3d/platform/GlStateManager$StencilFunc;} {} {V}
[20Aug2025 20:19:43.496] [main/DEBUG] [cpw.mods.modlauncher.TransformStore/MODLAUNCHER]: Adding transformer optifine.OptiFineTransformer@2f521c4 to Target : PRE_CLASS {Lnet/minecraft/client/renderer/texture/SpriteLoader;} {} {V}
[20Aug2025 20:19:43.496] [main/DEBUG] [cpw.mods.modlauncher.TransformStore/MODLAUNCHER]: Adding transformer optifine.OptiFineTransformer@2f521c4 to Target : PRE_CLASS {Lnet/minecraft/client/Options$1;} {} {V}
[20Aug2025 20:19:43.496] [main/DEBUG] [cpw.mods.modlauncher.TransformStore/MODLAUNCHER]: Adding transformer optifine.OptiFineTransformer@2f521c4 to Target : PRE_CLASS {Lnet/minecraft/client/particle/ParticleEngine;} {} {V}
[20Aug2025 20:19:43.496] [main/DEBUG] [cpw.mods.modlauncher.TransformStore/MODLAUNCHER]: Adding transformer optifine.OptiFineTransformer@2f521c4 to Target : PRE_CLASS {Lnet/minecraft/client/renderer/block/model/FaceBakery$1;} {} {V}
[20Aug2025 20:19:43.496] [main/DEBUG] [cpw.mods.modlauncher.TransformStore/MODLAUNCHER]: Adding transformer optifine.OptiFineTransformer@2f521c4 to Target : PRE_CLASS {Lnet/minecraft/Util$4;} {} {V}
[20Aug2025 20:19:43.496] [main/DEBUG] [cpw.mods.modlauncher.TransformStore/MODLAUNCHER]: Adding transformer optifine.OptiFineTransformer@2f521c4 to Target : PRE_CLASS {Lcom/mojang/blaze3d/platform/GlStateManager$BlendState;} {} {V}
[20Aug2025 20:19:43.496] [main/DEBUG] [cpw.mods.modlauncher.TransformStore/MODLAUNCHER]: Adding transformer optifine.OptiFineTransformer@2f521c4 to Target : PRE_CLASS {Lcom/mojang/blaze3d/platform/Window;} {} {V}
[20Aug2025 20:19:43.496] [main/DEBUG] [cpw.mods.modlauncher.TransformStore/MODLAUNCHER]: Adding transformer optifine.OptiFineTransformer@2f521c4 to Target : PRE_CLASS {Lnet/minecraft/world/level/chunk/PalettedContainer$CountConsumer;} {} {V}
[20Aug2025 20:19:43.496] [main/DEBUG] [cpw.mods.modlauncher.TransformStore/MODLAUNCHER]: Adding transformer optifine.OptiFineTransformer@2f521c4 to Target : PRE_CLASS {Lcom/mojang/blaze3d/platform/GlStateManager$LogicOp;} {} {V}
[20Aug2025 20:19:43.496] [main/DEBUG] [cpw.mods.modlauncher.TransformStore/MODLAUNCHER]: Adding transformer optifine.OptiFineTransformer@2f521c4 to Target : PRE_CLASS {Lnet/minecraft/client/renderer/texture/TextureAtlasSprite;} {} {V}
[20Aug2025 20:19:43.496] [main/DEBUG] [cpw.mods.modlauncher.TransformStore/MODLAUNCHER]: Adding transformer optifine.OptiFineTransformer@2f521c4 to Target : PRE_CLASS {Lcom/mojang/blaze3d/vertex/PoseStack$Pose;} {} {V}
[20Aug2025 20:19:43.496] [main/DEBUG] [cpw.mods.modlauncher.TransformStore/MODLAUNCHER]: Adding transformer optifine.OptiFineTransformer@2f521c4 to Target : PRE_CLASS {Lnet/minecraft/client/renderer/chunk/ChunkRenderDispatcher$RenderChunk$RebuildTask$CompileResults;} {} {V}
[20Aug2025 20:19:43.496] [main/DEBUG] [cpw.mods.modlauncher.TransformStore/MODLAUNCHER]: Adding transformer optifine.OptiFineTransformer@2f521c4 to Target : PRE_CLASS {Lnet/minecraft/client/particle/ItemPickupParticle;} {} {V}
[20Aug2025 20:19:43.496] [main/DEBUG] [cpw.mods.modlauncher.TransformStore/MODLAUNCHER]: Adding transformer optifine.OptiFineTransformer@2f521c4 to Target : PRE_CLASS {Lnet/minecraft/CrashReport;} {} {V}
[20Aug2025 20:19:43.497] [main/DEBUG] [cpw.mods.modlauncher.TransformStore/MODLAUNCHER]: Adding transformer optifine.OptiFineTransformer@2f521c4 to Target : PRE_CLASS {Lnet/minecraft/client/particle/ParticleEngine$ParticleDefinition;} {} {V}
[20Aug2025 20:19:43.497] [main/DEBUG] [cpw.mods.modlauncher.TransformStore/MODLAUNCHER]: Adding transformer optifine.OptiFineTransformer@2f521c4 to Target : PRE_CLASS {Lnet/minecraft/client/OptionInstance$ClampingLazyMaxIntRange;} {} {V}
[20Aug2025 20:19:43.497] [main/DEBUG] [cpw.mods.modlauncher.TransformStore/MODLAUNCHER]: Adding transformer optifine.OptiFineTransformer@2f521c4 to Target : PRE_CLASS {Lnet/minecraft/world/item/alchemy/PotionUtils;} {} {V}
[20Aug2025 20:19:43.497] [main/DEBUG] [cpw.mods.modlauncher.TransformStore/MODLAUNCHER]: Adding transformer optifine.OptiFineTransformer@2f521c4 to Target : PRE_CLASS {Lnet/minecraft/client/renderer/entity/ItemRenderer;} {} {V}
[20Aug2025 20:19:43.497] [main/DEBUG] [cpw.mods.modlauncher.TransformStore/MODLAUNCHER]: Adding transformer optifine.OptiFineTransformer@2f521c4 to Target : PRE_CLASS {Lnet/minecraft/util/thread/BlockableEventLoop;} {} {V}
[20Aug2025 20:19:43.497] [main/DEBUG] [cpw.mods.modlauncher.TransformStore/MODLAUNCHER]: Adding transformer optifine.OptiFineTransformer@2f521c4 to Target : PRE_CLASS {Lcom/mojang/blaze3d/platform/NativeImage$WriteCallback;} {} {V}
[20Aug2025 20:19:43.497] [main/DEBUG] [cpw.mods.modlauncher.TransformStore/MODLAUNCHER]: Adding transformer optifine.OptiFineTransformer@2f521c4 to Target : PRE_CLASS {Lnet/minecraft/client/gui/GuiGraphics$ScissorStack;} {} {V}
[20Aug2025 20:19:43.497] [main/DEBUG] [cpw.mods.modlauncher.TransformStore/MODLAUNCHER]: Adding transformer optifine.OptiFineTransformer@2f521c4 to Target : PRE_CLASS {Lnet/minecraft/world/level/chunk/LevelChunkSection;} {} {V}
[20Aug2025 20:19:43.497] [main/DEBUG] [cpw.mods.modlauncher.TransformStore/MODLAUNCHER]: Adding transformer optifine.OptiFineTransformer@2f521c4 to Target : PRE_CLASS {Lnet/minecraft/client/resources/model/WeightedBakedModel$Builder;} {} {V}
[20Aug2025 20:19:43.497] [main/DEBUG] [cpw.mods.modlauncher.TransformStore/MODLAUNCHER]: Adding transformer optifine.OptiFineTransformer@2f521c4 to Target : PRE_CLASS {Lcom/mojang/blaze3d/vertex/VertexFormatElement$Type;} {} {V}
[20Aug2025 20:19:43.497] [main/DEBUG] [cpw.mods.modlauncher.TransformStore/MODLAUNCHER]: Adding transformer optifine.OptiFineTransformer@2f521c4 to Target : PRE_CLASS {Lnet/minecraft/client/resources/model/WeightedBakedModel;} {} {V}
[20Aug2025 20:19:43.497] [main/DEBUG] [cpw.mods.modlauncher.TransformStore/MODLAUNCHER]: Adding transformer optifine.OptiFineTransformer@2f521c4 to Target : PRE_CLASS {Lcom/mojang/blaze3d/platform/Monitor;} {} {V}
[20Aug2025 20:19:43.497] [main/DEBUG] [cpw.mods.modlauncher.TransformStore/MODLAUNCHER]: Adding transformer optifine.OptiFineTransformer@2f521c4 to Target : PRE_CLASS {Lnet/minecraft/resources/ResourceLocation$Serializer;} {} {V}
[20Aug2025 20:19:43.497] [main/DEBUG] [cpw.mods.modlauncher.TransformStore/MODLAUNCHER]: Adding transformer optifine.OptiFineTransformer@2f521c4 to Target : PRE_CLASS {Lnet/minecraft/util/CubicSampler;} {} {V}
[20Aug2025 20:19:43.497] [main/DEBUG] [cpw.mods.modlauncher.TransformStore/MODLAUNCHER]: Adding transformer optifine.OptiFineTransformer@2f521c4 to Target : PRE_CLASS {Lnet/minecraft/Util;} {} {V}
[20Aug2025 20:19:43.498] [main/DEBUG] [cpw.mods.modlauncher.TransformStore/MODLAUNCHER]: Adding transformer optifine.OptiFineTransformer@2f521c4 to Target : PRE_CLASS {Lnet/minecraft/server/level/DistanceManager;} {} {V}
[20Aug2025 20:19:43.498] [main/DEBUG] [cpw.mods.modlauncher.TransformStore/MODLAUNCHER]: Adding transformer optifine.OptiFineTransformer@2f521c4 to Target : PRE_CLASS {Lnet/minecraft/world/entity/Mob;} {} {V}
[20Aug2025 20:19:43.498] [main/DEBUG] [cpw.mods.modlauncher.TransformStore/MODLAUNCHER]: Adding transformer optifine.OptiFineTransformer@2f521c4 to Target : PRE_CLASS {Lcom/mojang/blaze3d/systems/RenderSystem;} {} {V}
[20Aug2025 20:19:43.498] [main/DEBUG] [cpw.mods.modlauncher.TransformStore/MODLAUNCHER]: Adding transformer optifine.OptiFineTransformer@2f521c4 to Target : PRE_CLASS {Lnet/minecraft/Util$6;} {} {V}
[20Aug2025 20:19:43.498] [main/DEBUG] [cpw.mods.modlauncher.TransformStore/MODLAUNCHER]: Adding transformer optifine.OptiFineTransformer@2f521c4 to Target : PRE_CLASS {Lnet/minecraft/client/renderer/chunk/VisibilitySet;} {} {V}
[20Aug2025 20:19:43.498] [main/DEBUG] [cpw.mods.modlauncher.TransformStore/MODLAUNCHER]: Adding transformer optifine.OptiFineTransformer@2f521c4 to Target : PRE_CLASS {Lnet/minecraft/client/OptionInstance$IntRangeBase$1;} {} {V}
[20Aug2025 20:19:43.498] [main/DEBUG] [cpw.mods.modlauncher.TransformStore/MODLAUNCHER]: Adding transformer optifine.OptiFineTransformer@2f521c4 to Target : PRE_CLASS {Lnet/minecraft/client/particle/Particle;} {} {V}
[20Aug2025 20:19:43.498] [main/DEBUG] [cpw.mods.modlauncher.TransformStore/MODLAUNCHER]: Adding transformer optifine.OptiFineTransformer@2f521c4 to Target : PRE_CLASS {Lnet/minecraft/client/renderer/entity/layers/WardenEmissiveLayer;} {} {V}
[20Aug2025 20:19:43.498] [main/DEBUG] [cpw.mods.modlauncher.TransformStore/MODLAUNCHER]: Adding transformer optifine.OptiFineTransformer@2f521c4 to Target : PRE_CLASS {Lnet/minecraft/client/OptionInstance$SliderableOrCyclableValueSet;} {} {V}
[20Aug2025 20:19:43.498] [main/DEBUG] [cpw.mods.modlauncher.TransformStore/MODLAUNCHER]: Adding transformer optifine.OptiFineTransformer@2f521c4 to Target : PRE_CLASS {Lnet/minecraft/client/model/geom/ModelPart$Cube;} {} {V}
[20Aug2025 20:19:43.498] [main/DEBUG] [cpw.mods.modlauncher.TransformStore/MODLAUNCHER]: Adding transformer optifine.OptiFineTransformer@2f521c4 to Target : PRE_CLASS {Lnet/minecraft/client/renderer/SpriteCoordinateExpander;} {} {V}
[20Aug2025 20:19:43.498] [main/DEBUG] [cpw.mods.modlauncher.TransformStore/MODLAUNCHER]: Adding transformer optifine.OptiFineTransformer@2f521c4 to Target : PRE_CLASS {Lnet/minecraft/client/renderer/debug/ChunkBorderRenderer;} {} {V}
[20Aug2025 20:19:43.498] [main/DEBUG] [cpw.mods.modlauncher.TransformStore/MODLAUNCHER]: Adding transformer optifine.OptiFineTransformer@2f521c4 to Target : PRE_CLASS {Lnet/minecraft/world/level/chunk/PalettedContainer;} {} {V}
[20Aug2025 20:19:43.498] [main/DEBUG] [cpw.mods.modlauncher.TransformStore/MODLAUNCHER]: Adding transformer optifine.OptiFineTransformer@2f521c4 to Target : PRE_CLASS {Lcom/mojang/blaze3d/vertex/DefaultVertexFormat;} {} {V}
[20Aug2025 20:19:43.498] [main/DEBUG] [cpw.mods.modlauncher.TransformStore/MODLAUNCHER]: Adding transformer optifine.OptiFineTransformer@2f521c4 to Target : PRE_CLASS {Lnet/minecraft/client/renderer/chunk/ChunkRenderDispatcher$RenderChunk$ChunkCompileTask;} {} {V}
[20Aug2025 20:19:43.498] [main/DEBUG] [cpw.mods.modlauncher.TransformStore/MODLAUNCHER]: Adding transformer optifine.OptiFineTransformer@2f521c4 to Target : PRE_CLASS {Lnet/minecraft/client/renderer/LevelRenderer$RenderChunkInfo;} {} {V}
[20Aug2025 20:19:43.499] [main/DEBUG] [cpw.mods.modlauncher.TransformStore/MODLAUNCHER]: Adding transformer optifine.OptiFineTransformer@2f521c4 to Target : PRE_CLASS {Lcom/mojang/blaze3d/shaders/Program$Type;} {} {V}
[20Aug2025 20:19:43.499] [main/DEBUG] [cpw.mods.modlauncher.TransformStore/MODLAUNCHER]: Adding transformer optifine.OptiFineTransformer@2f521c4 to Target : PRE_CLASS {Lnet/minecraft/client/resources/model/ModelBakery;} {} {V}
[20Aug2025 20:19:43.499] [main/DEBUG] [cpw.mods.modlauncher.TransformStore/MODLAUNCHER]: Adding transformer optifine.OptiFineTransformer@2f521c4 to Target : PRE_CLASS {Lnet/minecraft/client/gui/GuiGraphics;} {} {V}
[20Aug2025 20:19:43.499] [main/DEBUG] [cpw.mods.modlauncher.TransformStore/MODLAUNCHER]: Adding transformer optifine.OptiFineTransformer@2f521c4 to Target : PRE_CLASS {Lnet/minecraft/network/syncher/SynchedEntityData$DataValue;} {} {V}
[20Aug2025 20:19:43.499] [main/DEBUG] [cpw.mods.modlauncher.TransformStore/MODLAUNCHER]: Adding transformer optifine.OptiFineTransformer@2f521c4 to Target : PRE_CLASS {Lnet/minecraft/client/multiplayer/ClientLevel$EntityCallbacks;} {} {V}
[20Aug2025 20:19:43.499] [main/DEBUG] [cpw.mods.modlauncher.TransformStore/MODLAUNCHER]: Adding transformer optifine.OptiFineTransformer@2f521c4 to Target : PRE_CLASS {Lnet/minecraft/client/resources/model/BakedModel;} {} {V}
[20Aug2025 20:19:43.499] [main/DEBUG] [cpw.mods.modlauncher.TransformStore/MODLAUNCHER]: Adding transformer optifine.OptiFineTransformer@2f521c4 to Target : PRE_CLASS {Lnet/minecraft/client/renderer/GameRenderer$1;} {} {V}
[20Aug2025 20:19:43.499] [main/DEBUG] [cpw.mods.modlauncher.TransformStore/MODLAUNCHER]: Adding transformer optifine.OptiFineTransformer@2f521c4 to Target : PRE_CLASS {Lnet/minecraft/client/Camera$NearPlane;} {} {V}
[20Aug2025 20:19:43.499] [main/DEBUG] [cpw.mods.modlauncher.TransformStore/MODLAUNCHER]: Adding transformer optifine.OptiFineTransformer@2f521c4 to Target : PRE_CLASS {Lnet/minecraft/client/gui/components/CycleButton$Builder;} {} {V}
[20Aug2025 20:19:43.499] [main/DEBUG] [cpw.mods.modlauncher.TransformStore/MODLAUNCHER]: Adding transformer optifine.OptiFineTransformer@2f521c4 to Target : PRE_CLASS {Lnet/minecraft/client/renderer/LevelRenderer$RenderChunkStorage;} {} {V}
[20Aug2025 20:19:43.499] [main/DEBUG] [cpw.mods.modlauncher.TransformStore/MODLAUNCHER]: Adding transformer optifine.OptiFineTransformer@2f521c4 to Target : PRE_CLASS {Lnet/minecraft/client/resources/model/ModelBaker;} {} {V}
[20Aug2025 20:19:43.499] [main/DEBUG] [cpw.mods.modlauncher.TransformStore/MODLAUNCHER]: Adding transformer optifine.OptiFineTransformer@2f521c4 to Target : PRE_CLASS {Lnet/minecraft/client/gui/font/providers/BitmapProvider$Glyph$1;} {} {V}
[20Aug2025 20:19:43.499] [main/DEBUG] [cpw.mods.modlauncher.TransformStore/MODLAUNCHER]: Adding transformer optifine.OptiFineTransformer@2f521c4 to Target : PRE_CLASS {Lnet/minecraft/client/renderer/entity/layers/LlamaDecorLayer;} {} {V}
[20Aug2025 20:19:43.499] [main/DEBUG] [cpw.mods.modlauncher.TransformStore/MODLAUNCHER]: Adding transformer optifine.OptiFineTransformer@2f521c4 to Target : PRE_CLASS {Lnet/minecraft/core/Direction;} {} {V}
[20Aug2025 20:19:43.499] [main/DEBUG] [cpw.mods.modlauncher.TransformStore/MODLAUNCHER]: Adding transformer optifine.OptiFineTransformer@2f521c4 to Target : PRE_CLASS {Lnet/minecraft/client/renderer/RenderType$CompositeState;} {} {V}
[20Aug2025 20:19:43.499] [main/DEBUG] [cpw.mods.modlauncher.TransformStore/MODLAUNCHER]: Adding transformer optifine.OptiFineTransformer@2f521c4 to Target : PRE_CLASS {Lnet/minecraft/client/renderer/blockentity/SignRenderer$SignModel;} {} {V}
[20Aug2025 20:19:43.499] [main/DEBUG] [cpw.mods.modlauncher.TransformStore/MODLAUNCHER]: Adding transformer optifine.OptiFineTransformer@2f521c4 to Target : PRE_CLASS {Lnet/minecraft/client/Options$4;} {} {V}
[20Aug2025 20:19:43.500] [main/DEBUG] [cpw.mods.modlauncher.TransformStore/MODLAUNCHER]: Adding transformer optifine.OptiFineTransformer@2f521c4 to Target : PRE_CLASS {Lnet/minecraft/client/renderer/entity/layers/CapeLayer;} {} {V}
[20Aug2025 20:19:43.500] [main/DEBUG] [cpw.mods.modlauncher.TransformStore/MODLAUNCHER]: Adding transformer optifine.OptiFineTransformer@2f521c4 to Target : PRE_CLASS {Lnet/minecraft/client/renderer/block/model/BakedQuad;} {} {V}
[20Aug2025 20:19:43.500] [main/DEBUG] [cpw.mods.modlauncher.TransformStore/MODLAUNCHER]: Adding transformer optifine.OptiFineTransformer@2f521c4 to Target : PRE_CLASS {Lcom/mojang/blaze3d/shaders/Program;} {} {V}
[20Aug2025 20:19:43.500] [main/DEBUG] [cpw.mods.modlauncher.TransformStore/MODLAUNCHER]: Adding transformer optifine.OptiFineTransformer@2f521c4 to Target : PRE_CLASS {Lnet/minecraft/server/level/ChunkLevel;} {} {V}
[20Aug2025 20:19:43.500] [main/DEBUG] [cpw.mods.modlauncher.TransformStore/MODLAUNCHER]: Adding transformer optifine.OptiFineTransformer@2f521c4 to Target : PRE_CLASS {Lnet/minecraft/client/gui/MapRenderer;} {} {V}
[20Aug2025 20:19:43.500] [main/DEBUG] [cpw.mods.modlauncher.TransformStore/MODLAUNCHER]: Adding transformer optifine.OptiFineTransformer@2f521c4 to Target : PRE_CLASS {Lnet/minecraft/client/gui/screens/TitleScreen;} {} {V}
[20Aug2025 20:19:43.500] [main/DEBUG] [cpw.mods.modlauncher.TransformStore/MODLAUNCHER]: Adding transformer optifine.OptiFineTransformer@2f521c4 to Target : PRE_CLASS {Lnet/minecraft/util/BitStorage;} {} {V}
[20Aug2025 20:19:43.500] [main/DEBUG] [cpw.mods.modlauncher.TransformStore/MODLAUNCHER]: Adding transformer optifine.OptiFineTransformer@2f521c4 to Target : PRE_CLASS {Lnet/minecraft/client/renderer/RenderStateShard$LineStateShard;} {} {V}
[20Aug2025 20:19:43.500] [main/DEBUG] [cpw.mods.modlauncher.TransformStore/MODLAUNCHER]: Adding transformer optifine.OptiFineTransformer@2f521c4 to Target : PRE_CLASS {Lnet/minecraft/client/renderer/FogRenderer$BlindnessFogFunction;} {} {V}
[20Aug2025 20:19:43.500] [main/DEBUG] [cpw.mods.modlauncher.TransformStore/MODLAUNCHER]: Adding transformer optifine.OptiFineTransformer@2f521c4 to Target : PRE_CLASS {Lnet/minecraft/core/Direction$Axis;} {} {V}
[20Aug2025 20:19:43.500] [main/DEBUG] [cpw.mods.modlauncher.TransformStore/MODLAUNCHER]: Adding transformer optifine.OptiFineTransformer@2f521c4 to Target : PRE_CLASS {Lnet/minecraft/client/gui/components/BossHealthOverlay$1;} {} {V}
[20Aug2025 20:19:43.500] [main/DEBUG] [cpw.mods.modlauncher.TransformStore/MODLAUNCHER]: Adding transformer optifine.OptiFineTransformer@2f521c4 to Target : PRE_CLASS {Lnet/minecraft/client/gui/Font;} {} {V}
[20Aug2025 20:19:43.500] [main/DEBUG] [cpw.mods.modlauncher.TransformStore/MODLAUNCHER]: Adding transformer optifine.OptiFineTransformer@2f521c4 to Target : PRE_CLASS {Lnet/minecraft/client/gui/screens/TitleScreen$WarningLabel;} {} {V}
[20Aug2025 20:19:43.501] [main/DEBUG] [cpw.mods.modlauncher.TransformStore/MODLAUNCHER]: Adding transformer optifine.OptiFineTransformer@2f521c4 to Target : PRE_CLASS {Lnet/minecraft/client/renderer/texture/atlas/SpriteResourceLoader;} {} {V}
[20Aug2025 20:19:43.501] [main/DEBUG] [cpw.mods.modlauncher.TransformStore/MODLAUNCHER]: Adding transformer optifine.OptiFineTransformer@2f521c4 to Target : PRE_CLASS {Lnet/minecraft/client/gui/screens/OnlineOptionsScreen;} {} {V}
[20Aug2025 20:19:43.501] [main/DEBUG] [cpw.mods.modlauncher.TransformStore/MODLAUNCHER]: Adding transformer optifine.OptiFineTransformer@2f521c4 to Target : PRE_CLASS {Lnet/minecraft/client/renderer/block/ModelBlockRenderer$Cache$1;} {} {V}
[20Aug2025 20:19:43.501] [main/DEBUG] [cpw.mods.modlauncher.TransformStore/MODLAUNCHER]: Adding transformer optifine.OptiFineTransformer@2f521c4 to Target : PRE_CLASS {Lnet/minecraft/client/renderer/texture/SpriteContents$Ticker;} {} {V}
[20Aug2025 20:19:43.501] [main/DEBUG] [cpw.mods.modlauncher.TransformStore/MODLAUNCHER]: Adding transformer optifine.OptiFineTransformer@2f521c4 to Target : PRE_CLASS {Lnet/minecraft/resources/ResourceLocation$Dummy;} {} {V}
[20Aug2025 20:19:43.501] [main/DEBUG] [cpw.mods.modlauncher.TransformStore/MODLAUNCHER]: Adding transformer optifine.OptiFineTransformer@2f521c4 to Target : PRE_CLASS {Lnet/minecraft/client/renderer/chunk/ChunkRenderDispatcher$RenderChunk$ResortTransparencyTask;} {} {V}
[20Aug2025 20:19:43.501] [main/DEBUG] [cpw.mods.modlauncher.TransformStore/MODLAUNCHER]: Adding transformer optifine.OptiFineTransformer@2f521c4 to Target : PRE_CLASS {Lnet/minecraft/world/level/entity/EntitySectionStorage;} {} {V}
[20Aug2025 20:19:43.501] [main/DEBUG] [cpw.mods.modlauncher.TransformStore/MODLAUNCHER]: Adding transformer optifine.OptiFineTransformer@2f521c4 to Target : PRE_CLASS {Lnet/minecraft/server/level/DistanceManager$PlayerTicketTracker;} {} {V}
[20Aug2025 20:19:43.501] [main/DEBUG] [cpw.mods.modlauncher.TransformStore/MODLAUNCHER]: Adding transformer optifine.OptiFineTransformer@2f521c4 to Target : PRE_CLASS {Lnet/minecraft/client/renderer/chunk/ChunkRenderDispatcher$CompiledChunk$1;} {} {V}
[20Aug2025 20:19:43.501] [main/DEBUG] [cpw.mods.modlauncher.TransformStore/MODLAUNCHER]: Adding transformer optifine.OptiFineTransformer@2f521c4 to Target : PRE_CLASS {Lcom/mojang/blaze3d/platform/GlDebug;} {} {V}
[20Aug2025 20:19:43.501] [main/DEBUG] [cpw.mods.modlauncher.TransformStore/MODLAUNCHER]: Adding transformer optifine.OptiFineTransformer@2f521c4 to Target : PRE_CLASS {Lnet/minecraft/client/renderer/ShaderInstance$1;} {} {V}
[20Aug2025 20:19:43.501] [main/DEBUG] [cpw.mods.modlauncher.TransformStore/MODLAUNCHER]: Adding transformer optifine.OptiFineTransformer@2f521c4 to Target : PRE_CLASS {Lnet/minecraft/client/gui/font/FontSet;} {} {V}
[20Aug2025 20:19:43.501] [main/DEBUG] [cpw.mods.modlauncher.TransformStore/MODLAUNCHER]: Adding transformer optifine.OptiFineTransformer@2f521c4 to Target : PRE_CLASS {Lcom/mojang/blaze3d/platform/NativeImage$InternalGlFormat;} {} {V}
[20Aug2025 20:19:43.502] [main/DEBUG] [cpw.mods.modlauncher.TransformStore/MODLAUNCHER]: Adding transformer optifine.OptiFineTransformer@2f521c4 to Target : PRE_CLASS {Lnet/minecraft/util/CubicSampler$Vec3Fetcher;} {} {V}
[20Aug2025 20:19:43.502] [main/DEBUG] [cpw.mods.modlauncher.TransformStore/MODLAUNCHER]: Adding transformer optifine.OptiFineTransformer@2f521c4 to Target : PRE_CLASS {Lnet/minecraft/client/multiplayer/ClientChunkCache$Storage;} {} {V}
[20Aug2025 20:19:43.502] [main/DEBUG] [cpw.mods.modlauncher.TransformStore/MODLAUNCHER]: Adding transformer optifine.OptiFineTransformer@2f521c4 to Target : PRE_CLASS {Lnet/minecraft/world/level/biome/Biomes;} {} {V}
[20Aug2025 20:19:43.502] [main/DEBUG] [cpw.mods.modlauncher.TransformStore/MODLAUNCHER]: Adding transformer optifine.OptiFineTransformer@2f521c4 to Target : PRE_CLASS {Lnet/minecraft/world/level/chunk/PalettedContainer$Data;} {} {V}
[20Aug2025 20:19:43.502] [main/DEBUG] [cpw.mods.modlauncher.TransformStore/MODLAUNCHER]: Adding transformer optifine.OptiFineTransformer@2f521c4 to Target : PRE_CLASS {Lcom/mojang/blaze3d/vertex/VertexFormatElement$Usage$ClearState;} {} {V}
[20Aug2025 20:19:43.502] [main/DEBUG] [cpw.mods.modlauncher.TransformStore/MODLAUNCHER]: Adding transformer optifine.OptiFineTransformer@2f521c4 to Target : PRE_CLASS {Lnet/minecraft/client/renderer/texture/SpriteContents;} {} {V}
[20Aug2025 20:19:43.502] [main/DEBUG] [cpw.mods.modlauncher.TransformStore/MODLAUNCHER]: Adding transformer optifine.OptiFineTransformer@2f521c4 to Target : PRE_CLASS {Lnet/minecraft/client/renderer/RenderStateShard$TransparencyStateShard;} {} {V}
[20Aug2025 20:19:43.502] [main/DEBUG] [cpw.mods.modlauncher.TransformStore/MODLAUNCHER]: Adding transformer optifine.OptiFineTransformer@2f521c4 to Target : PRE_CLASS {Lnet/minecraft/client/renderer/blockentity/BlockEntityRenderer;} {} {V}
[20Aug2025 20:19:43.502] [main/DEBUG] [cpw.mods.modlauncher.TransformStore/MODLAUNCHER]: Adding transformer optifine.OptiFineTransformer@2f521c4 to Target : PRE_CLASS {Lnet/minecraft/client/renderer/blockentity/BrightnessCombiner;} {} {V}
[20Aug2025 20:19:43.502] [main/DEBUG] [cpw.mods.modlauncher.TransformStore/MODLAUNCHER]: Adding transformer optifine.OptiFineTransformer@2f521c4 to Target : PRE_CLASS {Lnet/minecraft/client/renderer/FogRenderer$FogMode;} {} {V}
[20Aug2025 20:19:43.502] [main/DEBUG] [cpw.mods.modlauncher.TransformStore/MODLAUNCHER]: Adding transformer optifine.OptiFineTransformer@2f521c4 to Target : PRE_CLASS {Lcom/mojang/blaze3d/vertex/VertexFormat$1;} {} {V}
[20Aug2025 20:19:43.502] [main/DEBUG] [cpw.mods.modlauncher.TransformStore/MODLAUNCHER]: Adding transformer optifine.OptiFineTransformer@2f521c4 to Target : PRE_CLASS {Lcom/mojang/blaze3d/vertex/VertexMultiConsumer;} {} {V}
[20Aug2025 20:19:43.502] [main/DEBUG] [cpw.mods.modlauncher.TransformStore/MODLAUNCHER]: Adding transformer optifine.OptiFineTransformer@2f521c4 to Target : PRE_CLASS {Lnet/minecraft/client/OptionInstance$LazyEnum;} {} {V}
[20Aug2025 20:19:43.502] [main/DEBUG] [cpw.mods.modlauncher.TransformStore/MODLAUNCHER]: Adding transformer optifine.OptiFineTransformer@2f521c4 to Target : PRE_CLASS {Lnet/minecraft/client/model/geom/ModelPart$Polygon;} {} {V}
[20Aug2025 20:19:43.502] [main/DEBUG] [cpw.mods.modlauncher.TransformStore/MODLAUNCHER]: Adding transformer optifine.OptiFineTransformer@2f521c4 to Target : PRE_CLASS {Lnet/minecraft/client/renderer/chunk/ChunkRenderDispatcher$RenderChunk;} {} {V}
[20Aug2025 20:19:43.503] [main/DEBUG] [cpw.mods.modlauncher.TransformStore/MODLAUNCHER]: Adding transformer optifine.OptiFineTransformer@2f521c4 to Target : PRE_CLASS {Lnet/minecraft/client/renderer/RenderType;} {} {V}
[20Aug2025 20:19:43.503] [main/DEBUG] [cpw.mods.modlauncher.TransformStore/MODLAUNCHER]: Adding transformer optifine.OptiFineTransformer@2f521c4 to Target : PRE_CLASS {Lnet/minecraft/client/Options$3;} {} {V}
[20Aug2025 20:19:43.503] [main/DEBUG] [cpw.mods.modlauncher.TransformStore/MODLAUNCHER]: Adding transformer optifine.OptiFineTransformer@2f521c4 to Target : PRE_CLASS {Lnet/minecraft/client/renderer/block/BlockRenderDispatcher;} {} {V}
[20Aug2025 20:19:43.503] [main/DEBUG] [cpw.mods.modlauncher.TransformStore/MODLAUNCHER]: Adding transformer optifine.OptiFineTransformer@2f521c4 to Target : PRE_CLASS {Lnet/minecraft/core/Direction$1;} {} {V}
[20Aug2025 20:19:43.503] [main/DEBUG] [cpw.mods.modlauncher.TransformStore/MODLAUNCHER]: Adding transformer optifine.OptiFineTransformer@2f521c4 to Target : PRE_CLASS {Lnet/minecraft/client/renderer/entity/EntityRenderers;} {} {V}
[20Aug2025 20:19:43.503] [main/DEBUG] [cpw.mods.modlauncher.TransformStore/MODLAUNCHER]: Adding transformer optifine.OptiFineTransformer@2f521c4 to Target : PRE_CLASS {Lnet/minecraft/server/level/ChunkMap;} {} {V}
[20Aug2025 20:19:43.503] [main/DEBUG] [cpw.mods.modlauncher.TransformStore/MODLAUNCHER]: Adding transformer optifine.OptiFineTransformer@2f521c4 to Target : PRE_CLASS {Lnet/minecraft/client/renderer/texture/Stitcher$Holder;} {} {V}
[20Aug2025 20:19:43.503] [main/DEBUG] [cpw.mods.modlauncher.TransformStore/MODLAUNCHER]: Adding transformer optifine.OptiFineTransformer@2f521c4 to Target : PRE_CLASS {Lnet/minecraft/client/renderer/RenderStateShard$TextureStateShard;} {} {V}
[20Aug2025 20:19:43.503] [main/DEBUG] [cpw.mods.modlauncher.TransformStore/MODLAUNCHER]: Adding transformer optifine.OptiFineTransformer@2f521c4 to Target : PRE_CLASS {Lnet/minecraft/client/renderer/texture/TextureManager;} {} {V}
[20Aug2025 20:19:43.503] [main/DEBUG] [cpw.mods.modlauncher.TransformStore/MODLAUNCHER]: Adding transformer optifine.OptiFineTransformer@2f521c4 to Target : PRE_CLASS {Lcom/mojang/blaze3d/systems/RenderSystem$AutoStorageIndexBuffer$IndexGenerator;} {} {V}
[20Aug2025 20:19:43.503] [main/DEBUG] [cpw.mods.modlauncher.TransformStore/MODLAUNCHER]: Adding transformer optifine.OptiFineTransformer@2f521c4 to Target : PRE_CLASS {Lnet/minecraft/client/renderer/entity/layers/DrownedOuterLayer;} {} {V}
[20Aug2025 20:19:43.503] [main/DEBUG] [cpw.mods.modlauncher.TransformationServiceDecorator/MODLAUNCHER]: Initialized transformers for transformation service OptiFine
[20Aug2025 20:19:43.503] [main/DEBUG] [cpw.mods.modlauncher.TransformationServiceDecorator/MODLAUNCHER]: Initializing transformers for transformation service fml
[20Aug2025 20:19:43.503] [main/DEBUG] [net.minecraftforge.fml.loading.FMLServiceProvider/CORE]: Loading coremod transformers
[20Aug2025 20:19:43.504] [main/DEBUG] [net.minecraftforge.coremod.CoreModEngine/COREMOD]: Loading CoreMod from coremods/get_ench_level_event.js
[20Aug2025 20:19:43.633] [main/DEBUG] [net.minecraftforge.coremod.CoreModEngine/COREMOD]: CoreMod loaded successfully
[20Aug2025 20:19:43.633] [main/DEBUG] [net.minecraftforge.coremod.CoreModEngine/COREMOD]: Loading CoreMod from coremods/get_ench_level_event_specific.js
[20Aug2025 20:19:43.648] [main/DEBUG] [net.minecraftforge.coremod.CoreModEngine/COREMOD]: CoreMod loaded successfully
[20Aug2025 20:19:43.648] [main/DEBUG] [net.minecraftforge.coremod.CoreModEngine/COREMOD]: Loading CoreMod from META-INF/coremods/ItemStackHurtHook.js
[20Aug2025 20:19:43.660] [main/DEBUG] [net.minecraftforge.coremod.CoreModEngine/COREMOD]: CoreMod loaded successfully
[20Aug2025 20:19:43.660] [main/DEBUG] [net.minecraftforge.coremod.CoreModEngine/COREMOD]: Loading CoreMod from META-INF/coremods/VibrationSystemHook.js
[20Aug2025 20:19:43.672] [main/DEBUG] [net.minecraftforge.coremod.CoreModEngine/COREMOD]: CoreMod loaded successfully
[20Aug2025 20:19:43.673] [main/DEBUG] [net.minecraftforge.coremod.CoreModEngine/COREMOD]: Loading CoreMod from potion-effects-shift.js
[20Aug2025 20:19:43.765] [main/DEBUG] [net.minecraftforge.coremod.CoreModEngine/COREMOD]: CoreMod loaded successfully
[20Aug2025 20:19:43.765] [main/DEBUG] [net.minecraftforge.coremod.CoreModEngine/COREMOD]: Loading CoreMod from coremods/field_to_method.js
[20Aug2025 20:19:43.787] [main/DEBUG] [net.minecraftforge.coremod.CoreModEngine/COREMOD]: CoreMod loaded successfully
[20Aug2025 20:19:43.787] [main/DEBUG] [net.minecraftforge.coremod.CoreModEngine/COREMOD]: Loading CoreMod from coremods/field_to_instanceof.js
[20Aug2025 20:19:43.817] [main/DEBUG] [net.minecraftforge.coremod.CoreModEngine/COREMOD]: CoreMod loaded successfully
[20Aug2025 20:19:43.817] [main/DEBUG] [net.minecraftforge.coremod.CoreModEngine/COREMOD]: Loading CoreMod from coremods/add_bouncer_method.js
[20Aug2025 20:19:43.844] [main/DEBUG] [net.minecraftforge.coremod.CoreModEngine/COREMOD]: CoreMod loaded successfully
[20Aug2025 20:19:43.844] [main/DEBUG] [net.minecraftforge.coremod.CoreModEngine/COREMOD]: Loading CoreMod from coremods/method_redirector.js
[20Aug2025 20:19:43.896] [main/DEBUG] [net.minecraftforge.coremod.CoreModEngine/COREMOD]: CoreMod loaded successfully
[20Aug2025 20:19:43.904] [main/DEBUG] [cpw.mods.modlauncher.TransformStore/MODLAUNCHER]: Adding transformer net.minecraftforge.coremod.transformer.CoreModClassTransformer@4e8b357d to Target : CLASS {Lnet/minecraft/world/level/biome/Biome;} {} {V}
[20Aug2025 20:19:43.904] [main/DEBUG] [cpw.mods.modlauncher.TransformStore/MODLAUNCHER]: Adding transformer net.minecraftforge.coremod.transformer.CoreModClassTransformer@2e1eb85f to Target : CLASS {Lnet/minecraft/world/level/levelgen/structure/Structure;} {} {V}
[20Aug2025 20:19:43.904] [main/DEBUG] [cpw.mods.modlauncher.TransformStore/MODLAUNCHER]: Adding transformer net.minecraftforge.coremod.transformer.CoreModClassTransformer@ea7a4c3 to Target : CLASS {Lnet/minecraft/world/effect/MobEffectInstance;} {} {V}
[20Aug2025 20:19:43.905] [main/DEBUG] [cpw.mods.modlauncher.TransformStore/MODLAUNCHER]: Adding transformer net.minecraftforge.coremod.transformer.CoreModClassTransformer@7d42404e to Target : CLASS {Lnet/minecraft/world/level/block/LiquidBlock;} {} {V}
[20Aug2025 20:19:43.905] [main/DEBUG] [cpw.mods.modlauncher.TransformStore/MODLAUNCHER]: Adding transformer net.minecraftforge.coremod.transformer.CoreModClassTransformer@6af5b246 to Target : CLASS {Lnet/minecraft/world/item/BucketItem;} {} {V}
[20Aug2025 20:19:43.905] [main/DEBUG] [cpw.mods.modlauncher.TransformStore/MODLAUNCHER]: Adding transformer net.minecraftforge.coremod.transformer.CoreModClassTransformer@31723307 to Target : CLASS {Lnet/minecraft/world/level/block/StairBlock;} {} {V}
[20Aug2025 20:19:43.905] [main/DEBUG] [cpw.mods.modlauncher.TransformStore/MODLAUNCHER]: Adding transformer net.minecraftforge.coremod.transformer.CoreModClassTransformer@2401856 to Target : CLASS {Lnet/minecraft/world/level/block/FlowerPotBlock;} {} {V}
[20Aug2025 20:19:43.905] [main/DEBUG] [cpw.mods.modlauncher.TransformStore/MODLAUNCHER]: Adding transformer net.minecraftforge.coremod.transformer.CoreModClassTransformer@6d6f6860 to Target : CLASS {Lnet/minecraft/world/item/ItemStack;} {} {V}
[20Aug2025 20:19:43.906] [main/DEBUG] [cpw.mods.modlauncher.TransformStore/MODLAUNCHER]: Adding transformer net.minecraftforge.coremod.transformer.CoreModClassTransformer@2a4f8009 to Target : CLASS {Lnet/minecraft/network/play/client/CClientSettingsPacket;} {} {V}
[20Aug2025 20:19:43.906] [main/DEBUG] [cpw.mods.modlauncher.TransformStore/MODLAUNCHER]: Adding transformer net.minecraftforge.coremod.transformer.CoreModClassTransformer@a85644c to Target : CLASS {Lnet/minecraft/world/entity/monster/Zombie;} {} {V}
[20Aug2025 20:19:43.906] [main/DEBUG] [cpw.mods.modlauncher.TransformStore/MODLAUNCHER]: Adding transformer net.minecraftforge.coremod.transformer.CoreModClassTransformer@a85644c to Target : CLASS {Lnet/minecraft/world/level/levelgen/structure/structures/OceanMonumentPieces$OceanMonumentPiece;} {} {V}
[20Aug2025 20:19:43.906] [main/DEBUG] [cpw.mods.modlauncher.TransformStore/MODLAUNCHER]: Adding transformer net.minecraftforge.coremod.transformer.CoreModClassTransformer@a85644c to Target : CLASS {Lnet/minecraft/world/level/levelgen/PatrolSpawner;} {} {V}
[20Aug2025 20:19:43.906] [main/DEBUG] [cpw.mods.modlauncher.TransformStore/MODLAUNCHER]: Adding transformer net.minecraftforge.coremod.transformer.CoreModClassTransformer@a85644c to Target : CLASS {Lnet/minecraft/world/entity/ai/village/VillageSiege;} {} {V}
[20Aug2025 20:19:43.907] [main/DEBUG] [cpw.mods.modlauncher.TransformStore/MODLAUNCHER]: Adding transformer net.minecraftforge.coremod.transformer.CoreModClassTransformer@a85644c to Target : CLASS {Lnet/minecraft/world/entity/monster/ZombieVillager;} {} {V}
[20Aug2025 20:19:43.907] [main/DEBUG] [cpw.mods.modlauncher.TransformStore/MODLAUNCHER]: Adding transformer net.minecraftforge.coremod.transformer.CoreModClassTransformer@a85644c to Target : CLASS {Lnet/minecraft/world/entity/npc/CatSpawner;} {} {V}
[20Aug2025 20:19:43.907] [main/DEBUG] [cpw.mods.modlauncher.TransformStore/MODLAUNCHER]: Adding transformer net.minecraftforge.coremod.transformer.CoreModClassTransformer@a85644c to Target : CLASS {Lnet/minecraft/world/level/levelgen/structure/structures/SwampHutPiece;} {} {V}
[20Aug2025 20:19:43.907] [main/DEBUG] [cpw.mods.modlauncher.TransformStore/MODLAUNCHER]: Adding transformer net.minecraftforge.coremod.transformer.CoreModClassTransformer@a85644c to Target : CLASS {Lnet/minecraft/world/entity/animal/frog/Tadpole;} {} {V}
[20Aug2025 20:19:43.907] [main/DEBUG] [cpw.mods.modlauncher.TransformStore/MODLAUNCHER]: Adding transformer net.minecraftforge.coremod.transformer.CoreModClassTransformer@a85644c to Target : CLASS {Lnet/minecraft/world/entity/animal/horse/SkeletonTrapGoal;} {} {V}
[20Aug2025 20:19:43.907] [main/DEBUG] [cpw.mods.modlauncher.TransformStore/MODLAUNCHER]: Adding transformer net.minecraftforge.coremod.transformer.CoreModClassTransformer@a85644c to Target : CLASS {Lnet/minecraft/world/level/levelgen/PhantomSpawner;} {} {V}
[20Aug2025 20:19:43.907] [main/DEBUG] [cpw.mods.modlauncher.TransformStore/MODLAUNCHER]: Adding transformer net.minecraftforge.coremod.transformer.CoreModClassTransformer@a85644c to Target : CLASS {Lnet/minecraft/world/entity/monster/Evoker$EvokerSummonSpellGoal;} {} {V}
[20Aug2025 20:19:43.907] [main/DEBUG] [cpw.mods.modlauncher.TransformStore/MODLAUNCHER]: Adding transformer net.minecraftforge.coremod.transformer.CoreModClassTransformer@a85644c to Target : CLASS {Lnet/minecraft/world/level/levelgen/structure/structures/WoodlandMansionPieces$WoodlandMansionPiece;} {} {V}
[20Aug2025 20:19:43.907] [main/DEBUG] [cpw.mods.modlauncher.TransformStore/MODLAUNCHER]: Adding transformer net.minecraftforge.coremod.transformer.CoreModClassTransformer@a85644c to Target : CLASS {Lnet/minecraft/world/level/levelgen/structure/templatesystem/StructureTemplate;} {} {V}
[20Aug2025 20:19:43.907] [main/DEBUG] [cpw.mods.modlauncher.TransformStore/MODLAUNCHER]: Adding transformer net.minecraftforge.coremod.transformer.CoreModClassTransformer@a85644c to Target : CLASS {Lnet/minecraft/world/entity/npc/Villager;} {} {V}
[20Aug2025 20:19:43.908] [main/DEBUG] [cpw.mods.modlauncher.TransformStore/MODLAUNCHER]: Adding transformer net.minecraftforge.coremod.transformer.CoreModClassTransformer@a85644c to Target : CLASS {Lnet/minecraft/server/commands/SummonCommand;} {} {V}
[20Aug2025 20:19:43.908] [main/DEBUG] [cpw.mods.modlauncher.TransformStore/MODLAUNCHER]: Adding transformer net.minecraftforge.coremod.transformer.CoreModClassTransformer@a85644c to Target : CLASS {Lnet/minecraft/world/entity/monster/Strider;} {} {V}
[20Aug2025 20:19:43.908] [main/DEBUG] [cpw.mods.modlauncher.TransformStore/MODLAUNCHER]: Adding transformer net.minecraftforge.coremod.transformer.CoreModClassTransformer@a85644c to Target : CLASS {Lnet/minecraft/world/level/levelgen/structure/structures/OceanRuinPieces$OceanRuinPiece;} {} {V}
[20Aug2025 20:19:43.908] [main/DEBUG] [cpw.mods.modlauncher.TransformStore/MODLAUNCHER]: Adding transformer net.minecraftforge.coremod.transformer.CoreModClassTransformer@a85644c to Target : CLASS {Lnet/minecraft/world/level/NaturalSpawner;} {} {V}
[20Aug2025 20:19:43.908] [main/DEBUG] [cpw.mods.modlauncher.TransformStore/MODLAUNCHER]: Adding transformer net.minecraftforge.coremod.transformer.CoreModClassTransformer@a85644c to Target : CLASS {Lnet/minecraft/server/commands/RaidCommand;} {} {V}
[20Aug2025 20:19:43.908] [main/DEBUG] [cpw.mods.modlauncher.TransformStore/MODLAUNCHER]: Adding transformer net.minecraftforge.coremod.transformer.CoreModClassTransformer@a85644c to Target : CLASS {Lnet/minecraft/world/entity/monster/Spider;} {} {V}
[20Aug2025 20:19:43.909] [main/DEBUG] [cpw.mods.modlauncher.TransformStore/MODLAUNCHER]: Adding transformer net.minecraftforge.coremod.transformer.CoreModClassTransformer@a85644c to Target : CLASS {Lnet/minecraft/world/entity/EntityType;} {} {V}
[20Aug2025 20:19:43.909] [main/DEBUG] [cpw.mods.modlauncher.TransformStore/MODLAUNCHER]: Adding transformer net.minecraftforge.coremod.transformer.CoreModClassTransformer@a85644c to Target : CLASS {Lnet/minecraft/world/entity/raid/Raid;} {} {V}
[20Aug2025 20:19:43.909] [main/DEBUG] [cpw.mods.modlauncher.TransformStore/MODLAUNCHER]: Adding transformer net.minecraftforge.coremod.transformer.CoreModMethodTransformer@1e3f0aea to Target : METHOD {Lnet/minecraftforge/common/extensions/IForgeItemStack;} {getAllEnchantments} {()Ljava/util/Map;}
[20Aug2025 20:19:43.909] [main/DEBUG] [cpw.mods.modlauncher.TransformStore/MODLAUNCHER]: Adding transformer net.minecraftforge.coremod.transformer.CoreModMethodTransformer@48268eec to Target : METHOD {Lnet/minecraftforge/common/extensions/IForgeItemStack;} {getEnchantmentLevel} {(Lnet/minecraft/world/item/enchantment/Enchantment;)I}
[20Aug2025 20:19:43.909] [main/DEBUG] [cpw.mods.modlauncher.TransformStore/MODLAUNCHER]: Adding transformer net.minecraftforge.coremod.transformer.CoreModMethodTransformer@69a024a0 to Target : METHOD {Lnet/minecraft/world/item/ItemStack;} {m_41622_} {(ILnet/minecraft/world/entity/LivingEntity;Ljava/util/function/Consumer;)V}
[20Aug2025 20:19:43.910] [main/DEBUG] [cpw.mods.modlauncher.TransformStore/MODLAUNCHER]: Adding transformer net.minecraftforge.coremod.transformer.CoreModMethodTransformer@4bf80c29 to Target : METHOD {Lnet/minecraft/world/level/gameevent/vibrations/VibrationSystem$Ticker;} {m_280174_} {(Lnet/minecraft/server/level/ServerLevel;Lnet/minecraft/world/level/gameevent/vibrations/VibrationSystem$Data;Lnet/minecraft/world/level/gameevent/vibrations/VibrationSystem$User;Lnet/minecraft/world/level/gameevent/vibrations/VibrationInfo;)Z}
[20Aug2025 20:19:43.910] [main/DEBUG] [cpw.mods.modlauncher.TransformStore/MODLAUNCHER]: Adding transformer net.minecraftforge.coremod.transformer.CoreModMethodTransformer@2d7637e6 to Target : METHOD {Lnet/minecraft/client/gui/Gui;} {m_93028_} {(Lcom/mojang/blaze3d/vertex/PoseStack;)V}
[20Aug2025 20:19:43.910] [main/DEBUG] [cpw.mods.modlauncher.TransformationServiceDecorator/MODLAUNCHER]: Initialized transformers for transformation service fml
[20Aug2025 20:19:43.978] [main/INFO] [optifine.OptiFineTransformationService/]: additionalClassesLocator: [optifine., net.optifine.]
[20Aug2025 20:19:45.339] [main/DEBUG] [mixin/]: Processing prepare() for PlatformAgent[MixinPlatformAgentDefault:ModLauncher Root Container(ModLauncher:4f56a0a2)]
[20Aug2025 20:19:45.339] [main/DEBUG] [mixin/]: Processing launch tasks for PlatformAgent[MixinPlatformAgentDefault:ModLauncher Root Container(ModLauncher:4f56a0a2)]
[20Aug2025 20:19:45.339] [main/DEBUG] [mixin/]: Adding mixin platform agents for container SecureJarResource(net.optifine)
[20Aug2025 20:19:45.339] [main/DEBUG] [mixin/]: Instancing new MixinPlatformAgentMinecraftForge for SecureJarResource(net.optifine)
[20Aug2025 20:19:45.340] [main/DEBUG] [mixin/]: MixinPlatformAgentMinecraftForge rejected container SecureJarResource(net.optifine)
[20Aug2025 20:19:45.340] [main/DEBUG] [mixin/]: Instancing new MixinPlatformAgentDefault for SecureJarResource(net.optifine)
[20Aug2025 20:19:45.340] [main/DEBUG] [mixin/]: MixinPlatformAgentDefault accepted container SecureJarResource(net.optifine)
[20Aug2025 20:19:45.340] [main/DEBUG] [mixin/]: Processing prepare() for PlatformAgent[MixinPlatformAgentDefault:SecureJarResource(net.optifine)]
[20Aug2025 20:19:45.340] [main/DEBUG] [mixin/]: Adding mixin platform agents for container SecureJarResource(kuma_api)
[20Aug2025 20:19:45.340] [main/DEBUG] [mixin/]: Instancing new MixinPlatformAgentMinecraftForge for SecureJarResource(kuma_api)
[20Aug2025 20:19:45.340] [main/DEBUG] [mixin/]: MixinPlatformAgentMinecraftForge rejected container SecureJarResource(kuma_api)
[20Aug2025 20:19:45.340] [main/DEBUG] [mixin/]: Instancing new MixinPlatformAgentDefault for SecureJarResource(kuma_api)
[20Aug2025 20:19:45.340] [main/DEBUG] [mixin/]: MixinPlatformAgentDefault accepted container SecureJarResource(kuma_api)
[20Aug2025 20:19:45.340] [main/DEBUG] [mixin/]: Processing prepare() for PlatformAgent[MixinPlatformAgentDefault:SecureJarResource(kuma_api)]
[20Aug2025 20:19:45.340] [main/DEBUG] [mixin/]: Registering mixin config: kuma_api.mixins.json
[20Aug2025 20:19:45.360] [main/DEBUG] [mixin/]: Compatibility level JAVA_17 specified by kuma_api.mixins.json is higher than the maximum level supported by this version of mixin (JAVA_13).
[20Aug2025 20:19:45.363] [main/INFO] [mixin/]: Compatibility level set to JAVA_17
[20Aug2025 20:19:45.363] [main/DEBUG] [mixin/]: Registering mixin config: kuma_api.forge.mixins.json
[20Aug2025 20:19:45.366] [main/DEBUG] [mixin/]: Adding mixin platform agents for container SecureJarResource(botarium)
[20Aug2025 20:19:45.366] [main/DEBUG] [mixin/]: Instancing new MixinPlatformAgentMinecraftForge for SecureJarResource(botarium)
[20Aug2025 20:19:45.366] [main/DEBUG] [mixin/]: MixinPlatformAgentMinecraftForge rejected container SecureJarResource(botarium)
[20Aug2025 20:19:45.366] [main/DEBUG] [mixin/]: Instancing new MixinPlatformAgentDefault for SecureJarResource(botarium)
[20Aug2025 20:19:45.367] [main/DEBUG] [mixin/]: MixinPlatformAgentDefault accepted container SecureJarResource(botarium)
[20Aug2025 20:19:45.367] [main/DEBUG] [mixin/]: Processing prepare() for PlatformAgent[MixinPlatformAgentDefault:SecureJarResource(botarium)]
[20Aug2025 20:19:45.367] [main/DEBUG] [mixin/]: Adding mixin platform agents for container SecureJarResource(subtle_effects)
[20Aug2025 20:19:45.367] [main/DEBUG] [mixin/]: Instancing new MixinPlatformAgentMinecraftForge for SecureJarResource(subtle_effects)
[20Aug2025 20:19:45.367] [main/DEBUG] [mixin/]: MixinPlatformAgentMinecraftForge rejected container SecureJarResource(subtle_effects)
[20Aug2025 20:19:45.367] [main/DEBUG] [mixin/]: Instancing new MixinPlatformAgentDefault for SecureJarResource(subtle_effects)
[20Aug2025 20:19:45.367] [main/DEBUG] [mixin/]: MixinPlatformAgentDefault accepted container SecureJarResource(subtle_effects)
[20Aug2025 20:19:45.367] [main/DEBUG] [mixin/]: Processing prepare() for PlatformAgent[MixinPlatformAgentDefault:SecureJarResource(subtle_effects)]
[20Aug2025 20:19:45.367] [main/DEBUG] [mixin/]: Registering mixin config: subtle_effects.mixins.json
[20Aug2025 20:19:45.370] [main/DEBUG] [mixin/]: Registering mixin config: subtle_effects.forge.mixins.json
[20Aug2025 20:19:45.374] [main/DEBUG] [mixin/]: Adding mixin platform agents for container SecureJarResource(hammerlib)
[20Aug2025 20:19:45.374] [main/DEBUG] [mixin/]: Instancing new MixinPlatformAgentMinecraftForge for SecureJarResource(hammerlib)
[20Aug2025 20:19:45.374] [main/DEBUG] [mixin/]: MixinPlatformAgentMinecraftForge rejected container SecureJarResource(hammerlib)
[20Aug2025 20:19:45.374] [main/DEBUG] [mixin/]: Instancing new MixinPlatformAgentDefault for SecureJarResource(hammerlib)
[20Aug2025 20:19:45.374] [main/DEBUG] [mixin/]: MixinPlatformAgentDefault accepted container SecureJarResource(hammerlib)
[20Aug2025 20:19:45.374] [main/DEBUG] [mixin/]: Processing prepare() for PlatformAgent[MixinPlatformAgentDefault:SecureJarResource(hammerlib)]
[20Aug2025 20:19:45.374] [main/DEBUG] [mixin/]: Registering mixin config: mixins.hammerlib.json
[20Aug2025 20:19:45.377] [main/DEBUG] [mixin/]: Adding mixin platform agents for container SecureJarResource(tipsmod)
[20Aug2025 20:19:45.377] [main/DEBUG] [mixin/]: Instancing new MixinPlatformAgentMinecraftForge for SecureJarResource(tipsmod)
[20Aug2025 20:19:45.377] [main/DEBUG] [mixin/]: MixinPlatformAgentMinecraftForge rejected container SecureJarResource(tipsmod)
[20Aug2025 20:19:45.377] [main/DEBUG] [mixin/]: Instancing new MixinPlatformAgentDefault for SecureJarResource(tipsmod)
[20Aug2025 20:19:45.377] [main/DEBUG] [mixin/]: MixinPlatformAgentDefault accepted container SecureJarResource(tipsmod)
[20Aug2025 20:19:45.377] [main/DEBUG] [mixin/]: Processing prepare() for PlatformAgent[MixinPlatformAgentDefault:SecureJarResource(tipsmod)]
[20Aug2025 20:19:45.377] [main/DEBUG] [mixin/]: Adding mixin platform agents for container SecureJarResource(sophisticatedcore)
[20Aug2025 20:19:45.377] [main/DEBUG] [mixin/]: Instancing new MixinPlatformAgentMinecraftForge for SecureJarResource(sophisticatedcore)
[20Aug2025 20:19:45.377] [main/DEBUG] [mixin/]: MixinPlatformAgentMinecraftForge rejected container SecureJarResource(sophisticatedcore)
[20Aug2025 20:19:45.377] [main/DEBUG] [mixin/]: Instancing new MixinPlatformAgentDefault for SecureJarResource(sophisticatedcore)
[20Aug2025 20:19:45.377] [main/DEBUG] [mixin/]: MixinPlatformAgentDefault accepted container SecureJarResource(sophisticatedcore)
[20Aug2025 20:19:45.377] [main/DEBUG] [mixin/]: Processing prepare() for PlatformAgent[MixinPlatformAgentDefault:SecureJarResource(sophisticatedcore)]
[20Aug2025 20:19:45.377] [main/DEBUG] [mixin/]: Adding mixin platform agents for container SecureJarResource(prism)
[20Aug2025 20:19:45.377] [main/DEBUG] [mixin/]: Instancing new MixinPlatformAgentMinecraftForge for SecureJarResource(prism)
[20Aug2025 20:19:45.378] [main/DEBUG] [mixin/]: MixinPlatformAgentMinecraftForge rejected container SecureJarResource(prism)
[20Aug2025 20:19:45.378] [main/DEBUG] [mixin/]: Instancing new MixinPlatformAgentDefault for SecureJarResource(prism)
[20Aug2025 20:19:45.378] [main/DEBUG] [mixin/]: MixinPlatformAgentDefault accepted container SecureJarResource(prism)
[20Aug2025 20:19:45.378] [main/DEBUG] [mixin/]: Processing prepare() for PlatformAgent[MixinPlatformAgentDefault:SecureJarResource(prism)]
[20Aug2025 20:19:45.378] [main/DEBUG] [mixin/]: Registering mixin config: prism.mixins.json
[20Aug2025 20:19:45.380] [main/DEBUG] [mixin/]: Adding mixin platform agents for container SecureJarResource(placebo)
[20Aug2025 20:19:45.380] [main/DEBUG] [mixin/]: Instancing new MixinPlatformAgentMinecraftForge for SecureJarResource(placebo)
[20Aug2025 20:19:45.381] [main/DEBUG] [mixin/]: MixinPlatformAgentMinecraftForge rejected container SecureJarResource(placebo)
[20Aug2025 20:19:45.381] [main/DEBUG] [mixin/]: Instancing new MixinPlatformAgentDefault for SecureJarResource(placebo)
[20Aug2025 20:19:45.381] [main/DEBUG] [mixin/]: MixinPlatformAgentDefault accepted container SecureJarResource(placebo)
[20Aug2025 20:19:45.381] [main/DEBUG] [mixin/]: Processing prepare() for PlatformAgent[MixinPlatformAgentDefault:SecureJarResource(placebo)]
[20Aug2025 20:19:45.381] [main/DEBUG] [mixin/]: Registering mixin config: placebo.mixins.json
[20Aug2025 20:19:45.383] [main/DEBUG] [mixin/]: Adding mixin platform agents for container SecureJarResource(citadel)
[20Aug2025 20:19:45.383] [main/DEBUG] [mixin/]: Instancing new MixinPlatformAgentMinecraftForge for SecureJarResource(citadel)
[20Aug2025 20:19:45.383] [main/DEBUG] [mixin/]: MixinPlatformAgentMinecraftForge rejected container SecureJarResource(citadel)
[20Aug2025 20:19:45.383] [main/DEBUG] [mixin/]: Instancing new MixinPlatformAgentDefault for SecureJarResource(citadel)
[20Aug2025 20:19:45.383] [main/DEBUG] [mixin/]: MixinPlatformAgentDefault accepted container SecureJarResource(citadel)
[20Aug2025 20:19:45.383] [main/DEBUG] [mixin/]: Processing prepare() for PlatformAgent[MixinPlatformAgentDefault:SecureJarResource(citadel)]
[20Aug2025 20:19:45.383] [main/DEBUG] [mixin/]: Registering mixin config: citadel.mixins.json
[20Aug2025 20:19:45.385] [main/DEBUG] [mixin/]: Adding mixin platform agents for container SecureJarResource(alexsmobs)
[20Aug2025 20:19:45.385] [main/DEBUG] [mixin/]: Instancing new MixinPlatformAgentMinecraftForge for SecureJarResource(alexsmobs)
[20Aug2025 20:19:45.385] [main/DEBUG] [mixin/]: MixinPlatformAgentMinecraftForge rejected container SecureJarResource(alexsmobs)
[20Aug2025 20:19:45.385] [main/DEBUG] [mixin/]: Instancing new MixinPlatformAgentDefault for SecureJarResource(alexsmobs)
[20Aug2025 20:19:45.385] [main/DEBUG] [mixin/]: MixinPlatformAgentDefault accepted container SecureJarResource(alexsmobs)
[20Aug2025 20:19:45.385] [main/DEBUG] [mixin/]: Processing prepare() for PlatformAgent[MixinPlatformAgentDefault:SecureJarResource(alexsmobs)]
[20Aug2025 20:19:45.385] [main/DEBUG] [mixin/]: Registering mixin config: citadel.mixins.json
[20Aug2025 20:19:45.385] [main/DEBUG] [mixin/]: Adding mixin platform agents for container SecureJarResource(yungsapi)
[20Aug2025 20:19:45.386] [main/DEBUG] [mixin/]: Instancing new MixinPlatformAgentMinecraftForge for SecureJarResource(yungsapi)
[20Aug2025 20:19:45.386] [main/DEBUG] [mixin/]: MixinPlatformAgentMinecraftForge rejected container SecureJarResource(yungsapi)
[20Aug2025 20:19:45.386] [main/DEBUG] [mixin/]: Instancing new MixinPlatformAgentDefault for SecureJarResource(yungsapi)
[20Aug2025 20:19:45.386] [main/DEBUG] [mixin/]: MixinPlatformAgentDefault accepted container SecureJarResource(yungsapi)
[20Aug2025 20:19:45.386] [main/DEBUG] [mixin/]: Processing prepare() for PlatformAgent[MixinPlatformAgentDefault:SecureJarResource(yungsapi)]
[20Aug2025 20:19:45.386] [main/DEBUG] [mixin/]: Registering mixin config: yungsapi.mixins.json
[20Aug2025 20:19:45.388] [main/DEBUG] [mixin/]: Registering mixin config: yungsapi_forge.mixins.json
[20Aug2025 20:19:45.390] [main/DEBUG] [mixin/]: Adding mixin platform agents for container SecureJarResource(mixinextras)
[20Aug2025 20:19:45.390] [main/DEBUG] [mixin/]: Instancing new MixinPlatformAgentMinecraftForge for SecureJarResource(mixinextras)
[20Aug2025 20:19:45.390] [main/DEBUG] [mixin/]: MixinPlatformAgentMinecraftForge rejected container SecureJarResource(mixinextras)
[20Aug2025 20:19:45.390] [main/DEBUG] [mixin/]: Instancing new MixinPlatformAgentDefault for SecureJarResource(mixinextras)
[20Aug2025 20:19:45.390] [main/DEBUG] [mixin/]: MixinPlatformAgentDefault accepted container SecureJarResource(mixinextras)
[20Aug2025 20:19:45.390] [main/DEBUG] [mixin/]: Processing prepare() for PlatformAgent[MixinPlatformAgentDefault:SecureJarResource(mixinextras)]
[20Aug2025 20:19:45.390] [main/DEBUG] [mixin/]: Registering mixin config: mixinextras.init.mixins.json
[20Aug2025 20:19:45.393] [main/DEBUG] [mixin/]: Adding mixin platform agents for container SecureJarResource(bookshelf)
[20Aug2025 20:19:45.393] [main/DEBUG] [mixin/]: Instancing new MixinPlatformAgentMinecraftForge for SecureJarResource(bookshelf)
[20Aug2025 20:19:45.393] [main/DEBUG] [mixin/]: MixinPlatformAgentMinecraftForge rejected container SecureJarResource(bookshelf)
[20Aug2025 20:19:45.393] [main/DEBUG] [mixin/]: Instancing new MixinPlatformAgentDefault for SecureJarResource(bookshelf)
[20Aug2025 20:19:45.393] [main/DEBUG] [mixin/]: MixinPlatformAgentDefault accepted container SecureJarResource(bookshelf)
[20Aug2025 20:19:45.393] [main/DEBUG] [mixin/]: Processing prepare() for PlatformAgent[MixinPlatformAgentDefault:SecureJarResource(bookshelf)]
[20Aug2025 20:19:45.393] [main/DEBUG] [mixin/]: Registering mixin config: bookshelf.common.mixins.json
[20Aug2025 20:19:45.395] [main/DEBUG] [mixin/]: Registering mixin config: bookshelf.forge.mixins.json
[20Aug2025 20:19:45.398] [main/DEBUG] [mixin/]: Adding mixin platform agents for container SecureJarResource(sophisticatedbackpacks)
[20Aug2025 20:19:45.398] [main/DEBUG] [mixin/]: Instancing new MixinPlatformAgentMinecraftForge for SecureJarResource(sophisticatedbackpacks)
[20Aug2025 20:19:45.398] [main/DEBUG] [mixin/]: MixinPlatformAgentMinecraftForge rejected container SecureJarResource(sophisticatedbackpacks)
[20Aug2025 20:19:45.398] [main/DEBUG] [mixin/]: Instancing new MixinPlatformAgentDefault for SecureJarResource(sophisticatedbackpacks)
[20Aug2025 20:19:45.398] [main/DEBUG] [mixin/]: MixinPlatformAgentDefault accepted container SecureJarResource(sophisticatedbackpacks)
[20Aug2025 20:19:45.399] [main/DEBUG] [mixin/]: Processing prepare() for PlatformAgent[MixinPlatformAgentDefault:SecureJarResource(sophisticatedbackpacks)]
[20Aug2025 20:19:45.399] [main/DEBUG] [mixin/]: Adding mixin platform agents for container SecureJarResource(mcwdoors)
[20Aug2025 20:19:45.399] [main/DEBUG] [mixin/]: Instancing new MixinPlatformAgentMinecraftForge for SecureJarResource(mcwdoors)
[20Aug2025 20:19:45.399] [main/DEBUG] [mixin/]: MixinPlatformAgentMinecraftForge rejected container SecureJarResource(mcwdoors)
[20Aug2025 20:19:45.399] [main/DEBUG] [mixin/]: Instancing new MixinPlatformAgentDefault for SecureJarResource(mcwdoors)
[20Aug2025 20:19:45.399] [main/DEBUG] [mixin/]: MixinPlatformAgentDefault accepted container SecureJarResource(mcwdoors)
[20Aug2025 20:19:45.399] [main/DEBUG] [mixin/]: Processing prepare() for PlatformAgent[MixinPlatformAgentDefault:SecureJarResource(mcwdoors)]
[20Aug2025 20:19:45.399] [main/DEBUG] [mixin/]: Adding mixin platform agents for container SecureJarResource(pickupnotifier)
[20Aug2025 20:19:45.399] [main/DEBUG] [mixin/]: Instancing new MixinPlatformAgentMinecraftForge for SecureJarResource(pickupnotifier)
[20Aug2025 20:19:45.399] [main/DEBUG] [mixin/]: MixinPlatformAgentMinecraftForge rejected container SecureJarResource(pickupnotifier)
[20Aug2025 20:19:45.399] [main/DEBUG] [mixin/]: Instancing new MixinPlatformAgentDefault for SecureJarResource(pickupnotifier)
[20Aug2025 20:19:45.399] [main/DEBUG] [mixin/]: MixinPlatformAgentDefault accepted container SecureJarResource(pickupnotifier)
[20Aug2025 20:19:45.399] [main/DEBUG] [mixin/]: Processing prepare() for PlatformAgent[MixinPlatformAgentDefault:SecureJarResource(pickupnotifier)]
[20Aug2025 20:19:45.399] [main/DEBUG] [mixin/]: Registering mixin config: pickupnotifier.common.mixins.json
[20Aug2025 20:19:45.401] [main/DEBUG] [mixin/]: Adding mixin platform agents for container SecureJarResource(minetraps)
[20Aug2025 20:19:45.402] [main/DEBUG] [mixin/]: Instancing new MixinPlatformAgentMinecraftForge for SecureJarResource(minetraps)
[20Aug2025 20:19:45.402] [main/DEBUG] [mixin/]: MixinPlatformAgentMinecraftForge rejected container SecureJarResource(minetraps)
[20Aug2025 20:19:45.402] [main/DEBUG] [mixin/]: Instancing new MixinPlatformAgentDefault for SecureJarResource(minetraps)
[20Aug2025 20:19:45.402] [main/DEBUG] [mixin/]: MixinPlatformAgentDefault accepted container SecureJarResource(minetraps)
[20Aug2025 20:19:45.402] [main/DEBUG] [mixin/]: Processing prepare() for PlatformAgent[MixinPlatformAgentDefault:SecureJarResource(minetraps)]
[20Aug2025 20:19:45.402] [main/DEBUG] [mixin/]: Adding mixin platform agents for container SecureJarResource(balm)
[20Aug2025 20:19:45.402] [main/DEBUG] [mixin/]: Instancing new MixinPlatformAgentMinecraftForge for SecureJarResource(balm)
[20Aug2025 20:19:45.402] [main/DEBUG] [mixin/]: MixinPlatformAgentMinecraftForge rejected container SecureJarResource(balm)
[20Aug2025 20:19:45.402] [main/DEBUG] [mixin/]: Instancing new MixinPlatformAgentDefault for SecureJarResource(balm)
[20Aug2025 20:19:45.402] [main/DEBUG] [mixin/]: MixinPlatformAgentDefault accepted container SecureJarResource(balm)
[20Aug2025 20:19:45.402] [main/DEBUG] [mixin/]: Processing prepare() for PlatformAgent[MixinPlatformAgentDefault:SecureJarResource(balm)]
[20Aug2025 20:19:45.402] [main/DEBUG] [mixin/]: Registering mixin config: balm.mixins.json
[20Aug2025 20:19:45.404] [main/DEBUG] [mixin/]: Adding mixin platform agents for container SecureJarResource(carryon)
[20Aug2025 20:19:45.404] [main/DEBUG] [mixin/]: Instancing new MixinPlatformAgentMinecraftForge for SecureJarResource(carryon)
[20Aug2025 20:19:45.404] [main/DEBUG] [mixin/]: MixinPlatformAgentMinecraftForge rejected container SecureJarResource(carryon)
[20Aug2025 20:19:45.404] [main/DEBUG] [mixin/]: Instancing new MixinPlatformAgentDefault for SecureJarResource(carryon)
[20Aug2025 20:19:45.404] [main/DEBUG] [mixin/]: MixinPlatformAgentDefault accepted container SecureJarResource(carryon)
[20Aug2025 20:19:45.404] [main/DEBUG] [mixin/]: Processing prepare() for PlatformAgent[MixinPlatformAgentDefault:SecureJarResource(carryon)]
[20Aug2025 20:19:45.404] [main/DEBUG] [mixin/]: Registering mixin config: carryon.mixins.json
[20Aug2025 20:19:45.407] [main/DEBUG] [mixin/]: Registering mixin config: carryon.forge.mixins.json
[20Aug2025 20:19:45.409] [main/DEBUG] [mixin/]: Adding mixin platform agents for container SecureJarResource(chat_heads)
[20Aug2025 20:19:45.410] [main/DEBUG] [mixin/]: Instancing new MixinPlatformAgentMinecraftForge for SecureJarResource(chat_heads)
[20Aug2025 20:19:45.410] [main/DEBUG] [mixin/]: MixinPlatformAgentMinecraftForge rejected container SecureJarResource(chat_heads)
[20Aug2025 20:19:45.410] [main/DEBUG] [mixin/]: Instancing new MixinPlatformAgentDefault for SecureJarResource(chat_heads)
[20Aug2025 20:19:45.410] [main/DEBUG] [mixin/]: MixinPlatformAgentDefault accepted container SecureJarResource(chat_heads)
[20Aug2025 20:19:45.410] [main/DEBUG] [mixin/]: Processing prepare() for PlatformAgent[MixinPlatformAgentDefault:SecureJarResource(chat_heads)]
[20Aug2025 20:19:45.410] [main/DEBUG] [mixin/]: Registering mixin config: chat_heads.mixins.json
[20Aug2025 20:19:45.412] [main/DEBUG] [mixin/]: Registering mixin config: chat_heads.forge.mixins.json
[20Aug2025 20:19:45.414] [main/DEBUG] [mixin/]: Adding mixin platform agents for container SecureJarResource(shieldexp)
[20Aug2025 20:19:45.414] [main/DEBUG] [mixin/]: Instancing new MixinPlatformAgentMinecraftForge for SecureJarResource(shieldexp)
[20Aug2025 20:19:45.414] [main/DEBUG] [mixin/]: MixinPlatformAgentMinecraftForge rejected container SecureJarResource(shieldexp)
[20Aug2025 20:19:45.414] [main/DEBUG] [mixin/]: Instancing new MixinPlatformAgentDefault for SecureJarResource(shieldexp)
[20Aug2025 20:19:45.414] [main/DEBUG] [mixin/]: MixinPlatformAgentDefault accepted container SecureJarResource(shieldexp)
[20Aug2025 20:19:45.414] [main/DEBUG] [mixin/]: Processing prepare() for PlatformAgent[MixinPlatformAgentDefault:SecureJarResource(shieldexp)]
[20Aug2025 20:19:45.414] [main/DEBUG] [mixin/]: Registering mixin config: shieldexp.mixins.json
[20Aug2025 20:19:45.416] [main/DEBUG] [mixin/]: Adding mixin platform agents for container SecureJarResource(betterfortresses)
[20Aug2025 20:19:45.416] [main/DEBUG] [mixin/]: Instancing new MixinPlatformAgentMinecraftForge for SecureJarResource(betterfortresses)
[20Aug2025 20:19:45.417] [main/DEBUG] [mixin/]: MixinPlatformAgentMinecraftForge rejected container SecureJarResource(betterfortresses)
[20Aug2025 20:19:45.417] [main/DEBUG] [mixin/]: Instancing new MixinPlatformAgentDefault for SecureJarResource(betterfortresses)
[20Aug2025 20:19:45.417] [main/DEBUG] [mixin/]: MixinPlatformAgentDefault accepted container SecureJarResource(betterfortresses)
[20Aug2025 20:19:45.417] [main/DEBUG] [mixin/]: Processing prepare() for PlatformAgent[MixinPlatformAgentDefault:SecureJarResource(betterfortresses)]
[20Aug2025 20:19:45.417] [main/DEBUG] [mixin/]: Registering mixin config: betterfortresses.mixins.json
[20Aug2025 20:19:45.419] [main/DEBUG] [mixin/]: Registering mixin config: betterfortresses_forge.mixins.json
[20Aug2025 20:19:45.421] [main/DEBUG] [mixin/]: Adding mixin platform agents for container SecureJarResource(paraglider)
[20Aug2025 20:19:45.421] [main/DEBUG] [mixin/]: Instancing new MixinPlatformAgentMinecraftForge for SecureJarResource(paraglider)
[20Aug2025 20:19:45.421] [main/DEBUG] [mixin/]: MixinPlatformAgentMinecraftForge rejected container SecureJarResource(paraglider)
[20Aug2025 20:19:45.421] [main/DEBUG] [mixin/]: Instancing new MixinPlatformAgentDefault for SecureJarResource(paraglider)
[20Aug2025 20:19:45.421] [main/DEBUG] [mixin/]: MixinPlatformAgentDefault accepted container SecureJarResource(paraglider)
[20Aug2025 20:19:45.422] [main/DEBUG] [mixin/]: Processing prepare() for PlatformAgent[MixinPlatformAgentDefault:SecureJarResource(paraglider)]
[20Aug2025 20:19:45.422] [main/DEBUG] [mixin/]: Adding mixin platform agents for container SecureJarResource(cloth_config)
[20Aug2025 20:19:45.422] [main/DEBUG] [mixin/]: Instancing new MixinPlatformAgentMinecraftForge for SecureJarResource(cloth_config)
[20Aug2025 20:19:45.422] [main/DEBUG] [mixin/]: MixinPlatformAgentMinecraftForge rejected container SecureJarResource(cloth_config)
[20Aug2025 20:19:45.422] [main/DEBUG] [mixin/]: Instancing new MixinPlatformAgentDefault for SecureJarResource(cloth_config)
[20Aug2025 20:19:45.422] [main/DEBUG] [mixin/]: MixinPlatformAgentDefault accepted container SecureJarResource(cloth_config)
[20Aug2025 20:19:45.422] [main/DEBUG] [mixin/]: Processing prepare() for PlatformAgent[MixinPlatformAgentDefault:SecureJarResource(cloth_config)]
[20Aug2025 20:19:45.422] [main/DEBUG] [mixin/]: Adding mixin platform agents for container SecureJarResource(stackrefill)
[20Aug2025 20:19:45.422] [main/DEBUG] [mixin/]: Instancing new MixinPlatformAgentMinecraftForge for SecureJarResource(stackrefill)
[20Aug2025 20:19:45.422] [main/DEBUG] [mixin/]: MixinPlatformAgentMinecraftForge rejected container SecureJarResource(stackrefill)
[20Aug2025 20:19:45.422] [main/DEBUG] [mixin/]: Instancing new MixinPlatformAgentDefault for SecureJarResource(stackrefill)
[20Aug2025 20:19:45.422] [main/DEBUG] [mixin/]: MixinPlatformAgentDefault accepted container SecureJarResource(stackrefill)
[20Aug2025 20:19:45.422] [main/DEBUG] [mixin/]: Processing prepare() for PlatformAgent[MixinPlatformAgentDefault:SecureJarResource(stackrefill)]
[20Aug2025 20:19:45.422] [main/DEBUG] [mixin/]: Registering mixin config: stackrefill_forge.mixins.json
[20Aug2025 20:19:45.424] [main/DEBUG] [mixin/]: Adding mixin platform agents for container SecureJarResource(ctov)
[20Aug2025 20:19:45.424] [main/DEBUG] [mixin/]: Instancing new MixinPlatformAgentMinecraftForge for SecureJarResource(ctov)
[20Aug2025 20:19:45.424] [main/DEBUG] [mixin/]: MixinPlatformAgentMinecraftForge rejected container SecureJarResource(ctov)
[20Aug2025 20:19:45.424] [main/DEBUG] [mixin/]: Instancing new MixinPlatformAgentDefault for SecureJarResource(ctov)
[20Aug2025 20:19:45.424] [main/DEBUG] [mixin/]: MixinPlatformAgentDefault accepted container SecureJarResource(ctov)
[20Aug2025 20:19:45.424] [main/DEBUG] [mixin/]: Processing prepare() for PlatformAgent[MixinPlatformAgentDefault:SecureJarResource(ctov)]
[20Aug2025 20:19:45.424] [main/DEBUG] [mixin/]: Adding mixin platform agents for container SecureJarResource(fzzy_config)
[20Aug2025 20:19:45.424] [main/DEBUG] [mixin/]: Instancing new MixinPlatformAgentMinecraftForge for SecureJarResource(fzzy_config)
[20Aug2025 20:19:45.424] [main/DEBUG] [mixin/]: MixinPlatformAgentMinecraftForge rejected container SecureJarResource(fzzy_config)
[20Aug2025 20:19:45.424] [main/DEBUG] [mixin/]: Instancing new MixinPlatformAgentDefault for SecureJarResource(fzzy_config)
[20Aug2025 20:19:45.424] [main/DEBUG] [mixin/]: MixinPlatformAgentDefault accepted container SecureJarResource(fzzy_config)
[20Aug2025 20:19:45.424] [main/DEBUG] [mixin/]: Processing prepare() for PlatformAgent[MixinPlatformAgentDefault:SecureJarResource(fzzy_config)]
[20Aug2025 20:19:45.424] [main/DEBUG] [mixin/]: Adding mixin platform agents for container SecureJarResource(konkrete)
[20Aug2025 20:19:45.424] [main/DEBUG] [mixin/]: Instancing new MixinPlatformAgentMinecraftForge for SecureJarResource(konkrete)
[20Aug2025 20:19:45.424] [main/DEBUG] [mixin/]: MixinPlatformAgentMinecraftForge rejected container SecureJarResource(konkrete)
[20Aug2025 20:19:45.424] [main/DEBUG] [mixin/]: Instancing new MixinPlatformAgentDefault for SecureJarResource(konkrete)
[20Aug2025 20:19:45.424] [main/DEBUG] [mixin/]: MixinPlatformAgentDefault accepted container SecureJarResource(konkrete)
[20Aug2025 20:19:45.424] [main/DEBUG] [mixin/]: Processing prepare() for PlatformAgent[MixinPlatformAgentDefault:SecureJarResource(konkrete)]
[20Aug2025 20:19:45.424] [main/DEBUG] [mixin/]: Registering mixin config: konkrete.mixin.json
[20Aug2025 20:19:45.426] [main/DEBUG] [mixin/]: Adding mixin platform agents for container SecureJarResource(advancementplaques)
[20Aug2025 20:19:45.426] [main/DEBUG] [mixin/]: Instancing new MixinPlatformAgentMinecraftForge for SecureJarResource(advancementplaques)
[20Aug2025 20:19:45.426] [main/DEBUG] [mixin/]: MixinPlatformAgentMinecraftForge rejected container SecureJarResource(advancementplaques)
[20Aug2025 20:19:45.427] [main/DEBUG] [mixin/]: Instancing new MixinPlatformAgentDefault for SecureJarResource(advancementplaques)
[20Aug2025 20:19:45.427] [main/DEBUG] [mixin/]: MixinPlatformAgentDefault accepted container SecureJarResource(advancementplaques)
[20Aug2025 20:19:45.427] [main/DEBUG] [mixin/]: Processing prepare() for PlatformAgent[MixinPlatformAgentDefault:SecureJarResource(advancementplaques)]
[20Aug2025 20:19:45.427] [main/DEBUG] [mixin/]: Adding mixin platform agents for container SecureJarResource(betterpingdisplay)
[20Aug2025 20:19:45.427] [main/DEBUG] [mixin/]: Instancing new MixinPlatformAgentMinecraftForge for SecureJarResource(betterpingdisplay)
[20Aug2025 20:19:45.427] [main/DEBUG] [mixin/]: MixinPlatformAgentMinecraftForge rejected container SecureJarResource(betterpingdisplay)
[20Aug2025 20:19:45.427] [main/DEBUG] [mixin/]: Instancing new MixinPlatformAgentDefault for SecureJarResource(betterpingdisplay)
[20Aug2025 20:19:45.427] [main/DEBUG] [mixin/]: MixinPlatformAgentDefault accepted container SecureJarResource(betterpingdisplay)
[20Aug2025 20:19:45.427] [main/DEBUG] [mixin/]: Processing prepare() for PlatformAgent[MixinPlatformAgentDefault:SecureJarResource(betterpingdisplay)]
[20Aug2025 20:19:45.427] [main/DEBUG] [mixin/]: Registering mixin config: betterpingdisplay.mixins.json
[20Aug2025 20:19:45.429] [main/DEBUG] [mixin/]: Compatibility level JAVA_8 specified by betterpingdisplay.mixins.json is lower than the default level supported by the current mixin service (JAVA_16).
[20Aug2025 20:19:45.429] [main/DEBUG] [mixin/]: Adding mixin platform agents for container SecureJarResource(mcwbridges)
[20Aug2025 20:19:45.429] [main/DEBUG] [mixin/]: Instancing new MixinPlatformAgentMinecraftForge for SecureJarResource(mcwbridges)
[20Aug2025 20:19:45.430] [main/DEBUG] [mixin/]: MixinPlatformAgentMinecraftForge rejected container SecureJarResource(mcwbridges)
[20Aug2025 20:19:45.430] [main/DEBUG] [mixin/]: Instancing new MixinPlatformAgentDefault for SecureJarResource(mcwbridges)
[20Aug2025 20:19:45.430] [main/DEBUG] [mixin/]: MixinPlatformAgentDefault accepted container SecureJarResource(mcwbridges)
[20Aug2025 20:19:45.430] [main/DEBUG] [mixin/]: Processing prepare() for PlatformAgent[MixinPlatformAgentDefault:SecureJarResource(mcwbridges)]
[20Aug2025 20:19:45.430] [main/DEBUG] [mixin/]: Adding mixin platform agents for container SecureJarResource(mr_serversleep)
[20Aug2025 20:19:45.430] [main/DEBUG] [mixin/]: Instancing new MixinPlatformAgentMinecraftForge for SecureJarResource(mr_serversleep)
[20Aug2025 20:19:45.430] [main/DEBUG] [mixin/]: MixinPlatformAgentMinecraftForge rejected container SecureJarResource(mr_serversleep)
[20Aug2025 20:19:45.430] [main/DEBUG] [mixin/]: Instancing new MixinPlatformAgentDefault for SecureJarResource(mr_serversleep)
[20Aug2025 20:19:45.430] [main/DEBUG] [mixin/]: MixinPlatformAgentDefault accepted container SecureJarResource(mr_serversleep)
[20Aug2025 20:19:45.430] [main/DEBUG] [mixin/]: Processing prepare() for PlatformAgent[MixinPlatformAgentDefault:SecureJarResource(mr_serversleep)]
[20Aug2025 20:19:45.430] [main/DEBUG] [mixin/]: Adding mixin platform agents for container SecureJarResource(explorify)
[20Aug2025 20:19:45.430] [main/DEBUG] [mixin/]: Instancing new MixinPlatformAgentMinecraftForge for SecureJarResource(explorify)
[20Aug2025 20:19:45.430] [main/DEBUG] [mixin/]: MixinPlatformAgentMinecraftForge rejected container SecureJarResource(explorify)
[20Aug2025 20:19:45.430] [main/DEBUG] [mixin/]: Instancing new MixinPlatformAgentDefault for SecureJarResource(explorify)
[20Aug2025 20:19:45.430] [main/DEBUG] [mixin/]: MixinPlatformAgentDefault accepted container SecureJarResource(explorify)
[20Aug2025 20:19:45.430] [main/DEBUG] [mixin/]: Processing prepare() for PlatformAgent[MixinPlatformAgentDefault:SecureJarResource(explorify)]
[20Aug2025 20:19:45.430] [main/DEBUG] [mixin/]: Adding mixin platform agents for container SecureJarResource(supermartijn642corelib)
[20Aug2025 20:19:45.430] [main/DEBUG] [mixin/]: Instancing new MixinPlatformAgentMinecraftForge for SecureJarResource(supermartijn642corelib)
[20Aug2025 20:19:45.430] [main/DEBUG] [mixin/]: MixinPlatformAgentMinecraftForge rejected container SecureJarResource(supermartijn642corelib)
[20Aug2025 20:19:45.430] [main/DEBUG] [mixin/]: Instancing new MixinPlatformAgentDefault for SecureJarResource(supermartijn642corelib)
[20Aug2025 20:19:45.430] [main/DEBUG] [mixin/]: MixinPlatformAgentDefault accepted container SecureJarResource(supermartijn642corelib)
[20Aug2025 20:19:45.430] [main/DEBUG] [mixin/]: Processing prepare() for PlatformAgent[MixinPlatformAgentDefault:SecureJarResource(supermartijn642corelib)]
[20Aug2025 20:19:45.430] [main/DEBUG] [mixin/]: Registering mixin config: supermartijn642corelib.mixins.json
[20Aug2025 20:19:45.432] [main/DEBUG] [mixin/]: Adding mixin platform agents for container SecureJarResource(yungsbridges)
[20Aug2025 20:19:45.433] [main/DEBUG] [mixin/]: Instancing new MixinPlatformAgentMinecraftForge for SecureJarResource(yungsbridges)
[20Aug2025 20:19:45.433] [main/DEBUG] [mixin/]: MixinPlatformAgentMinecraftForge rejected container SecureJarResource(yungsbridges)
[20Aug2025 20:19:45.433] [main/DEBUG] [mixin/]: Instancing new MixinPlatformAgentDefault for SecureJarResource(yungsbridges)
[20Aug2025 20:19:45.433] [main/DEBUG] [mixin/]: MixinPlatformAgentDefault accepted container SecureJarResource(yungsbridges)
[20Aug2025 20:19:45.433] [main/DEBUG] [mixin/]: Processing prepare() for PlatformAgent[MixinPlatformAgentDefault:SecureJarResource(yungsbridges)]
[20Aug2025 20:19:45.433] [main/DEBUG] [mixin/]: Registering mixin config: yungsbridges.mixins.json
[20Aug2025 20:19:45.435] [main/DEBUG] [mixin/]: Registering mixin config: yungsbridges_forge.mixins.json
[20Aug2025 20:19:45.437] [main/DEBUG] [mixin/]: Adding mixin platform agents for container SecureJarResource(resourcefulconfig)
[20Aug2025 20:19:45.437] [main/DEBUG] [mixin/]: Instancing new MixinPlatformAgentMinecraftForge for SecureJarResource(resourcefulconfig)
[20Aug2025 20:19:45.438] [main/DEBUG] [mixin/]: MixinPlatformAgentMinecraftForge rejected container SecureJarResource(resourcefulconfig)
[20Aug2025 20:19:45.438] [main/DEBUG] [mixin/]: Instancing new MixinPlatformAgentDefault for SecureJarResource(resourcefulconfig)
[20Aug2025 20:19:45.438] [main/DEBUG] [mixin/]: MixinPlatformAgentDefault accepted container SecureJarResource(resourcefulconfig)
[20Aug2025 20:19:45.438] [main/DEBUG] [mixin/]: Processing prepare() for PlatformAgent[MixinPlatformAgentDefault:SecureJarResource(resourcefulconfig)]
[20Aug2025 20:19:45.438] [main/DEBUG] [mixin/]: Adding mixin platform agents for container SecureJarResource(lionfishapi)
[20Aug2025 20:19:45.438] [main/DEBUG] [mixin/]: Instancing new MixinPlatformAgentMinecraftForge for SecureJarResource(lionfishapi)
[20Aug2025 20:19:45.438] [main/DEBUG] [mixin/]: MixinPlatformAgentMinecraftForge rejected container SecureJarResource(lionfishapi)
[20Aug2025 20:19:45.438] [main/DEBUG] [mixin/]: Instancing new MixinPlatformAgentDefault for SecureJarResource(lionfishapi)
[20Aug2025 20:19:45.438] [main/DEBUG] [mixin/]: MixinPlatformAgentDefault accepted container SecureJarResource(lionfishapi)
[20Aug2025 20:19:45.438] [main/DEBUG] [mixin/]: Processing prepare() for PlatformAgent[MixinPlatformAgentDefault:SecureJarResource(lionfishapi)]
[20Aug2025 20:19:45.438] [main/DEBUG] [mixin/]: Registering mixin config: lionfishapi.mixins.json
[20Aug2025 20:19:45.440] [main/DEBUG] [mixin/]: Adding mixin platform agents for container SecureJarResource(highlighter)
[20Aug2025 20:19:45.440] [main/DEBUG] [mixin/]: Instancing new MixinPlatformAgentMinecraftForge for SecureJarResource(highlighter)
[20Aug2025 20:19:45.440] [main/DEBUG] [mixin/]: MixinPlatformAgentMinecraftForge rejected container SecureJarResource(highlighter)
[20Aug2025 20:19:45.440] [main/DEBUG] [mixin/]: Instancing new MixinPlatformAgentDefault for SecureJarResource(highlighter)
[20Aug2025 20:19:45.440] [main/DEBUG] [mixin/]: MixinPlatformAgentDefault accepted container SecureJarResource(highlighter)
[20Aug2025 20:19:45.440] [main/DEBUG] [mixin/]: Processing prepare() for PlatformAgent[MixinPlatformAgentDefault:SecureJarResource(highlighter)]
[20Aug2025 20:19:45.440] [main/DEBUG] [mixin/]: Registering mixin config: highlighter.mixins.json
[20Aug2025 20:19:45.442] [main/DEBUG] [mixin/]: Adding mixin platform agents for container SecureJarResource(improvableskills)
[20Aug2025 20:19:45.442] [main/DEBUG] [mixin/]: Instancing new MixinPlatformAgentMinecraftForge for SecureJarResource(improvableskills)
[20Aug2025 20:19:45.442] [main/DEBUG] [mixin/]: MixinPlatformAgentMinecraftForge rejected container SecureJarResource(improvableskills)
[20Aug2025 20:19:45.442] [main/DEBUG] [mixin/]: Instancing new MixinPlatformAgentDefault for SecureJarResource(improvableskills)
[20Aug2025 20:19:45.442] [main/DEBUG] [mixin/]: MixinPlatformAgentDefault accepted container SecureJarResource(improvableskills)
[20Aug2025 20:19:45.442] [main/DEBUG] [mixin/]: Processing prepare() for PlatformAgent[MixinPlatformAgentDefault:SecureJarResource(improvableskills)]
[20Aug2025 20:19:45.442] [main/DEBUG] [mixin/]: Registering mixin config: mixins.improvableskills.json
[20Aug2025 20:19:45.444] [main/DEBUG] [mixin/]: Adding mixin platform agents for container SecureJarResource(curios)
[20Aug2025 20:19:45.445] [main/DEBUG] [mixin/]: Instancing new MixinPlatformAgentMinecraftForge for SecureJarResource(curios)
[20Aug2025 20:19:45.445] [main/DEBUG] [mixin/]: MixinPlatformAgentMinecraftForge rejected container SecureJarResource(curios)
[20Aug2025 20:19:45.445] [main/DEBUG] [mixin/]: Instancing new MixinPlatformAgentDefault for SecureJarResource(curios)
[20Aug2025 20:19:45.445] [main/DEBUG] [mixin/]: MixinPlatformAgentDefault accepted container SecureJarResource(curios)
[20Aug2025 20:19:45.445] [main/DEBUG] [mixin/]: Processing prepare() for PlatformAgent[MixinPlatformAgentDefault:SecureJarResource(curios)]
[20Aug2025 20:19:45.445] [main/DEBUG] [mixin/]: Registering mixin config: curios.mixins.json
[20Aug2025 20:19:45.446] [main/DEBUG] [mixin/]: Adding mixin platform agents for container SecureJarResource(collective)
[20Aug2025 20:19:45.446] [main/DEBUG] [mixin/]: Instancing new MixinPlatformAgentMinecraftForge for SecureJarResource(collective)
[20Aug2025 20:19:45.446] [main/DEBUG] [mixin/]: MixinPlatformAgentMinecraftForge rejected container SecureJarResource(collective)
[20Aug2025 20:19:45.446] [main/DEBUG] [mixin/]: Instancing new MixinPlatformAgentDefault for SecureJarResource(collective)
[20Aug2025 20:19:45.446] [main/DEBUG] [mixin/]: MixinPlatformAgentDefault accepted container SecureJarResource(collective)
[20Aug2025 20:19:45.446] [main/DEBUG] [mixin/]: Processing prepare() for PlatformAgent[MixinPlatformAgentDefault:SecureJarResource(collective)]
[20Aug2025 20:19:45.446] [main/DEBUG] [mixin/]: Registering mixin config: collective_forge.mixins.json
[20Aug2025 20:19:45.448] [main/DEBUG] [mixin/]: Adding mixin platform agents for container SecureJarResource(camera)
[20Aug2025 20:19:45.448] [main/DEBUG] [mixin/]: Instancing new MixinPlatformAgentMinecraftForge for SecureJarResource(camera)
[20Aug2025 20:19:45.448] [main/DEBUG] [mixin/]: MixinPlatformAgentMinecraftForge rejected container SecureJarResource(camera)
[20Aug2025 20:19:45.448] [main/DEBUG] [mixin/]: Instancing new MixinPlatformAgentDefault for SecureJarResource(camera)
[20Aug2025 20:19:45.448] [main/DEBUG] [mixin/]: MixinPlatformAgentDefault accepted container SecureJarResource(camera)
[20Aug2025 20:19:45.448] [main/DEBUG] [mixin/]: Processing prepare() for PlatformAgent[MixinPlatformAgentDefault:SecureJarResource(camera)]
[20Aug2025 20:19:45.449] [main/DEBUG] [mixin/]: Adding mixin platform agents for container SecureJarResource(mr_dungeons_andtaverns)
[20Aug2025 20:19:45.449] [main/DEBUG] [mixin/]: Instancing new MixinPlatformAgentMinecraftForge for SecureJarResource(mr_dungeons_andtaverns)
[20Aug2025 20:19:45.449] [main/DEBUG] [mixin/]: MixinPlatformAgentMinecraftForge rejected container SecureJarResource(mr_dungeons_andtaverns)
[20Aug2025 20:19:45.449] [main/DEBUG] [mixin/]: Instancing new MixinPlatformAgentDefault for SecureJarResource(mr_dungeons_andtaverns)
[20Aug2025 20:19:45.449] [main/DEBUG] [mixin/]: MixinPlatformAgentDefault accepted container SecureJarResource(mr_dungeons_andtaverns)
[20Aug2025 20:19:45.449] [main/DEBUG] [mixin/]: Processing prepare() for PlatformAgent[MixinPlatformAgentDefault:SecureJarResource(mr_dungeons_andtaverns)]
[20Aug2025 20:19:45.449] [main/DEBUG] [mixin/]: Adding mixin platform agents for container SecureJarResource(gobber2)
[20Aug2025 20:19:45.449] [main/DEBUG] [mixin/]: Instancing new MixinPlatformAgentMinecraftForge for SecureJarResource(gobber2)
[20Aug2025 20:19:45.449] [main/DEBUG] [mixin/]: MixinPlatformAgentMinecraftForge rejected container SecureJarResource(gobber2)
[20Aug2025 20:19:45.449] [main/DEBUG] [mixin/]: Instancing new MixinPlatformAgentDefault for SecureJarResource(gobber2)
[20Aug2025 20:19:45.449] [main/DEBUG] [mixin/]: MixinPlatformAgentDefault accepted container SecureJarResource(gobber2)
[20Aug2025 20:19:45.449] [main/DEBUG] [mixin/]: Processing prepare() for PlatformAgent[MixinPlatformAgentDefault:SecureJarResource(gobber2)]
[20Aug2025 20:19:45.449] [main/DEBUG] [mixin/]: Adding mixin platform agents for container SecureJarResource(betterstrongholds)
[20Aug2025 20:19:45.449] [main/DEBUG] [mixin/]: Instancing new MixinPlatformAgentMinecraftForge for SecureJarResource(betterstrongholds)
[20Aug2025 20:19:45.449] [main/DEBUG] [mixin/]: MixinPlatformAgentMinecraftForge rejected container SecureJarResource(betterstrongholds)
[20Aug2025 20:19:45.449] [main/DEBUG] [mixin/]: Instancing new MixinPlatformAgentDefault for SecureJarResource(betterstrongholds)
[20Aug2025 20:19:45.449] [main/DEBUG] [mixin/]: MixinPlatformAgentDefault accepted container SecureJarResource(betterstrongholds)
[20Aug2025 20:19:45.449] [main/DEBUG] [mixin/]: Processing prepare() for PlatformAgent[MixinPlatformAgentDefault:SecureJarResource(betterstrongholds)]
[20Aug2025 20:19:45.449] [main/DEBUG] [mixin/]: Registering mixin config: betterstrongholds.mixins.json
[20Aug2025 20:19:45.450] [main/DEBUG] [mixin/]: Registering mixin config: betterstrongholds_forge.mixins.json
[20Aug2025 20:19:45.452] [main/DEBUG] [mixin/]: Adding mixin platform agents for container SecureJarResource(tombstone)
[20Aug2025 20:19:45.452] [main/DEBUG] [mixin/]: Instancing new MixinPlatformAgentMinecraftForge for SecureJarResource(tombstone)
[20Aug2025 20:19:45.452] [main/DEBUG] [mixin/]: MixinPlatformAgentMinecraftForge rejected container SecureJarResource(tombstone)
[20Aug2025 20:19:45.452] [main/DEBUG] [mixin/]: Instancing new MixinPlatformAgentDefault for SecureJarResource(tombstone)
[20Aug2025 20:19:45.453] [main/DEBUG] [mixin/]: MixinPlatformAgentDefault accepted container SecureJarResource(tombstone)
[20Aug2025 20:19:45.453] [main/DEBUG] [mixin/]: Processing prepare() for PlatformAgent[MixinPlatformAgentDefault:SecureJarResource(tombstone)]
[20Aug2025 20:19:45.453] [main/DEBUG] [mixin/]: Registering mixin config: tombstone.mixins.json
[20Aug2025 20:19:45.454] [main/DEBUG] [mixin/]: Adding mixin platform agents for container SecureJarResource(architectury)
[20Aug2025 20:19:45.455] [main/DEBUG] [mixin/]: Instancing new MixinPlatformAgentMinecraftForge for SecureJarResource(architectury)
[20Aug2025 20:19:45.455] [main/DEBUG] [mixin/]: MixinPlatformAgentMinecraftForge rejected container SecureJarResource(architectury)
[20Aug2025 20:19:45.455] [main/DEBUG] [mixin/]: Instancing new MixinPlatformAgentDefault for SecureJarResource(architectury)
[20Aug2025 20:19:45.455] [main/DEBUG] [mixin/]: MixinPlatformAgentDefault accepted container SecureJarResource(architectury)
[20Aug2025 20:19:45.455] [main/DEBUG] [mixin/]: Processing prepare() for PlatformAgent[MixinPlatformAgentDefault:SecureJarResource(architectury)]
[20Aug2025 20:19:45.455] [main/DEBUG] [mixin/]: Registering mixin config: architectury.mixins.json
[20Aug2025 20:19:45.457] [main/DEBUG] [mixin/]: Compatibility level JAVA_16 specified by architectury.mixins.json is higher than the maximum level supported by this version of mixin (JAVA_13).
[20Aug2025 20:19:45.457] [main/DEBUG] [mixin/]: Registering mixin config: architectury-common.mixins.json
[20Aug2025 20:19:45.459] [main/DEBUG] [mixin/]: Compatibility level JAVA_16 specified by architectury-common.mixins.json is higher than the maximum level supported by this version of mixin (JAVA_13).
[20Aug2025 20:19:45.459] [main/DEBUG] [mixin/]: Adding mixin platform agents for container SecureJarResource(aiimprovements)
[20Aug2025 20:19:45.460] [main/DEBUG] [mixin/]: Instancing new MixinPlatformAgentMinecraftForge for SecureJarResource(aiimprovements)
[20Aug2025 20:19:45.460] [main/DEBUG] [mixin/]: MixinPlatformAgentMinecraftForge rejected container SecureJarResource(aiimprovements)
[20Aug2025 20:19:45.460] [main/DEBUG] [mixin/]: Instancing new MixinPlatformAgentDefault for SecureJarResource(aiimprovements)
[20Aug2025 20:19:45.460] [main/DEBUG] [mixin/]: MixinPlatformAgentDefault accepted container SecureJarResource(aiimprovements)
[20Aug2025 20:19:45.460] [main/DEBUG] [mixin/]: Processing prepare() for PlatformAgent[MixinPlatformAgentDefault:SecureJarResource(aiimprovements)]
[20Aug2025 20:19:45.460] [main/DEBUG] [mixin/]: Adding mixin platform agents for container SecureJarResource(globalxp)
[20Aug2025 20:19:45.460] [main/DEBUG] [mixin/]: Instancing new MixinPlatformAgentMinecraftForge for SecureJarResource(globalxp)
[20Aug2025 20:19:45.460] [main/DEBUG] [mixin/]: MixinPlatformAgentMinecraftForge rejected container SecureJarResource(globalxp)
[20Aug2025 20:19:45.460] [main/DEBUG] [mixin/]: Instancing new MixinPlatformAgentDefault for SecureJarResource(globalxp)
[20Aug2025 20:19:45.460] [main/DEBUG] [mixin/]: MixinPlatformAgentDefault accepted container SecureJarResource(globalxp)
[20Aug2025 20:19:45.460] [main/DEBUG] [mixin/]: Processing prepare() for PlatformAgent[MixinPlatformAgentDefault:SecureJarResource(globalxp)]
[20Aug2025 20:19:45.460] [main/DEBUG] [mixin/]: Adding mixin platform agents for container SecureJarResource(cupboard)
[20Aug2025 20:19:45.460] [main/DEBUG] [mixin/]: Instancing new MixinPlatformAgentMinecraftForge for SecureJarResource(cupboard)
[20Aug2025 20:19:45.460] [main/DEBUG] [mixin/]: MixinPlatformAgentMinecraftForge rejected container SecureJarResource(cupboard)
[20Aug2025 20:19:45.460] [main/DEBUG] [mixin/]: Instancing new MixinPlatformAgentDefault for SecureJarResource(cupboard)
[20Aug2025 20:19:45.460] [main/DEBUG] [mixin/]: MixinPlatformAgentDefault accepted container SecureJarResource(cupboard)
[20Aug2025 20:19:45.460] [main/DEBUG] [mixin/]: Processing prepare() for PlatformAgent[MixinPlatformAgentDefault:SecureJarResource(cupboard)]
[20Aug2025 20:19:45.460] [main/DEBUG] [mixin/]: Registering mixin config: cupboard.mixins.json
[20Aug2025 20:19:45.462] [main/DEBUG] [mixin/]: Adding mixin platform agents for container SecureJarResource(transition)
[20Aug2025 20:19:45.462] [main/DEBUG] [mixin/]: Instancing new MixinPlatformAgentMinecraftForge for SecureJarResource(transition)
[20Aug2025 20:19:45.462] [main/DEBUG] [mixin/]: MixinPlatformAgentMinecraftForge rejected container SecureJarResource(transition)
[20Aug2025 20:19:45.462] [main/DEBUG] [mixin/]: Instancing new MixinPlatformAgentDefault for SecureJarResource(transition)
[20Aug2025 20:19:45.462] [main/DEBUG] [mixin/]: MixinPlatformAgentDefault accepted container SecureJarResource(transition)
[20Aug2025 20:19:45.462] [main/DEBUG] [mixin/]: Processing prepare() for PlatformAgent[MixinPlatformAgentDefault:SecureJarResource(transition)]
[20Aug2025 20:19:45.462] [main/DEBUG] [mixin/]: Registering mixin config: transition.mixins.json
[20Aug2025 20:19:45.464] [main/DEBUG] [mixin/]: Compatibility level JAVA_16 specified by transition.mixins.json is higher than the maximum level supported by this version of mixin (JAVA_13).
[20Aug2025 20:19:45.464] [main/DEBUG] [mixin/]: Adding mixin platform agents for container SecureJarResource(refurbished_furniture)
[20Aug2025 20:19:45.464] [main/DEBUG] [mixin/]: Instancing new MixinPlatformAgentMinecraftForge for SecureJarResource(refurbished_furniture)
[20Aug2025 20:19:45.464] [main/DEBUG] [mixin/]: MixinPlatformAgentMinecraftForge rejected container SecureJarResource(refurbished_furniture)
[20Aug2025 20:19:45.464] [main/DEBUG] [mixin/]: Instancing new MixinPlatformAgentDefault for SecureJarResource(refurbished_furniture)
[20Aug2025 20:19:45.464] [main/DEBUG] [mixin/]: MixinPlatformAgentDefault accepted container SecureJarResource(refurbished_furniture)
[20Aug2025 20:19:45.464] [main/DEBUG] [mixin/]: Processing prepare() for PlatformAgent[MixinPlatformAgentDefault:SecureJarResource(refurbished_furniture)]
[20Aug2025 20:19:45.464] [main/DEBUG] [mixin/]: Registering mixin config: refurbished_furniture.common.mixins.json
[20Aug2025 20:19:45.467] [main/DEBUG] [mixin/]: Adding mixin platform agents for container SecureJarResource(betterendisland)
[20Aug2025 20:19:45.467] [main/DEBUG] [mixin/]: Instancing new MixinPlatformAgentMinecraftForge for SecureJarResource(betterendisland)
[20Aug2025 20:19:45.467] [main/DEBUG] [mixin/]: MixinPlatformAgentMinecraftForge rejected container SecureJarResource(betterendisland)
[20Aug2025 20:19:45.467] [main/DEBUG] [mixin/]: Instancing new MixinPlatformAgentDefault for SecureJarResource(betterendisland)
[20Aug2025 20:19:45.467] [main/DEBUG] [mixin/]: MixinPlatformAgentDefault accepted container SecureJarResource(betterendisland)
[20Aug2025 20:19:45.467] [main/DEBUG] [mixin/]: Processing prepare() for PlatformAgent[MixinPlatformAgentDefault:SecureJarResource(betterendisland)]
[20Aug2025 20:19:45.467] [main/DEBUG] [mixin/]: Registering mixin config: betterendisland.mixins.json
[20Aug2025 20:19:45.469] [main/DEBUG] [mixin/]: Registering mixin config: betterendisland_forge.mixins.json
[20Aug2025 20:19:45.471] [main/DEBUG] [mixin/]: Adding mixin platform agents for container SecureJarResource(framework)
[20Aug2025 20:19:45.471] [main/DEBUG] [mixin/]: Instancing new MixinPlatformAgentMinecraftForge for SecureJarResource(framework)
[20Aug2025 20:19:45.471] [main/DEBUG] [mixin/]: MixinPlatformAgentMinecraftForge rejected container SecureJarResource(framework)
[20Aug2025 20:19:45.471] [main/DEBUG] [mixin/]: Instancing new MixinPlatformAgentDefault for SecureJarResource(framework)
[20Aug2025 20:19:45.471] [main/DEBUG] [mixin/]: MixinPlatformAgentDefault accepted container SecureJarResource(framework)
[20Aug2025 20:19:45.471] [main/DEBUG] [mixin/]: Processing prepare() for PlatformAgent[MixinPlatformAgentDefault:SecureJarResource(framework)]
[20Aug2025 20:19:45.471] [main/DEBUG] [mixin/]: Adding mixin platform agents for container SecureJarResource(t_and_t)
[20Aug2025 20:19:45.471] [main/DEBUG] [mixin/]: Instancing new MixinPlatformAgentMinecraftForge for SecureJarResource(t_and_t)
[20Aug2025 20:19:45.471] [main/DEBUG] [mixin/]: MixinPlatformAgentMinecraftForge rejected container SecureJarResource(t_and_t)
[20Aug2025 20:19:45.471] [main/DEBUG] [mixin/]: Instancing new MixinPlatformAgentDefault for SecureJarResource(t_and_t)
[20Aug2025 20:19:45.471] [main/DEBUG] [mixin/]: MixinPlatformAgentDefault accepted container SecureJarResource(t_and_t)
[20Aug2025 20:19:45.471] [main/DEBUG] [mixin/]: Processing prepare() for PlatformAgent[MixinPlatformAgentDefault:SecureJarResource(t_and_t)]
[20Aug2025 20:19:45.471] [main/DEBUG] [mixin/]: Adding mixin platform agents for container SecureJarResource(playerrevive)
[20Aug2025 20:19:45.472] [main/DEBUG] [mixin/]: Instancing new MixinPlatformAgentMinecraftForge for SecureJarResource(playerrevive)
[20Aug2025 20:19:45.472] [main/DEBUG] [mixin/]: MixinPlatformAgentMinecraftForge rejected container SecureJarResource(playerrevive)
[20Aug2025 20:19:45.472] [main/DEBUG] [mixin/]: Instancing new MixinPlatformAgentDefault for SecureJarResource(playerrevive)
[20Aug2025 20:19:45.472] [main/DEBUG] [mixin/]: MixinPlatformAgentDefault accepted container SecureJarResource(playerrevive)
[20Aug2025 20:19:45.472] [main/DEBUG] [mixin/]: Processing prepare() for PlatformAgent[MixinPlatformAgentDefault:SecureJarResource(playerrevive)]
[20Aug2025 20:19:45.472] [main/DEBUG] [mixin/]: Registering mixin config: playerrevive.mixins.json
[20Aug2025 20:19:45.474] [main/DEBUG] [mixin/]: Adding mixin platform agents for container SecureJarResource(enchantinginfuser)
[20Aug2025 20:19:45.474] [main/DEBUG] [mixin/]: Instancing new MixinPlatformAgentMinecraftForge for SecureJarResource(enchantinginfuser)
[20Aug2025 20:19:45.474] [main/DEBUG] [mixin/]: MixinPlatformAgentMinecraftForge rejected container SecureJarResource(enchantinginfuser)
[20Aug2025 20:19:45.474] [main/DEBUG] [mixin/]: Instancing new MixinPlatformAgentDefault for SecureJarResource(enchantinginfuser)
[20Aug2025 20:19:45.474] [main/DEBUG] [mixin/]: MixinPlatformAgentDefault accepted container SecureJarResource(enchantinginfuser)
[20Aug2025 20:19:45.474] [main/DEBUG] [mixin/]: Processing prepare() for PlatformAgent[MixinPlatformAgentDefault:SecureJarResource(enchantinginfuser)]
[20Aug2025 20:19:45.474] [main/DEBUG] [mixin/]: Adding mixin platform agents for container SecureJarResource(mcwlights)
[20Aug2025 20:19:45.474] [main/DEBUG] [mixin/]: Instancing new MixinPlatformAgentMinecraftForge for SecureJarResource(mcwlights)
[20Aug2025 20:19:45.474] [main/DEBUG] [mixin/]: MixinPlatformAgentMinecraftForge rejected container SecureJarResource(mcwlights)
[20Aug2025 20:19:45.474] [main/DEBUG] [mixin/]: Instancing new MixinPlatformAgentDefault for SecureJarResource(mcwlights)
[20Aug2025 20:19:45.474] [main/DEBUG] [mixin/]: MixinPlatformAgentDefault accepted container SecureJarResource(mcwlights)
[20Aug2025 20:19:45.474] [main/DEBUG] [mixin/]: Processing prepare() for PlatformAgent[MixinPlatformAgentDefault:SecureJarResource(mcwlights)]
[20Aug2025 20:19:45.474] [main/DEBUG] [mixin/]: Adding mixin platform agents for container SecureJarResource(doubledoors)
[20Aug2025 20:19:45.474] [main/DEBUG] [mixin/]: Instancing new MixinPlatformAgentMinecraftForge for SecureJarResource(doubledoors)
[20Aug2025 20:19:45.474] [main/DEBUG] [mixin/]: MixinPlatformAgentMinecraftForge rejected container SecureJarResource(doubledoors)
[20Aug2025 20:19:45.474] [main/DEBUG] [mixin/]: Instancing new MixinPlatformAgentDefault for SecureJarResource(doubledoors)
[20Aug2025 20:19:45.474] [main/DEBUG] [mixin/]: MixinPlatformAgentDefault accepted container SecureJarResource(doubledoors)
[20Aug2025 20:19:45.474] [main/DEBUG] [mixin/]: Processing prepare() for PlatformAgent[MixinPlatformAgentDefault:SecureJarResource(doubledoors)]
[20Aug2025 20:19:45.474] [main/DEBUG] [mixin/]: Registering mixin config: doubledoors_forge.mixins.json
[20Aug2025 20:19:45.476] [main/DEBUG] [mixin/]: Adding mixin platform agents for container SecureJarResource(fastload)
[20Aug2025 20:19:45.476] [main/DEBUG] [mixin/]: Instancing new MixinPlatformAgentMinecraftForge for SecureJarResource(fastload)
[20Aug2025 20:19:45.477] [main/DEBUG] [mixin/]: MixinPlatformAgentMinecraftForge rejected container SecureJarResource(fastload)
[20Aug2025 20:19:45.477] [main/DEBUG] [mixin/]: Instancing new MixinPlatformAgentDefault for SecureJarResource(fastload)
[20Aug2025 20:19:45.477] [main/DEBUG] [mixin/]: MixinPlatformAgentDefault accepted container SecureJarResource(fastload)
[20Aug2025 20:19:45.477] [main/DEBUG] [mixin/]: Processing prepare() for PlatformAgent[MixinPlatformAgentDefault:SecureJarResource(fastload)]
[20Aug2025 20:19:45.477] [main/DEBUG] [mixin/]: Registering mixin config: fastload.mixins.json
[20Aug2025 20:19:45.479] [main/DEBUG] [mixin/]: Adding mixin platform agents for container SecureJarResource(mca)
[20Aug2025 20:19:45.479] [main/DEBUG] [mixin/]: Instancing new MixinPlatformAgentMinecraftForge for SecureJarResource(mca)
[20Aug2025 20:19:45.479] [main/DEBUG] [mixin/]: MixinPlatformAgentMinecraftForge rejected container SecureJarResource(mca)
[20Aug2025 20:19:45.479] [main/DEBUG] [mixin/]: Instancing new MixinPlatformAgentDefault for SecureJarResource(mca)
[20Aug2025 20:19:45.479] [main/DEBUG] [mixin/]: MixinPlatformAgentDefault accepted container SecureJarResource(mca)
[20Aug2025 20:19:45.479] [main/DEBUG] [mixin/]: Processing prepare() for PlatformAgent[MixinPlatformAgentDefault:SecureJarResource(mca)]
[20Aug2025 20:19:45.479] [main/DEBUG] [mixin/]: Registering mixin config: forge-mca.mixin.json
[20Aug2025 20:19:45.481] [main/DEBUG] [mixin/]: Adding mixin platform agents for container SecureJarResource(jei)
[20Aug2025 20:19:45.481] [main/DEBUG] [mixin/]: Instancing new MixinPlatformAgentMinecraftForge for SecureJarResource(jei)
[20Aug2025 20:19:45.481] [main/DEBUG] [mixin/]: MixinPlatformAgentMinecraftForge rejected container SecureJarResource(jei)
[20Aug2025 20:19:45.481] [main/DEBUG] [mixin/]: Instancing new MixinPlatformAgentDefault for SecureJarResource(jei)
[20Aug2025 20:19:45.481] [main/DEBUG] [mixin/]: MixinPlatformAgentDefault accepted container SecureJarResource(jei)
[20Aug2025 20:19:45.481] [main/DEBUG] [mixin/]: Processing prepare() for PlatformAgent[MixinPlatformAgentDefault:SecureJarResource(jei)]
[20Aug2025 20:19:45.481] [main/DEBUG] [mixin/]: Adding mixin platform agents for container SecureJarResource(lithostitched)
[20Aug2025 20:19:45.481] [main/DEBUG] [mixin/]: Instancing new MixinPlatformAgentMinecraftForge for SecureJarResource(lithostitched)
[20Aug2025 20:19:45.481] [main/DEBUG] [mixin/]: MixinPlatformAgentMinecraftForge rejected container SecureJarResource(lithostitched)
[20Aug2025 20:19:45.481] [main/DEBUG] [mixin/]: Instancing new MixinPlatformAgentDefault for SecureJarResource(lithostitched)
[20Aug2025 20:19:45.482] [main/DEBUG] [mixin/]: MixinPlatformAgentDefault accepted container SecureJarResource(lithostitched)
[20Aug2025 20:19:45.482] [main/DEBUG] [mixin/]: Processing prepare() for PlatformAgent[MixinPlatformAgentDefault:SecureJarResource(lithostitched)]
[20Aug2025 20:19:45.482] [main/DEBUG] [mixin/]: Registering mixin config: lithostitched.mixins.json
[20Aug2025 20:19:45.483] [main/DEBUG] [mixin/]: Registering mixin config: lithostitched.forge.mixins.json
[20Aug2025 20:19:45.485] [main/DEBUG] [mixin/]: Adding mixin platform agents for container SecureJarResource(goblintraders)
[20Aug2025 20:19:45.486] [main/DEBUG] [mixin/]: Instancing new MixinPlatformAgentMinecraftForge for SecureJarResource(goblintraders)
[20Aug2025 20:19:45.486] [main/DEBUG] [mixin/]: MixinPlatformAgentMinecraftForge rejected container SecureJarResource(goblintraders)
[20Aug2025 20:19:45.486] [main/DEBUG] [mixin/]: Instancing new MixinPlatformAgentDefault for SecureJarResource(goblintraders)
[20Aug2025 20:19:45.486] [main/DEBUG] [mixin/]: MixinPlatformAgentDefault accepted container SecureJarResource(goblintraders)
[20Aug2025 20:19:45.486] [main/DEBUG] [mixin/]: Processing prepare() for PlatformAgent[MixinPlatformAgentDefault:SecureJarResource(goblintraders)]
[20Aug2025 20:19:45.486] [main/DEBUG] [mixin/]: Registering mixin config: goblintraders.common.mixins.json
[20Aug2025 20:19:45.488] [main/DEBUG] [mixin/]: Adding mixin platform agents for container SecureJarResource(trender)
[20Aug2025 20:19:45.488] [main/DEBUG] [mixin/]: Instancing new MixinPlatformAgentMinecraftForge for SecureJarResource(trender)
[20Aug2025 20:19:45.488] [main/DEBUG] [mixin/]: MixinPlatformAgentMinecraftForge rejected container SecureJarResource(trender)
[20Aug2025 20:19:45.489] [main/DEBUG] [mixin/]: Instancing new MixinPlatformAgentDefault for SecureJarResource(trender)
[20Aug2025 20:19:45.489] [main/DEBUG] [mixin/]: MixinPlatformAgentDefault accepted container SecureJarResource(trender)
[20Aug2025 20:19:45.489] [main/DEBUG] [mixin/]: Processing prepare() for PlatformAgent[MixinPlatformAgentDefault:SecureJarResource(trender)]
[20Aug2025 20:19:45.489] [main/DEBUG] [mixin/]: Registering mixin config: trender.mixins.json
[20Aug2025 20:19:45.491] [main/DEBUG] [mixin/]: Compatibility level JAVA_16 specified by trender.mixins.json is higher than the maximum level supported by this version of mixin (JAVA_13).
[20Aug2025 20:19:45.491] [main/DEBUG] [mixin/]: Adding mixin platform agents for container SecureJarResource(waystones)
[20Aug2025 20:19:45.491] [main/DEBUG] [mixin/]: Instancing new MixinPlatformAgentMinecraftForge for SecureJarResource(waystones)
[20Aug2025 20:19:45.491] [main/DEBUG] [mixin/]: MixinPlatformAgentMinecraftForge rejected container SecureJarResource(waystones)
[20Aug2025 20:19:45.492] [main/DEBUG] [mixin/]: Instancing new MixinPlatformAgentDefault for SecureJarResource(waystones)
[20Aug2025 20:19:45.492] [main/DEBUG] [mixin/]: MixinPlatformAgentDefault accepted container SecureJarResource(waystones)
[20Aug2025 20:19:45.492] [main/DEBUG] [mixin/]: Processing prepare() for PlatformAgent[MixinPlatformAgentDefault:SecureJarResource(waystones)]
[20Aug2025 20:19:45.492] [main/DEBUG] [mixin/]: Registering mixin config: waystones.mixins.json
[20Aug2025 20:19:45.494] [main/DEBUG] [mixin/]: Adding mixin platform agents for container SecureJarResource(structory)
[20Aug2025 20:19:45.494] [main/DEBUG] [mixin/]: Instancing new MixinPlatformAgentMinecraftForge for SecureJarResource(structory)
[20Aug2025 20:19:45.494] [main/DEBUG] [mixin/]: MixinPlatformAgentMinecraftForge rejected container SecureJarResource(structory)
[20Aug2025 20:19:45.494] [main/DEBUG] [mixin/]: Instancing new MixinPlatformAgentDefault for SecureJarResource(structory)
[20Aug2025 20:19:45.494] [main/DEBUG] [mixin/]: MixinPlatformAgentDefault accepted container SecureJarResource(structory)
[20Aug2025 20:19:45.494] [main/DEBUG] [mixin/]: Processing prepare() for PlatformAgent[MixinPlatformAgentDefault:SecureJarResource(structory)]
[20Aug2025 20:19:45.494] [main/DEBUG] [mixin/]: Adding mixin platform agents for container SecureJarResource(clumps)
[20Aug2025 20:19:45.494] [main/DEBUG] [mixin/]: Instancing new MixinPlatformAgentMinecraftForge for SecureJarResource(clumps)
[20Aug2025 20:19:45.494] [main/DEBUG] [mixin/]: MixinPlatformAgentMinecraftForge rejected container SecureJarResource(clumps)
[20Aug2025 20:19:45.494] [main/DEBUG] [mixin/]: Instancing new MixinPlatformAgentDefault for SecureJarResource(clumps)
[20Aug2025 20:19:45.494] [main/DEBUG] [mixin/]: MixinPlatformAgentDefault accepted container SecureJarResource(clumps)
[20Aug2025 20:19:45.494] [main/DEBUG] [mixin/]: Processing prepare() for PlatformAgent[MixinPlatformAgentDefault:SecureJarResource(clumps)]
[20Aug2025 20:19:45.494] [main/DEBUG] [mixin/]: Registering mixin config: clumps.mixins.json
[20Aug2025 20:19:45.496] [main/DEBUG] [mixin/]: Adding mixin platform agents for container SecureJarResource(journeymap)
[20Aug2025 20:19:45.496] [main/DEBUG] [mixin/]: Instancing new MixinPlatformAgentMinecraftForge for SecureJarResource(journeymap)
[20Aug2025 20:19:45.496] [main/DEBUG] [mixin/]: MixinPlatformAgentMinecraftForge rejected container SecureJarResource(journeymap)
[20Aug2025 20:19:45.496] [main/DEBUG] [mixin/]: Instancing new MixinPlatformAgentDefault for SecureJarResource(journeymap)
[20Aug2025 20:19:45.496] [main/DEBUG] [mixin/]: MixinPlatformAgentDefault accepted container SecureJarResource(journeymap)
[20Aug2025 20:19:45.496] [main/DEBUG] [mixin/]: Processing prepare() for PlatformAgent[MixinPlatformAgentDefault:SecureJarResource(journeymap)]
[20Aug2025 20:19:45.496] [main/DEBUG] [mixin/]: Registering mixin config: journeymap.mixins.json
[20Aug2025 20:19:45.498] [main/DEBUG] [mixin/]: Adding mixin platform agents for container SecureJarResource(artifacts)
[20Aug2025 20:19:45.498] [main/DEBUG] [mixin/]: Instancing new MixinPlatformAgentMinecraftForge for SecureJarResource(artifacts)
[20Aug2025 20:19:45.498] [main/DEBUG] [mixin/]: MixinPlatformAgentMinecraftForge rejected container SecureJarResource(artifacts)
[20Aug2025 20:19:45.498] [main/DEBUG] [mixin/]: Instancing new MixinPlatformAgentDefault for SecureJarResource(artifacts)
[20Aug2025 20:19:45.498] [main/DEBUG] [mixin/]: MixinPlatformAgentDefault accepted container SecureJarResource(artifacts)
[20Aug2025 20:19:45.498] [main/DEBUG] [mixin/]: Processing prepare() for PlatformAgent[MixinPlatformAgentDefault:SecureJarResource(artifacts)]
[20Aug2025 20:19:45.498] [main/DEBUG] [mixin/]: Registering mixin config: mixins.artifacts.common.json
[20Aug2025 20:19:45.501] [main/DEBUG] [mixin/]: Registering mixin config: mixins.artifacts.forge.json
[20Aug2025 20:19:45.502] [main/DEBUG] [mixin/]: Adding mixin platform agents for container SecureJarResource(mr_lukis_grandcapitals)
[20Aug2025 20:19:45.502] [main/DEBUG] [mixin/]: Instancing new MixinPlatformAgentMinecraftForge for SecureJarResource(mr_lukis_grandcapitals)
[20Aug2025 20:19:45.502] [main/DEBUG] [mixin/]: MixinPlatformAgentMinecraftForge rejected container SecureJarResource(mr_lukis_grandcapitals)
[20Aug2025 20:19:45.503] [main/DEBUG] [mixin/]: Instancing new MixinPlatformAgentDefault for SecureJarResource(mr_lukis_grandcapitals)
[20Aug2025 20:19:45.503] [main/DEBUG] [mixin/]: MixinPlatformAgentDefault accepted container SecureJarResource(mr_lukis_grandcapitals)
[20Aug2025 20:19:45.503] [main/DEBUG] [mixin/]: Processing prepare() for PlatformAgent[MixinPlatformAgentDefault:SecureJarResource(mr_lukis_grandcapitals)]
[20Aug2025 20:19:45.503] [main/DEBUG] [mixin/]: Adding mixin platform agents for container SecureJarResource(glitchcore)
[20Aug2025 20:19:45.503] [main/DEBUG] [mixin/]: Instancing new MixinPlatformAgentMinecraftForge for SecureJarResource(glitchcore)
[20Aug2025 20:19:45.503] [main/DEBUG] [mixin/]: MixinPlatformAgentMinecraftForge rejected container SecureJarResource(glitchcore)
[20Aug2025 20:19:45.503] [main/DEBUG] [mixin/]: Instancing new MixinPlatformAgentDefault for SecureJarResource(glitchcore)
[20Aug2025 20:19:45.503] [main/DEBUG] [mixin/]: MixinPlatformAgentDefault accepted container SecureJarResource(glitchcore)
[20Aug2025 20:19:45.503] [main/DEBUG] [mixin/]: Processing prepare() for PlatformAgent[MixinPlatformAgentDefault:SecureJarResource(glitchcore)]
[20Aug2025 20:19:45.503] [main/DEBUG] [mixin/]: Registering mixin config: glitchcore.mixins.json
[20Aug2025 20:19:45.504] [main/DEBUG] [mixin/]: Registering mixin config: glitchcore.forge.mixins.json
[20Aug2025 20:19:45.506] [main/DEBUG] [mixin/]: Adding mixin platform agents for container SecureJarResource(fusion)
[20Aug2025 20:19:45.506] [main/DEBUG] [mixin/]: Instancing new MixinPlatformAgentMinecraftForge for SecureJarResource(fusion)
[20Aug2025 20:19:45.506] [main/DEBUG] [mixin/]: MixinPlatformAgentMinecraftForge rejected container SecureJarResource(fusion)
[20Aug2025 20:19:45.507] [main/DEBUG] [mixin/]: Instancing new MixinPlatformAgentDefault for SecureJarResource(fusion)
[20Aug2025 20:19:45.507] [main/DEBUG] [mixin/]: MixinPlatformAgentDefault accepted container SecureJarResource(fusion)
[20Aug2025 20:19:45.507] [main/DEBUG] [mixin/]: Processing prepare() for PlatformAgent[MixinPlatformAgentDefault:SecureJarResource(fusion)]
[20Aug2025 20:19:45.507] [main/DEBUG] [mixin/]: Registering mixin config: fusion.mixins.json
[20Aug2025 20:19:45.510] [main/DEBUG] [mixin/]: Adding mixin platform agents for container SecureJarResource(skinlayers3d)
[20Aug2025 20:19:45.510] [main/DEBUG] [mixin/]: Instancing new MixinPlatformAgentMinecraftForge for SecureJarResource(skinlayers3d)
[20Aug2025 20:19:45.510] [main/DEBUG] [mixin/]: MixinPlatformAgentMinecraftForge rejected container SecureJarResource(skinlayers3d)
[20Aug2025 20:19:45.510] [main/DEBUG] [mixin/]: Instancing new MixinPlatformAgentDefault for SecureJarResource(skinlayers3d)
[20Aug2025 20:19:45.510] [main/DEBUG] [mixin/]: MixinPlatformAgentDefault accepted container SecureJarResource(skinlayers3d)
[20Aug2025 20:19:45.510] [main/DEBUG] [mixin/]: Processing prepare() for PlatformAgent[MixinPlatformAgentDefault:SecureJarResource(skinlayers3d)]
[20Aug2025 20:19:45.510] [main/DEBUG] [mixin/]: Registering mixin config: skinlayers3d.mixins.json
[20Aug2025 20:19:45.512] [main/DEBUG] [mixin/]: Adding mixin platform agents for container SecureJarResource(forge)
[20Aug2025 20:19:45.512] [main/DEBUG] [mixin/]: Instancing new MixinPlatformAgentMinecraftForge for SecureJarResource(forge)
[20Aug2025 20:19:45.512] [main/DEBUG] [mixin/]: MixinPlatformAgentMinecraftForge rejected container SecureJarResource(forge)
[20Aug2025 20:19:45.512] [main/DEBUG] [mixin/]: Instancing new MixinPlatformAgentDefault for SecureJarResource(forge)
[20Aug2025 20:19:45.512] [main/DEBUG] [mixin/]: MixinPlatformAgentDefault accepted container SecureJarResource(forge)
[20Aug2025 20:19:45.512] [main/DEBUG] [mixin/]: Processing prepare() for PlatformAgent[MixinPlatformAgentDefault:SecureJarResource(forge)]
[20Aug2025 20:19:45.512] [main/DEBUG] [mixin/]: Adding mixin platform agents for container SecureJarResource(tlskincape)
[20Aug2025 20:19:45.512] [main/DEBUG] [mixin/]: Instancing new MixinPlatformAgentMinecraftForge for SecureJarResource(tlskincape)
[20Aug2025 20:19:45.512] [main/DEBUG] [mixin/]: MixinPlatformAgentMinecraftForge rejected container SecureJarResource(tlskincape)
[20Aug2025 20:19:45.512] [main/DEBUG] [mixin/]: Instancing new MixinPlatformAgentDefault for SecureJarResource(tlskincape)
[20Aug2025 20:19:45.512] [main/DEBUG] [mixin/]: MixinPlatformAgentDefault accepted container SecureJarResource(tlskincape)
[20Aug2025 20:19:45.512] [main/DEBUG] [mixin/]: Processing prepare() for PlatformAgent[MixinPlatformAgentDefault:SecureJarResource(tlskincape)]
[20Aug2025 20:19:45.512] [main/DEBUG] [mixin/]: Adding mixin platform agents for container SecureJarResource(infernalmobs)
[20Aug2025 20:19:45.512] [main/DEBUG] [mixin/]: Instancing new MixinPlatformAgentMinecraftForge for SecureJarResource(infernalmobs)
[20Aug2025 20:19:45.512] [main/DEBUG] [mixin/]: MixinPlatformAgentMinecraftForge rejected container SecureJarResource(infernalmobs)
[20Aug2025 20:19:45.512] [main/DEBUG] [mixin/]: Instancing new MixinPlatformAgentDefault for SecureJarResource(infernalmobs)
[20Aug2025 20:19:45.512] [main/DEBUG] [mixin/]: MixinPlatformAgentDefault accepted container SecureJarResource(infernalmobs)
[20Aug2025 20:19:45.512] [main/DEBUG] [mixin/]: Processing prepare() for PlatformAgent[MixinPlatformAgentDefault:SecureJarResource(infernalmobs)]
[20Aug2025 20:19:45.512] [main/DEBUG] [mixin/]: Adding mixin platform agents for container SecureJarResource(dungeons_arise)
[20Aug2025 20:19:45.512] [main/DEBUG] [mixin/]: Instancing new MixinPlatformAgentMinecraftForge for SecureJarResource(dungeons_arise)
[20Aug2025 20:19:45.512] [main/DEBUG] [mixin/]: MixinPlatformAgentMinecraftForge rejected container SecureJarResource(dungeons_arise)
[20Aug2025 20:19:45.512] [main/DEBUG] [mixin/]: Instancing new MixinPlatformAgentDefault for SecureJarResource(dungeons_arise)
[20Aug2025 20:19:45.512] [main/DEBUG] [mixin/]: MixinPlatformAgentDefault accepted container SecureJarResource(dungeons_arise)
[20Aug2025 20:19:45.512] [main/DEBUG] [mixin/]: Processing prepare() for PlatformAgent[MixinPlatformAgentDefault:SecureJarResource(dungeons_arise)]
[20Aug2025 20:19:45.512] [main/DEBUG] [mixin/]: Adding mixin platform agents for container SecureJarResource(useless_sword)
[20Aug2025 20:19:45.512] [main/DEBUG] [mixin/]: Instancing new MixinPlatformAgentMinecraftForge for SecureJarResource(useless_sword)
[20Aug2025 20:19:45.512] [main/DEBUG] [mixin/]: MixinPlatformAgentMinecraftForge rejected container SecureJarResource(useless_sword)
[20Aug2025 20:19:45.513] [main/DEBUG] [mixin/]: Instancing new MixinPlatformAgentDefault for SecureJarResource(useless_sword)
[20Aug2025 20:19:45.513] [main/DEBUG] [mixin/]: MixinPlatformAgentDefault accepted container SecureJarResource(useless_sword)
[20Aug2025 20:19:45.513] [main/DEBUG] [mixin/]: Processing prepare() for PlatformAgent[MixinPlatformAgentDefault:SecureJarResource(useless_sword)]
[20Aug2025 20:19:45.513] [main/DEBUG] [mixin/]: Adding mixin platform agents for container SecureJarResource(minecraft)
[20Aug2025 20:19:45.513] [main/DEBUG] [mixin/]: Instancing new MixinPlatformAgentMinecraftForge for SecureJarResource(minecraft)
[20Aug2025 20:19:45.513] [main/DEBUG] [mixin/]: MixinPlatformAgentMinecraftForge rejected container SecureJarResource(minecraft)
[20Aug2025 20:19:45.513] [main/DEBUG] [mixin/]: Instancing new MixinPlatformAgentDefault for SecureJarResource(minecraft)
[20Aug2025 20:19:45.513] [main/DEBUG] [mixin/]: MixinPlatformAgentDefault accepted container SecureJarResource(minecraft)
[20Aug2025 20:19:45.514] [main/DEBUG] [mixin/]: Processing prepare() for PlatformAgent[MixinPlatformAgentDefault:SecureJarResource(minecraft)]
[20Aug2025 20:19:45.514] [main/DEBUG] [mixin/]: Adding mixin platform agents for container SecureJarResource(sons_of_sins)
[20Aug2025 20:19:45.514] [main/DEBUG] [mixin/]: Instancing new MixinPlatformAgentMinecraftForge for SecureJarResource(sons_of_sins)
[20Aug2025 20:19:45.514] [main/DEBUG] [mixin/]: MixinPlatformAgentMinecraftForge rejected container SecureJarResource(sons_of_sins)
[20Aug2025 20:19:45.514] [main/DEBUG] [mixin/]: Instancing new MixinPlatformAgentDefault for SecureJarResource(sons_of_sins)
[20Aug2025 20:19:45.514] [main/DEBUG] [mixin/]: MixinPlatformAgentDefault accepted container SecureJarResource(sons_of_sins)
[20Aug2025 20:19:45.514] [main/DEBUG] [mixin/]: Processing prepare() for PlatformAgent[MixinPlatformAgentDefault:SecureJarResource(sons_of_sins)]
[20Aug2025 20:19:45.514] [main/DEBUG] [mixin/]: Adding mixin platform agents for container SecureJarResource(enchdesc)
[20Aug2025 20:19:45.514] [main/DEBUG] [mixin/]: Instancing new MixinPlatformAgentMinecraftForge for SecureJarResource(enchdesc)
[20Aug2025 20:19:45.514] [main/DEBUG] [mixin/]: MixinPlatformAgentMinecraftForge rejected container SecureJarResource(enchdesc)
[20Aug2025 20:19:45.514] [main/DEBUG] [mixin/]: Instancing new MixinPlatformAgentDefault for SecureJarResource(enchdesc)
[20Aug2025 20:19:45.514] [main/DEBUG] [mixin/]: MixinPlatformAgentDefault accepted container SecureJarResource(enchdesc)
[20Aug2025 20:19:45.514] [main/DEBUG] [mixin/]: Processing prepare() for PlatformAgent[MixinPlatformAgentDefault:SecureJarResource(enchdesc)]
[20Aug2025 20:19:45.514] [main/DEBUG] [mixin/]: Adding mixin platform agents for container SecureJarResource(terrablender)
[20Aug2025 20:19:45.514] [main/DEBUG] [mixin/]: Instancing new MixinPlatformAgentMinecraftForge for SecureJarResource(terrablender)
[20Aug2025 20:19:45.514] [main/DEBUG] [mixin/]: MixinPlatformAgentMinecraftForge rejected container SecureJarResource(terrablender)
[20Aug2025 20:19:45.514] [main/DEBUG] [mixin/]: Instancing new MixinPlatformAgentDefault for SecureJarResource(terrablender)
[20Aug2025 20:19:45.514] [main/DEBUG] [mixin/]: MixinPlatformAgentDefault accepted container SecureJarResource(terrablender)
[20Aug2025 20:19:45.514] [main/DEBUG] [mixin/]: Processing prepare() for PlatformAgent[MixinPlatformAgentDefault:SecureJarResource(terrablender)]
[20Aug2025 20:19:45.514] [main/DEBUG] [mixin/]: Registering mixin config: terrablender.mixins.json
[20Aug2025 20:19:45.516] [main/DEBUG] [mixin/]: Registering mixin config: terrablender_forge.mixins.json
[20Aug2025 20:19:45.517] [main/DEBUG] [mixin/]: Adding mixin platform agents for container SecureJarResource(jade)
[20Aug2025 20:19:45.518] [main/DEBUG] [mixin/]: Instancing new MixinPlatformAgentMinecraftForge for SecureJarResource(jade)
[20Aug2025 20:19:45.518] [main/DEBUG] [mixin/]: MixinPlatformAgentMinecraftForge rejected container SecureJarResource(jade)
[20Aug2025 20:19:45.518] [main/DEBUG] [mixin/]: Instancing new MixinPlatformAgentDefault for SecureJarResource(jade)
[20Aug2025 20:19:45.518] [main/DEBUG] [mixin/]: MixinPlatformAgentDefault accepted container SecureJarResource(jade)
[20Aug2025 20:19:45.518] [main/DEBUG] [mixin/]: Processing prepare() for PlatformAgent[MixinPlatformAgentDefault:SecureJarResource(jade)]
[20Aug2025 20:19:45.518] [main/DEBUG] [mixin/]: Registering mixin config: jade.mixins.json
[20Aug2025 20:19:45.519] [main/DEBUG] [mixin/]: Compatibility level JAVA_16 specified by jade.mixins.json is higher than the maximum level supported by this version of mixin (JAVA_13).
[20Aug2025 20:19:45.519] [main/DEBUG] [mixin/]: Adding mixin platform agents for container SecureJarResource(creativecore)
[20Aug2025 20:19:45.519] [main/DEBUG] [mixin/]: Instancing new MixinPlatformAgentMinecraftForge for SecureJarResource(creativecore)
[20Aug2025 20:19:45.520] [main/DEBUG] [mixin/]: MixinPlatformAgentMinecraftForge rejected container SecureJarResource(creativecore)
[20Aug2025 20:19:45.520] [main/DEBUG] [mixin/]: Instancing new MixinPlatformAgentDefault for SecureJarResource(creativecore)
[20Aug2025 20:19:45.520] [main/DEBUG] [mixin/]: MixinPlatformAgentDefault accepted container SecureJarResource(creativecore)
[20Aug2025 20:19:45.520] [main/DEBUG] [mixin/]: Processing prepare() for PlatformAgent[MixinPlatformAgentDefault:SecureJarResource(creativecore)]
[20Aug2025 20:19:45.520] [main/DEBUG] [mixin/]: Registering mixin config: creativecore.mixins.json
[20Aug2025 20:19:45.521] [main/DEBUG] [mixin/]: Registering mixin config: creativecore.forge.mixins.json
[20Aug2025 20:19:45.523] [main/DEBUG] [mixin/]: Adding mixin platform agents for container SecureJarResource(kotlinforforge)
[20Aug2025 20:19:45.523] [main/DEBUG] [mixin/]: Instancing new MixinPlatformAgentMinecraftForge for SecureJarResource(kotlinforforge)
[20Aug2025 20:19:45.523] [main/DEBUG] [mixin/]: MixinPlatformAgentMinecraftForge rejected container SecureJarResource(kotlinforforge)
[20Aug2025 20:19:45.523] [main/DEBUG] [mixin/]: Instancing new MixinPlatformAgentDefault for SecureJarResource(kotlinforforge)
[20Aug2025 20:19:45.523] [main/DEBUG] [mixin/]: MixinPlatformAgentDefault accepted container SecureJarResource(kotlinforforge)
[20Aug2025 20:19:45.523] [main/DEBUG] [mixin/]: Processing prepare() for PlatformAgent[MixinPlatformAgentDefault:SecureJarResource(kotlinforforge)]
[20Aug2025 20:19:45.523] [main/DEBUG] [mixin/]: Adding mixin platform agents for container SecureJarResource(notenoughanimations)
[20Aug2025 20:19:45.524] [main/DEBUG] [mixin/]: Instancing new MixinPlatformAgentMinecraftForge for SecureJarResource(notenoughanimations)
[20Aug2025 20:19:45.524] [main/DEBUG] [mixin/]: MixinPlatformAgentMinecraftForge rejected container SecureJarResource(notenoughanimations)
[20Aug2025 20:19:45.524] [main/DEBUG] [mixin/]: Instancing new MixinPlatformAgentDefault for SecureJarResource(notenoughanimations)
[20Aug2025 20:19:45.524] [main/DEBUG] [mixin/]: MixinPlatformAgentDefault accepted container SecureJarResource(notenoughanimations)
[20Aug2025 20:19:45.524] [main/DEBUG] [mixin/]: Processing prepare() for PlatformAgent[MixinPlatformAgentDefault:SecureJarResource(notenoughanimations)]
[20Aug2025 20:19:45.524] [main/DEBUG] [mixin/]: Registering mixin config: notenoughanimations.mixins.json
[20Aug2025 20:19:45.525] [main/DEBUG] [mixin/]: Compatibility level JAVA_8 specified by notenoughanimations.mixins.json is lower than the default level supported by the current mixin service (JAVA_16).
[20Aug2025 20:19:45.526] [main/DEBUG] [mixin/]: Adding mixin platform agents for container SecureJarResource(iceberg)
[20Aug2025 20:19:45.526] [main/DEBUG] [mixin/]: Instancing new MixinPlatformAgentMinecraftForge for SecureJarResource(iceberg)
[20Aug2025 20:19:45.526] [main/DEBUG] [mixin/]: MixinPlatformAgentMinecraftForge rejected container SecureJarResource(iceberg)
[20Aug2025 20:19:45.526] [main/DEBUG] [mixin/]: Instancing new MixinPlatformAgentDefault for SecureJarResource(iceberg)
[20Aug2025 20:19:45.526] [main/DEBUG] [mixin/]: MixinPlatformAgentDefault accepted container SecureJarResource(iceberg)
[20Aug2025 20:19:45.526] [main/DEBUG] [mixin/]: Processing prepare() for PlatformAgent[MixinPlatformAgentDefault:SecureJarResource(iceberg)]
[20Aug2025 20:19:45.526] [main/DEBUG] [mixin/]: Registering mixin config: iceberg.mixins.json
[20Aug2025 20:19:45.528] [main/DEBUG] [mixin/]: Adding mixin platform agents for container SecureJarResource(brutalbosses)
[20Aug2025 20:19:45.528] [main/DEBUG] [mixin/]: Instancing new MixinPlatformAgentMinecraftForge for SecureJarResource(brutalbosses)
[20Aug2025 20:19:45.528] [main/DEBUG] [mixin/]: MixinPlatformAgentMinecraftForge rejected container SecureJarResource(brutalbosses)
[20Aug2025 20:19:45.528] [main/DEBUG] [mixin/]: Instancing new MixinPlatformAgentDefault for SecureJarResource(brutalbosses)
[20Aug2025 20:19:45.528] [main/DEBUG] [mixin/]: MixinPlatformAgentDefault accepted container SecureJarResource(brutalbosses)
[20Aug2025 20:19:45.528] [main/DEBUG] [mixin/]: Processing prepare() for PlatformAgent[MixinPlatformAgentDefault:SecureJarResource(brutalbosses)]
[20Aug2025 20:19:45.529] [main/DEBUG] [mixin/]: Registering mixin config: brutalbosses.mixins.json
[20Aug2025 20:19:45.530] [main/DEBUG] [mixin/]: Compatibility level JAVA_8 specified by brutalbosses.mixins.json is lower than the default level supported by the current mixin service (JAVA_16).
[20Aug2025 20:19:45.531] [main/DEBUG] [mixin/]: Adding mixin platform agents for container SecureJarResource(fastbench)
[20Aug2025 20:19:45.531] [main/DEBUG] [mixin/]: Instancing new MixinPlatformAgentMinecraftForge for SecureJarResource(fastbench)
[20Aug2025 20:19:45.531] [main/DEBUG] [mixin/]: MixinPlatformAgentMinecraftForge rejected container SecureJarResource(fastbench)
[20Aug2025 20:19:45.531] [main/DEBUG] [mixin/]: Instancing new MixinPlatformAgentDefault for SecureJarResource(fastbench)
[20Aug2025 20:19:45.531] [main/DEBUG] [mixin/]: MixinPlatformAgentDefault accepted container SecureJarResource(fastbench)
[20Aug2025 20:19:45.531] [main/DEBUG] [mixin/]: Processing prepare() for PlatformAgent[MixinPlatformAgentDefault:SecureJarResource(fastbench)]
[20Aug2025 20:19:45.531] [main/DEBUG] [mixin/]: Registering mixin config: fastbench.mixins.json
[20Aug2025 20:19:45.532] [main/DEBUG] [mixin/]: Adding mixin platform agents for container SecureJarResource(securitycraft)
[20Aug2025 20:19:45.533] [main/DEBUG] [mixin/]: Instancing new MixinPlatformAgentMinecraftForge for SecureJarResource(securitycraft)
[20Aug2025 20:19:45.533] [main/DEBUG] [mixin/]: MixinPlatformAgentMinecraftForge rejected container SecureJarResource(securitycraft)
[20Aug2025 20:19:45.533] [main/DEBUG] [mixin/]: Instancing new MixinPlatformAgentDefault for SecureJarResource(securitycraft)
[20Aug2025 20:19:45.533] [main/DEBUG] [mixin/]: MixinPlatformAgentDefault accepted container SecureJarResource(securitycraft)
[20Aug2025 20:19:45.533] [main/DEBUG] [mixin/]: Processing prepare() for PlatformAgent[MixinPlatformAgentDefault:SecureJarResource(securitycraft)]
[20Aug2025 20:19:45.533] [main/DEBUG] [mixin/]: Registering mixin config: securitycraft.mixins.json
[20Aug2025 20:19:45.535] [main/DEBUG] [mixin/]: Adding mixin platform agents for container SecureJarResource(coroutil)
[20Aug2025 20:19:45.535] [main/DEBUG] [mixin/]: Instancing new MixinPlatformAgentMinecraftForge for SecureJarResource(coroutil)
[20Aug2025 20:19:45.535] [main/DEBUG] [mixin/]: MixinPlatformAgentMinecraftForge rejected container SecureJarResource(coroutil)
[20Aug2025 20:19:45.535] [main/DEBUG] [mixin/]: Instancing new MixinPlatformAgentDefault for SecureJarResource(coroutil)
[20Aug2025 20:19:45.535] [main/DEBUG] [mixin/]: MixinPlatformAgentDefault accepted container SecureJarResource(coroutil)
[20Aug2025 20:19:45.535] [main/DEBUG] [mixin/]: Processing prepare() for PlatformAgent[MixinPlatformAgentDefault:SecureJarResource(coroutil)]
[20Aug2025 20:19:45.535] [main/DEBUG] [mixin/]: Registering mixin config: coroutil.mixins.json
[20Aug2025 20:19:45.537] [main/DEBUG] [mixin/]: Adding mixin platform agents for container SecureJarResource(fastfurnace)
[20Aug2025 20:19:45.537] [main/DEBUG] [mixin/]: Instancing new MixinPlatformAgentMinecraftForge for SecureJarResource(fastfurnace)
[20Aug2025 20:19:45.537] [main/DEBUG] [mixin/]: MixinPlatformAgentMinecraftForge rejected container SecureJarResource(fastfurnace)
[20Aug2025 20:19:45.537] [main/DEBUG] [mixin/]: Instancing new MixinPlatformAgentDefault for SecureJarResource(fastfurnace)
[20Aug2025 20:19:45.537] [main/DEBUG] [mixin/]: MixinPlatformAgentDefault accepted container SecureJarResource(fastfurnace)
[20Aug2025 20:19:45.537] [main/DEBUG] [mixin/]: Processing prepare() for PlatformAgent[MixinPlatformAgentDefault:SecureJarResource(fastfurnace)]
[20Aug2025 20:19:45.537] [main/DEBUG] [mixin/]: Registering mixin config: fastfurnace.mixins.json
[20Aug2025 20:19:45.539] [main/DEBUG] [mixin/]: Adding mixin platform agents for container SecureJarResource(appleskin)
[20Aug2025 20:19:45.539] [main/DEBUG] [mixin/]: Instancing new MixinPlatformAgentMinecraftForge for SecureJarResource(appleskin)
[20Aug2025 20:19:45.540] [main/DEBUG] [mixin/]: MixinPlatformAgentMinecraftForge rejected container SecureJarResource(appleskin)
[20Aug2025 20:19:45.540] [main/DEBUG] [mixin/]: Instancing new MixinPlatformAgentDefault for SecureJarResource(appleskin)
[20Aug2025 20:19:45.540] [main/DEBUG] [mixin/]: MixinPlatformAgentDefault accepted container SecureJarResource(appleskin)
[20Aug2025 20:19:45.540] [main/DEBUG] [mixin/]: Processing prepare() for PlatformAgent[MixinPlatformAgentDefault:SecureJarResource(appleskin)]
[20Aug2025 20:19:45.540] [main/DEBUG] [mixin/]: Adding mixin platform agents for container SecureJarResource(ferritecore)
[20Aug2025 20:19:45.540] [main/DEBUG] [mixin/]: Instancing new MixinPlatformAgentMinecraftForge for SecureJarResource(ferritecore)
[20Aug2025 20:19:45.540] [main/DEBUG] [mixin/]: MixinPlatformAgentMinecraftForge rejected container SecureJarResource(ferritecore)
[20Aug2025 20:19:45.540] [main/DEBUG] [mixin/]: Instancing new MixinPlatformAgentDefault for SecureJarResource(ferritecore)
[20Aug2025 20:19:45.540] [main/DEBUG] [mixin/]: MixinPlatformAgentDefault accepted container SecureJarResource(ferritecore)
[20Aug2025 20:19:45.540] [main/DEBUG] [mixin/]: Processing prepare() for PlatformAgent[MixinPlatformAgentDefault:SecureJarResource(ferritecore)]
[20Aug2025 20:19:45.540] [main/DEBUG] [mixin/]: Registering mixin config: ferritecore.predicates.mixin.json
[20Aug2025 20:19:45.542] [main/DEBUG] [mixin/]: Registering mixin config: ferritecore.fastmap.mixin.json
[20Aug2025 20:19:45.544] [main/DEBUG] [mixin/]: Registering mixin config: ferritecore.mrl.mixin.json
[20Aug2025 20:19:45.545] [main/DEBUG] [mixin/]: Registering mixin config: ferritecore.dedupmultipart.mixin.json
[20Aug2025 20:19:45.547] [main/DEBUG] [mixin/]: Registering mixin config: ferritecore.blockstatecache.mixin.json
[20Aug2025 20:19:45.549] [main/DEBUG] [mixin/]: Registering mixin config: ferritecore.dedupbakedquad.mixin.json
[20Aug2025 20:19:45.551] [main/DEBUG] [mixin/]: Registering mixin config: ferritecore.threaddetec.mixin.json
[20Aug2025 20:19:45.553] [main/DEBUG] [mixin/]: Registering mixin config: ferritecore.modelsides.mixin.json
[20Aug2025 20:19:45.555] [main/DEBUG] [mixin/]: Adding mixin platform agents for container SecureJarResource(connectedglass)
[20Aug2025 20:19:45.555] [main/DEBUG] [mixin/]: Instancing new MixinPlatformAgentMinecraftForge for SecureJarResource(connectedglass)
[20Aug2025 20:19:45.555] [main/DEBUG] [mixin/]: MixinPlatformAgentMinecraftForge rejected container SecureJarResource(connectedglass)
[20Aug2025 20:19:45.555] [main/DEBUG] [mixin/]: Instancing new MixinPlatformAgentDefault for SecureJarResource(connectedglass)
[20Aug2025 20:19:45.555] [main/DEBUG] [mixin/]: MixinPlatformAgentDefault accepted container SecureJarResource(connectedglass)
[20Aug2025 20:19:45.556] [main/DEBUG] [mixin/]: Processing prepare() for PlatformAgent[MixinPlatformAgentDefault:SecureJarResource(connectedglass)]
[20Aug2025 20:19:45.556] [main/DEBUG] [mixin/]: Adding mixin platform agents for container SecureJarResource(puzzleslib)
[20Aug2025 20:19:45.556] [main/DEBUG] [mixin/]: Instancing new MixinPlatformAgentMinecraftForge for SecureJarResource(puzzleslib)
[20Aug2025 20:19:45.556] [main/DEBUG] [mixin/]: MixinPlatformAgentMinecraftForge rejected container SecureJarResource(puzzleslib)
[20Aug2025 20:19:45.556] [main/DEBUG] [mixin/]: Instancing new MixinPlatformAgentDefault for SecureJarResource(puzzleslib)
[20Aug2025 20:19:45.556] [main/DEBUG] [mixin/]: MixinPlatformAgentDefault accepted container SecureJarResource(puzzleslib)
[20Aug2025 20:19:45.556] [main/DEBUG] [mixin/]: Processing prepare() for PlatformAgent[MixinPlatformAgentDefault:SecureJarResource(puzzleslib)]
[20Aug2025 20:19:45.556] [main/DEBUG] [mixin/]: Registering mixin config: puzzleslib.common.mixins.json
[20Aug2025 20:19:45.558] [main/DEBUG] [mixin/]: Registering mixin config: puzzleslib.forge.mixins.json
[20Aug2025 20:19:45.560] [main/DEBUG] [mixin/]: Adding mixin platform agents for container SecureJarResource(justzoom)
[20Aug2025 20:19:45.560] [main/DEBUG] [mixin/]: Instancing new MixinPlatformAgentMinecraftForge for SecureJarResource(justzoom)
[20Aug2025 20:19:45.560] [main/DEBUG] [mixin/]: MixinPlatformAgentMinecraftForge rejected container SecureJarResource(justzoom)
[20Aug2025 20:19:45.560] [main/DEBUG] [mixin/]: Instancing new MixinPlatformAgentDefault for SecureJarResource(justzoom)
[20Aug2025 20:19:45.560] [main/DEBUG] [mixin/]: MixinPlatformAgentDefault accepted container SecureJarResource(justzoom)
[20Aug2025 20:19:45.560] [main/DEBUG] [mixin/]: Processing prepare() for PlatformAgent[MixinPlatformAgentDefault:SecureJarResource(justzoom)]
[20Aug2025 20:19:45.560] [main/DEBUG] [mixin/]: Registering mixin config: justzoom.mixins.json
[20Aug2025 20:19:45.562] [main/DEBUG] [mixin/]: Registering mixin config: justzoom.forge.mixins.json
[20Aug2025 20:19:45.564] [main/DEBUG] [mixin/]: Adding mixin platform agents for container SecureJarResource(betterf3)
[20Aug2025 20:19:45.564] [main/DEBUG] [mixin/]: Instancing new MixinPlatformAgentMinecraftForge for SecureJarResource(betterf3)
[20Aug2025 20:19:45.564] [main/DEBUG] [mixin/]: MixinPlatformAgentMinecraftForge rejected container SecureJarResource(betterf3)
[20Aug2025 20:19:45.564] [main/DEBUG] [mixin/]: Instancing new MixinPlatformAgentDefault for SecureJarResource(betterf3)
[20Aug2025 20:19:45.564] [main/DEBUG] [mixin/]: MixinPlatformAgentDefault accepted container SecureJarResource(betterf3)
[20Aug2025 20:19:45.564] [main/DEBUG] [mixin/]: Processing prepare() for PlatformAgent[MixinPlatformAgentDefault:SecureJarResource(betterf3)]
[20Aug2025 20:19:45.564] [main/DEBUG] [mixin/]: Registering mixin config: betterf3.mixins.json
[20Aug2025 20:19:45.566] [main/DEBUG] [mixin/]: Registering mixin config: betterf3.forge.mixins.json
[20Aug2025 20:19:45.568] [main/DEBUG] [mixin/]: Adding mixin platform agents for container SecureJarResource(expandability)
[20Aug2025 20:19:45.568] [main/DEBUG] [mixin/]: Instancing new MixinPlatformAgentMinecraftForge for SecureJarResource(expandability)
[20Aug2025 20:19:45.568] [main/DEBUG] [mixin/]: MixinPlatformAgentMinecraftForge rejected container SecureJarResource(expandability)
[20Aug2025 20:19:45.568] [main/DEBUG] [mixin/]: Instancing new MixinPlatformAgentDefault for SecureJarResource(expandability)
[20Aug2025 20:19:45.569] [main/DEBUG] [mixin/]: MixinPlatformAgentDefault accepted container SecureJarResource(expandability)
[20Aug2025 20:19:45.569] [main/DEBUG] [mixin/]: Processing prepare() for PlatformAgent[MixinPlatformAgentDefault:SecureJarResource(expandability)]
[20Aug2025 20:19:45.569] [main/DEBUG] [mixin/]: Registering mixin config: expandability.mixins.json
[20Aug2025 20:19:45.571] [main/DEBUG] [mixin/]: Registering mixin config: expandability-common.mixins.json
[20Aug2025 20:19:45.572] [main/DEBUG] [mixin/]: Adding mixin platform agents for container SecureJarResource(overflowingbars)
[20Aug2025 20:19:45.573] [main/DEBUG] [mixin/]: Instancing new MixinPlatformAgentMinecraftForge for SecureJarResource(overflowingbars)
[20Aug2025 20:19:45.573] [main/DEBUG] [mixin/]: MixinPlatformAgentMinecraftForge rejected container SecureJarResource(overflowingbars)
[20Aug2025 20:19:45.573] [main/DEBUG] [mixin/]: Instancing new MixinPlatformAgentDefault for SecureJarResource(overflowingbars)
[20Aug2025 20:19:45.573] [main/DEBUG] [mixin/]: MixinPlatformAgentDefault accepted container SecureJarResource(overflowingbars)
[20Aug2025 20:19:45.573] [main/DEBUG] [mixin/]: Processing prepare() for PlatformAgent[MixinPlatformAgentDefault:SecureJarResource(overflowingbars)]
[20Aug2025 20:19:45.573] [main/DEBUG] [mixin/]: Registering mixin config: overflowingbars.common.mixins.json
[20Aug2025 20:19:45.574] [main/DEBUG] [mixin/]: Adding mixin platform agents for container SecureJarResource(drinkbeer)
[20Aug2025 20:19:45.574] [main/DEBUG] [mixin/]: Instancing new MixinPlatformAgentMinecraftForge for SecureJarResource(drinkbeer)
[20Aug2025 20:19:45.574] [main/DEBUG] [mixin/]: MixinPlatformAgentMinecraftForge rejected container SecureJarResource(drinkbeer)
[20Aug2025 20:19:45.575] [main/DEBUG] [mixin/]: Instancing new MixinPlatformAgentDefault for SecureJarResource(drinkbeer)
[20Aug2025 20:19:45.575] [main/DEBUG] [mixin/]: MixinPlatformAgentDefault accepted container SecureJarResource(drinkbeer)
[20Aug2025 20:19:45.575] [main/DEBUG] [mixin/]: Processing prepare() for PlatformAgent[MixinPlatformAgentDefault:SecureJarResource(drinkbeer)]
[20Aug2025 20:19:45.575] [main/DEBUG] [mixin/]: Registering mixin config: drinkbeer.mixins.json
[20Aug2025 20:19:45.577] [main/DEBUG] [mixin/]: Compatibility level JAVA_16 specified by drinkbeer.mixins.json is higher than the maximum level supported by this version of mixin (JAVA_13).
[20Aug2025 20:19:45.577] [main/DEBUG] [mixin/]: Adding mixin platform agents for container SecureJarResource(cristellib)
[20Aug2025 20:19:45.577] [main/DEBUG] [mixin/]: Instancing new MixinPlatformAgentMinecraftForge for SecureJarResource(cristellib)
[20Aug2025 20:19:45.577] [main/DEBUG] [mixin/]: MixinPlatformAgentMinecraftForge rejected container SecureJarResource(cristellib)
[20Aug2025 20:19:45.577] [main/DEBUG] [mixin/]: Instancing new MixinPlatformAgentDefault for SecureJarResource(cristellib)
[20Aug2025 20:19:45.578] [main/DEBUG] [mixin/]: MixinPlatformAgentDefault accepted container SecureJarResource(cristellib)
[20Aug2025 20:19:45.578] [main/DEBUG] [mixin/]: Processing prepare() for PlatformAgent[MixinPlatformAgentDefault:SecureJarResource(cristellib)]
[20Aug2025 20:19:45.578] [main/DEBUG] [mixin/]: Registering mixin config: cristellib-common.mixins.json
[20Aug2025 20:19:45.580] [main/DEBUG] [mixin/]: Registering mixin config: cristellib.mixins.json
[20Aug2025 20:19:45.582] [main/DEBUG] [mixin/]: Adding mixin platform agents for container SecureJarResource(tomlkt.jvm)
[20Aug2025 20:19:45.582] [main/DEBUG] [mixin/]: Instancing new MixinPlatformAgentMinecraftForge for SecureJarResource(tomlkt.jvm)
[20Aug2025 20:19:45.582] [main/DEBUG] [mixin/]: MixinPlatformAgentMinecraftForge rejected container SecureJarResource(tomlkt.jvm)
[20Aug2025 20:19:45.582] [main/DEBUG] [mixin/]: Instancing new MixinPlatformAgentDefault for SecureJarResource(tomlkt.jvm)
[20Aug2025 20:19:45.582] [main/DEBUG] [mixin/]: MixinPlatformAgentDefault accepted container SecureJarResource(tomlkt.jvm)
[20Aug2025 20:19:45.582] [main/DEBUG] [mixin/]: Processing prepare() for PlatformAgent[MixinPlatformAgentDefault:SecureJarResource(tomlkt.jvm)]
[20Aug2025 20:19:45.582] [main/DEBUG] [mixin/]: Adding mixin platform agents for container SecureJarResource(jankson)
[20Aug2025 20:19:45.582] [main/DEBUG] [mixin/]: Instancing new MixinPlatformAgentMinecraftForge for SecureJarResource(jankson)
[20Aug2025 20:19:45.582] [main/DEBUG] [mixin/]: MixinPlatformAgentMinecraftForge rejected container SecureJarResource(jankson)
[20Aug2025 20:19:45.582] [main/DEBUG] [mixin/]: Instancing new MixinPlatformAgentDefault for SecureJarResource(jankson)
[20Aug2025 20:19:45.582] [main/DEBUG] [mixin/]: MixinPlatformAgentDefault accepted container SecureJarResource(jankson)
[20Aug2025 20:19:45.582] [main/DEBUG] [mixin/]: Processing prepare() for PlatformAgent[MixinPlatformAgentDefault:SecureJarResource(jankson)]
[20Aug2025 20:19:45.582] [main/DEBUG] [mixin/]: Adding mixin platform agents for container SecureJarResource(thedarkcolour.kotlinforforge.kfflib)
[20Aug2025 20:19:45.582] [main/DEBUG] [mixin/]: Instancing new MixinPlatformAgentMinecraftForge for SecureJarResource(thedarkcolour.kotlinforforge.kfflib)
[20Aug2025 20:19:45.582] [main/DEBUG] [mixin/]: MixinPlatformAgentMinecraftForge rejected container SecureJarResource(thedarkcolour.kotlinforforge.kfflib)
[20Aug2025 20:19:45.582] [main/DEBUG] [mixin/]: Instancing new MixinPlatformAgentDefault for SecureJarResource(thedarkcolour.kotlinforforge.kfflib)
[20Aug2025 20:19:45.582] [main/DEBUG] [mixin/]: MixinPlatformAgentDefault accepted container SecureJarResource(thedarkcolour.kotlinforforge.kfflib)
[20Aug2025 20:19:45.582] [main/DEBUG] [mixin/]: Processing prepare() for PlatformAgent[MixinPlatformAgentDefault:SecureJarResource(thedarkcolour.kotlinforforge.kfflib)]
[20Aug2025 20:19:45.582] [main/DEBUG] [mixin/]: Adding mixin platform agents for container SecureJarResource(MixinExtras)
[20Aug2025 20:19:45.582] [main/DEBUG] [mixin/]: Instancing new MixinPlatformAgentMinecraftForge for SecureJarResource(MixinExtras)
[20Aug2025 20:19:45.582] [main/DEBUG] [mixin/]: MixinPlatformAgentMinecraftForge rejected container SecureJarResource(MixinExtras)
[20Aug2025 20:19:45.582] [main/DEBUG] [mixin/]: Instancing new MixinPlatformAgentDefault for SecureJarResource(MixinExtras)
[20Aug2025 20:19:45.583] [main/DEBUG] [mixin/]: MixinPlatformAgentDefault accepted container SecureJarResource(MixinExtras)
[20Aug2025 20:19:45.583] [main/DEBUG] [mixin/]: Processing prepare() for PlatformAgent[MixinPlatformAgentDefault:SecureJarResource(MixinExtras)]
[20Aug2025 20:19:45.583] [main/DEBUG] [mixin/]: inject() running with 109 agents
[20Aug2025 20:19:45.583] [main/DEBUG] [mixin/]: Processing inject() for PlatformAgent[MixinPlatformAgentDefault:ModLauncher Root Container(ModLauncher:4f56a0a2)]
[20Aug2025 20:19:45.583] [main/DEBUG] [mixin/]: Processing inject() for PlatformAgent[MixinPlatformAgentDefault:SecureJarResource(net.optifine)]
[20Aug2025 20:19:45.584] [main/DEBUG] [mixin/]: Processing inject() for PlatformAgent[MixinPlatformAgentDefault:SecureJarResource(kuma_api)]
[20Aug2025 20:19:45.584] [main/DEBUG] [mixin/]: Processing inject() for PlatformAgent[MixinPlatformAgentDefault:SecureJarResource(botarium)]
[20Aug2025 20:19:45.584] [main/DEBUG] [mixin/]: Processing inject() for PlatformAgent[MixinPlatformAgentDefault:SecureJarResource(subtle_effects)]
[20Aug2025 20:19:45.584] [main/DEBUG] [mixin/]: Processing inject() for PlatformAgent[MixinPlatformAgentDefault:SecureJarResource(hammerlib)]
[20Aug2025 20:19:45.584] [main/DEBUG] [mixin/]: Processing inject() for PlatformAgent[MixinPlatformAgentDefault:SecureJarResource(tipsmod)]
[20Aug2025 20:19:45.584] [main/DEBUG] [mixin/]: Processing inject() for PlatformAgent[MixinPlatformAgentDefault:SecureJarResource(sophisticatedcore)]
[20Aug2025 20:19:45.585] [main/DEBUG] [mixin/]: Processing inject() for PlatformAgent[MixinPlatformAgentDefault:SecureJarResource(prism)]
[20Aug2025 20:19:45.585] [main/DEBUG] [mixin/]: Processing inject() for PlatformAgent[MixinPlatformAgentDefault:SecureJarResource(placebo)]
[20Aug2025 20:19:45.585] [main/DEBUG] [mixin/]: Processing inject() for PlatformAgent[MixinPlatformAgentDefault:SecureJarResource(citadel)]
[20Aug2025 20:19:45.585] [main/DEBUG] [mixin/]: Processing inject() for PlatformAgent[MixinPlatformAgentDefault:SecureJarResource(alexsmobs)]
[20Aug2025 20:19:45.585] [main/DEBUG] [mixin/]: Processing inject() for PlatformAgent[MixinPlatformAgentDefault:SecureJarResource(yungsapi)]
[20Aug2025 20:19:45.585] [main/DEBUG] [mixin/]: Processing inject() for PlatformAgent[MixinPlatformAgentDefault:SecureJarResource(mixinextras)]
[20Aug2025 20:19:45.585] [main/DEBUG] [mixin/]: Processing inject() for PlatformAgent[MixinPlatformAgentDefault:SecureJarResource(bookshelf)]
[20Aug2025 20:19:45.585] [main/DEBUG] [mixin/]: Processing inject() for PlatformAgent[MixinPlatformAgentDefault:SecureJarResource(sophisticatedbackpacks)]
[20Aug2025 20:19:45.585] [main/DEBUG] [mixin/]: Processing inject() for PlatformAgent[MixinPlatformAgentDefault:SecureJarResource(mcwdoors)]
[20Aug2025 20:19:45.585] [main/DEBUG] [mixin/]: Processing inject() for PlatformAgent[MixinPlatformAgentDefault:SecureJarResource(pickupnotifier)]
[20Aug2025 20:19:45.585] [main/DEBUG] [mixin/]: Processing inject() for PlatformAgent[MixinPlatformAgentDefault:SecureJarResource(minetraps)]
[20Aug2025 20:19:45.586] [main/DEBUG] [mixin/]: Processing inject() for PlatformAgent[MixinPlatformAgentDefault:SecureJarResource(balm)]
[20Aug2025 20:19:45.586] [main/DEBUG] [mixin/]: Processing inject() for PlatformAgent[MixinPlatformAgentDefault:SecureJarResource(carryon)]
[20Aug2025 20:19:45.586] [main/DEBUG] [mixin/]: Processing inject() for PlatformAgent[MixinPlatformAgentDefault:SecureJarResource(chat_heads)]
[20Aug2025 20:19:45.586] [main/DEBUG] [mixin/]: Processing inject() for PlatformAgent[MixinPlatformAgentDefault:SecureJarResource(shieldexp)]
[20Aug2025 20:19:45.586] [main/DEBUG] [mixin/]: Processing inject() for PlatformAgent[MixinPlatformAgentDefault:SecureJarResource(betterfortresses)]
[20Aug2025 20:19:45.586] [main/DEBUG] [mixin/]: Processing inject() for PlatformAgent[MixinPlatformAgentDefault:SecureJarResource(paraglider)]
[20Aug2025 20:19:45.586] [main/DEBUG] [mixin/]: Processing inject() for PlatformAgent[MixinPlatformAgentDefault:SecureJarResource(cloth_config)]
[20Aug2025 20:19:45.586] [main/DEBUG] [mixin/]: Processing inject() for PlatformAgent[MixinPlatformAgentDefault:SecureJarResource(stackrefill)]
[20Aug2025 20:19:45.586] [main/DEBUG] [mixin/]: Processing inject() for PlatformAgent[MixinPlatformAgentDefault:SecureJarResource(ctov)]
[20Aug2025 20:19:45.586] [main/DEBUG] [mixin/]: Processing inject() for PlatformAgent[MixinPlatformAgentDefault:SecureJarResource(fzzy_config)]
[20Aug2025 20:19:45.586] [main/DEBUG] [mixin/]: Processing inject() for PlatformAgent[MixinPlatformAgentDefault:SecureJarResource(konkrete)]
[20Aug2025 20:19:45.586] [main/DEBUG] [mixin/]: Processing inject() for PlatformAgent[MixinPlatformAgentDefault:SecureJarResource(advancementplaques)]
[20Aug2025 20:19:45.586] [main/DEBUG] [mixin/]: Processing inject() for PlatformAgent[MixinPlatformAgentDefault:SecureJarResource(betterpingdisplay)]
[20Aug2025 20:19:45.586] [main/DEBUG] [mixin/]: Processing inject() for PlatformAgent[MixinPlatformAgentDefault:SecureJarResource(mcwbridges)]
[20Aug2025 20:19:45.586] [main/DEBUG] [mixin/]: Processing inject() for PlatformAgent[MixinPlatformAgentDefault:SecureJarResource(mr_serversleep)]
[20Aug2025 20:19:45.586] [main/DEBUG] [mixin/]: Processing inject() for PlatformAgent[MixinPlatformAgentDefault:SecureJarResource(explorify)]
[20Aug2025 20:19:45.586] [main/DEBUG] [mixin/]: Processing inject() for PlatformAgent[MixinPlatformAgentDefault:SecureJarResource(supermartijn642corelib)]
[20Aug2025 20:19:45.586] [main/DEBUG] [mixin/]: Processing inject() for PlatformAgent[MixinPlatformAgentDefault:SecureJarResource(yungsbridges)]
[20Aug2025 20:19:45.586] [main/DEBUG] [mixin/]: Processing inject() for PlatformAgent[MixinPlatformAgentDefault:SecureJarResource(resourcefulconfig)]
[20Aug2025 20:19:45.586] [main/DEBUG] [mixin/]: Processing inject() for PlatformAgent[MixinPlatformAgentDefault:SecureJarResource(lionfishapi)]
[20Aug2025 20:19:45.586] [main/DEBUG] [mixin/]: Processing inject() for PlatformAgent[MixinPlatformAgentDefault:SecureJarResource(highlighter)]
[20Aug2025 20:19:45.586] [main/DEBUG] [mixin/]: Processing inject() for PlatformAgent[MixinPlatformAgentDefault:SecureJarResource(improvableskills)]
[20Aug2025 20:19:45.586] [main/DEBUG] [mixin/]: Processing inject() for PlatformAgent[MixinPlatformAgentDefault:SecureJarResource(curios)]
[20Aug2025 20:19:45.586] [main/DEBUG] [mixin/]: Processing inject() for PlatformAgent[MixinPlatformAgentDefault:SecureJarResource(collective)]
[20Aug2025 20:19:45.586] [main/DEBUG] [mixin/]: Processing inject() for PlatformAgent[MixinPlatformAgentDefault:SecureJarResource(camera)]
[20Aug2025 20:19:45.586] [main/DEBUG] [mixin/]: Processing inject() for PlatformAgent[MixinPlatformAgentDefault:SecureJarResource(mr_dungeons_andtaverns)]
[20Aug2025 20:19:45.586] [main/DEBUG] [mixin/]: Processing inject() for PlatformAgent[MixinPlatformAgentDefault:SecureJarResource(gobber2)]
[20Aug2025 20:19:45.586] [main/DEBUG] [mixin/]: Processing inject() for PlatformAgent[MixinPlatformAgentDefault:SecureJarResource(betterstrongholds)]
[20Aug2025 20:19:45.586] [main/DEBUG] [mixin/]: Processing inject() for PlatformAgent[MixinPlatformAgentDefault:SecureJarResource(tombstone)]
[20Aug2025 20:19:45.586] [main/DEBUG] [mixin/]: Processing inject() for PlatformAgent[MixinPlatformAgentDefault:SecureJarResource(architectury)]
[20Aug2025 20:19:45.586] [main/DEBUG] [mixin/]: Processing inject() for PlatformAgent[MixinPlatformAgentDefault:SecureJarResource(aiimprovements)]
[20Aug2025 20:19:45.587] [main/DEBUG] [mixin/]: Processing inject() for PlatformAgent[MixinPlatformAgentDefault:SecureJarResource(globalxp)]
[20Aug2025 20:19:45.587] [main/DEBUG] [mixin/]: Processing inject() for PlatformAgent[MixinPlatformAgentDefault:SecureJarResource(cupboard)]
[20Aug2025 20:19:45.587] [main/DEBUG] [mixin/]: Processing inject() for PlatformAgent[MixinPlatformAgentDefault:SecureJarResource(transition)]
[20Aug2025 20:19:45.587] [main/DEBUG] [mixin/]: Processing inject() for PlatformAgent[MixinPlatformAgentDefault:SecureJarResource(refurbished_furniture)]
[20Aug2025 20:19:45.588] [main/DEBUG] [mixin/]: Processing inject() for PlatformAgent[MixinPlatformAgentDefault:SecureJarResource(betterendisland)]
[20Aug2025 20:19:45.588] [main/DEBUG] [mixin/]: Processing inject() for PlatformAgent[MixinPlatformAgentDefault:SecureJarResource(framework)]
[20Aug2025 20:19:45.588] [main/DEBUG] [mixin/]: Processing inject() for PlatformAgent[MixinPlatformAgentDefault:SecureJarResource(t_and_t)]
[20Aug2025 20:19:45.588] [main/DEBUG] [mixin/]: Processing inject() for PlatformAgent[MixinPlatformAgentDefault:SecureJarResource(playerrevive)]
[20Aug2025 20:19:45.588] [main/DEBUG] [mixin/]: Processing inject() for PlatformAgent[MixinPlatformAgentDefault:SecureJarResource(enchantinginfuser)]
[20Aug2025 20:19:45.588] [main/DEBUG] [mixin/]: Processing inject() for PlatformAgent[MixinPlatformAgentDefault:SecureJarResource(mcwlights)]
[20Aug2025 20:19:45.589] [main/DEBUG] [mixin/]: Processing inject() for PlatformAgent[MixinPlatformAgentDefault:SecureJarResource(doubledoors)]
[20Aug2025 20:19:45.589] [main/DEBUG] [mixin/]: Processing inject() for PlatformAgent[MixinPlatformAgentDefault:SecureJarResource(fastload)]
[20Aug2025 20:19:45.589] [main/DEBUG] [mixin/]: Processing inject() for PlatformAgent[MixinPlatformAgentDefault:SecureJarResource(mca)]
[20Aug2025 20:19:45.589] [main/DEBUG] [mixin/]: Processing inject() for PlatformAgent[MixinPlatformAgentDefault:SecureJarResource(jei)]
[20Aug2025 20:19:45.589] [main/DEBUG] [mixin/]: Processing inject() for PlatformAgent[MixinPlatformAgentDefault:SecureJarResource(lithostitched)]
[20Aug2025 20:19:45.590] [main/DEBUG] [mixin/]: Processing inject() for PlatformAgent[MixinPlatformAgentDefault:SecureJarResource(goblintraders)]
[20Aug2025 20:19:45.590] [main/DEBUG] [mixin/]: Processing inject() for PlatformAgent[MixinPlatformAgentDefault:SecureJarResource(trender)]
[20Aug2025 20:19:45.590] [main/DEBUG] [mixin/]: Processing inject() for PlatformAgent[MixinPlatformAgentDefault:SecureJarResource(waystones)]
[20Aug2025 20:19:45.590] [main/DEBUG] [mixin/]: Processing inject() for PlatformAgent[MixinPlatformAgentDefault:SecureJarResource(structory)]
[20Aug2025 20:19:45.590] [main/DEBUG] [mixin/]: Processing inject() for PlatformAgent[MixinPlatformAgentDefault:SecureJarResource(clumps)]
[20Aug2025 20:19:45.590] [main/DEBUG] [mixin/]: Processing inject() for PlatformAgent[MixinPlatformAgentDefault:SecureJarResource(journeymap)]
[20Aug2025 20:19:45.590] [main/DEBUG] [mixin/]: Processing inject() for PlatformAgent[MixinPlatformAgentDefault:SecureJarResource(artifacts)]
[20Aug2025 20:19:45.590] [main/DEBUG] [mixin/]: Processing inject() for PlatformAgent[MixinPlatformAgentDefault:SecureJarResource(mr_lukis_grandcapitals)]
[20Aug2025 20:19:45.590] [main/DEBUG] [mixin/]: Processing inject() for PlatformAgent[MixinPlatformAgentDefault:SecureJarResource(glitchcore)]
[20Aug2025 20:19:45.590] [main/DEBUG] [mixin/]: Processing inject() for PlatformAgent[MixinPlatformAgentDefault:SecureJarResource(fusion)]
[20Aug2025 20:19:45.590] [main/DEBUG] [mixin/]: Processing inject() for PlatformAgent[MixinPlatformAgentDefault:SecureJarResource(skinlayers3d)]
[20Aug2025 20:19:45.590] [main/DEBUG] [mixin/]: Processing inject() for PlatformAgent[MixinPlatformAgentDefault:SecureJarResource(forge)]
[20Aug2025 20:19:45.590] [main/DEBUG] [mixin/]: Processing inject() for PlatformAgent[MixinPlatformAgentDefault:SecureJarResource(tlskincape)]
[20Aug2025 20:19:45.590] [main/DEBUG] [mixin/]: Processing inject() for PlatformAgent[MixinPlatformAgentDefault:SecureJarResource(infernalmobs)]
[20Aug2025 20:19:45.590] [main/DEBUG] [mixin/]: Processing inject() for PlatformAgent[MixinPlatformAgentDefault:SecureJarResource(dungeons_arise)]
[20Aug2025 20:19:45.590] [main/DEBUG] [mixin/]: Processing inject() for PlatformAgent[MixinPlatformAgentDefault:SecureJarResource(useless_sword)]
[20Aug2025 20:19:45.590] [main/DEBUG] [mixin/]: Processing inject() for PlatformAgent[MixinPlatformAgentDefault:SecureJarResource(minecraft)]
[20Aug2025 20:19:45.590] [main/DEBUG] [mixin/]: Processing inject() for PlatformAgent[MixinPlatformAgentDefault:SecureJarResource(sons_of_sins)]
[20Aug2025 20:19:45.590] [main/DEBUG] [mixin/]: Processing inject() for PlatformAgent[MixinPlatformAgentDefault:SecureJarResource(enchdesc)]
[20Aug2025 20:19:45.591] [main/DEBUG] [mixin/]: Processing inject() for PlatformAgent[MixinPlatformAgentDefault:SecureJarResource(terrablender)]
[20Aug2025 20:19:45.591] [main/DEBUG] [mixin/]: Processing inject() for PlatformAgent[MixinPlatformAgentDefault:SecureJarResource(jade)]
[20Aug2025 20:19:45.591] [main/DEBUG] [mixin/]: Processing inject() for PlatformAgent[MixinPlatformAgentDefault:SecureJarResource(creativecore)]
[20Aug2025 20:19:45.591] [main/DEBUG] [mixin/]: Processing inject() for PlatformAgent[MixinPlatformAgentDefault:SecureJarResource(kotlinforforge)]
[20Aug2025 20:19:45.591] [main/DEBUG] [mixin/]: Processing inject() for PlatformAgent[MixinPlatformAgentDefault:SecureJarResource(notenoughanimations)]
[20Aug2025 20:19:45.591] [main/DEBUG] [mixin/]: Processing inject() for PlatformAgent[MixinPlatformAgentDefault:SecureJarResource(iceberg)]
[20Aug2025 20:19:45.591] [main/DEBUG] [mixin/]: Processing inject() for PlatformAgent[MixinPlatformAgentDefault:SecureJarResource(brutalbosses)]
[20Aug2025 20:19:45.591] [main/DEBUG] [mixin/]: Processing inject() for PlatformAgent[MixinPlatformAgentDefault:SecureJarResource(fastbench)]
[20Aug2025 20:19:45.591] [main/DEBUG] [mixin/]: Processing inject() for PlatformAgent[MixinPlatformAgentDefault:SecureJarResource(securitycraft)]
[20Aug2025 20:19:45.591] [main/DEBUG] [mixin/]: Processing inject() for PlatformAgent[MixinPlatformAgentDefault:SecureJarResource(coroutil)]
[20Aug2025 20:19:45.591] [main/DEBUG] [mixin/]: Processing inject() for PlatformAgent[MixinPlatformAgentDefault:SecureJarResource(fastfurnace)]
[20Aug2025 20:19:45.591] [main/DEBUG] [mixin/]: Processing inject() for PlatformAgent[MixinPlatformAgentDefault:SecureJarResource(appleskin)]
[20Aug2025 20:19:45.591] [main/DEBUG] [mixin/]: Processing inject() for PlatformAgent[MixinPlatformAgentDefault:SecureJarResource(ferritecore)]
[20Aug2025 20:19:45.591] [main/DEBUG] [mixin/]: Processing inject() for PlatformAgent[MixinPlatformAgentDefault:SecureJarResource(connectedglass)]
[20Aug2025 20:19:45.591] [main/DEBUG] [mixin/]: Processing inject() for PlatformAgent[MixinPlatformAgentDefault:SecureJarResource(puzzleslib)]
[20Aug2025 20:19:45.591] [main/DEBUG] [mixin/]: Processing inject() for PlatformAgent[MixinPlatformAgentDefault:SecureJarResource(justzoom)]
[20Aug2025 20:19:45.591] [main/DEBUG] [mixin/]: Processing inject() for PlatformAgent[MixinPlatformAgentDefault:SecureJarResource(betterf3)]
[20Aug2025 20:19:45.591] [main/DEBUG] [mixin/]: Processing inject() for PlatformAgent[MixinPlatformAgentDefault:SecureJarResource(expandability)]
[20Aug2025 20:19:45.591] [main/DEBUG] [mixin/]: Processing inject() for PlatformAgent[MixinPlatformAgentDefault:SecureJarResource(overflowingbars)]
[20Aug2025 20:19:45.591] [main/DEBUG] [mixin/]: Processing inject() for PlatformAgent[MixinPlatformAgentDefault:SecureJarResource(drinkbeer)]
[20Aug2025 20:19:45.591] [main/DEBUG] [mixin/]: Processing inject() for PlatformAgent[MixinPlatformAgentDefault:SecureJarResource(cristellib)]
[20Aug2025 20:19:45.591] [main/DEBUG] [mixin/]: Processing inject() for PlatformAgent[MixinPlatformAgentDefault:SecureJarResource(tomlkt.jvm)]
[20Aug2025 20:19:45.591] [main/DEBUG] [mixin/]: Processing inject() for PlatformAgent[MixinPlatformAgentDefault:SecureJarResource(jankson)]
[20Aug2025 20:19:45.591] [main/DEBUG] [mixin/]: Processing inject() for PlatformAgent[MixinPlatformAgentDefault:SecureJarResource(thedarkcolour.kotlinforforge.kfflib)]
[20Aug2025 20:19:45.591] [main/DEBUG] [mixin/]: Processing inject() for PlatformAgent[MixinPlatformAgentDefault:SecureJarResource(MixinExtras)]
[20Aug2025 20:19:45.617] [main/DEBUG] [mixin/]: Error cleaning class output directory: .mixin.out
[20Aug2025 20:19:45.619] [main/DEBUG] [mixin/]: Preparing mixins for MixinEnvironment[PREINIT]
[20Aug2025 20:19:45.626] [main/INFO] [mixin/]: Successfully loaded Mixin Connector [tictim.paraglider.MixinConnector]
[20Aug2025 20:19:45.627] [main/INFO] [mixin/]: Successfully loaded Mixin Connector [de.maxhenkel.camera.MixinConnector]
[20Aug2025 20:19:45.629] [main/INFO] [mixin/]: Successfully loaded Mixin Connector [org.tlauncher.MixinConnector]
[20Aug2025 20:19:45.635] [main/DEBUG] [mixin/]: Compatibility level JAVA_16 specified by tlskincape-mixins.json is higher than the maximum level supported by this version of mixin (JAVA_13).
[20Aug2025 20:19:45.637] [main/INFO] [cpw.mods.modlauncher.LaunchServiceHandler/MODLAUNCHER]: Launching target 'forgeserver' with arguments [nogui]
[20Aug2025 20:19:45.640] [main/DEBUG] [mixin/]: Preparing mixins for MixinEnvironment[DEFAULT]
[20Aug2025 20:19:45.640] [main/DEBUG] [mixin/]: Selecting config kuma_api.mixins.json
[20Aug2025 20:19:45.644] [main/DEBUG] [mixin/]: Selecting config kuma_api.forge.mixins.json
[20Aug2025 20:19:45.646] [main/DEBUG] [mixin/]: Selecting config subtle_effects.mixins.json
[20Aug2025 20:19:45.650] [main/DEBUG] [mixin/]: Selecting config subtle_effects.forge.mixins.json
[20Aug2025 20:19:45.653] [main/DEBUG] [mixin/]: Selecting config mixins.hammerlib.json
[20Aug2025 20:19:45.656] [main/DEBUG] [mixin/]: Selecting config prism.mixins.json
[20Aug2025 20:19:45.657] [main/DEBUG] [mixin/]: Selecting config placebo.mixins.json
[20Aug2025 20:19:45.659] [main/DEBUG] [mixin/]: Selecting config citadel.mixins.json
[20Aug2025 20:19:45.660] [main/DEBUG] [mixin/]: Selecting config yungsapi.mixins.json
[20Aug2025 20:19:45.663] [main/DEBUG] [mixin/]: Selecting config yungsapi_forge.mixins.json
[20Aug2025 20:19:45.665] [main/DEBUG] [mixin/]: Selecting config mixinextras.init.mixins.json
[20Aug2025 20:19:45.702] [main/DEBUG] [MixinExtras|Service/]: com.llamalad7.mixinextras.service.MixinExtrasServiceImpl(version=0.4.1) is taking over from null
[20Aug2025 20:19:45.792] [main/DEBUG] [mixin/]: Registering new injector for @Inject with org.spongepowered.asm.mixin.injection.struct.CallbackInjectionInfo
[20Aug2025 20:19:45.794] [main/DEBUG] [mixin/]: Registering new injector for @ModifyArg with org.spongepowered.asm.mixin.injection.struct.ModifyArgInjectionInfo
[20Aug2025 20:19:45.795] [main/DEBUG] [mixin/]: Registering new injector for @ModifyArgs with org.spongepowered.asm.mixin.injection.struct.ModifyArgsInjectionInfo
[20Aug2025 20:19:45.796] [main/DEBUG] [mixin/]: Registering new injector for @Redirect with org.spongepowered.asm.mixin.injection.struct.RedirectInjectionInfo
[20Aug2025 20:19:45.797] [main/DEBUG] [mixin/]: Registering new injector for @ModifyVariable with org.spongepowered.asm.mixin.injection.struct.ModifyVariableInjectionInfo
[20Aug2025 20:19:45.798] [main/DEBUG] [mixin/]: Registering new injector for @ModifyConstant with org.spongepowered.asm.mixin.injection.struct.ModifyConstantInjectionInfo
[20Aug2025 20:19:45.811] [main/DEBUG] [mixin/]: Selecting config bookshelf.common.mixins.json
[20Aug2025 20:19:45.813] [main/DEBUG] [mixin/]: Selecting config bookshelf.forge.mixins.json
[20Aug2025 20:19:45.815] [main/DEBUG] [mixin/]: Selecting config pickupnotifier.common.mixins.json
[20Aug2025 20:19:45.818] [main/DEBUG] [mixin/]: Selecting config balm.mixins.json
[20Aug2025 20:19:45.820] [main/DEBUG] [mixin/]: Selecting config carryon.mixins.json
[20Aug2025 20:19:45.823] [main/DEBUG] [mixin/]: Selecting config carryon.forge.mixins.json
[20Aug2025 20:19:45.824] [main/DEBUG] [mixin/]: Selecting config chat_heads.mixins.json
[20Aug2025 20:19:45.827] [main/DEBUG] [mixin/]: Selecting config chat_heads.forge.mixins.json
[20Aug2025 20:19:45.830] [main/DEBUG] [mixin/]: Selecting config shieldexp.mixins.json
[20Aug2025 20:19:45.831] [main/DEBUG] [mixin/]: Selecting config betterfortresses.mixins.json
[20Aug2025 20:19:45.833] [main/DEBUG] [mixin/]: Selecting config betterfortresses_forge.mixins.json
[20Aug2025 20:19:45.835] [main/DEBUG] [mixin/]: Selecting config stackrefill_forge.mixins.json
[20Aug2025 20:19:45.839] [main/DEBUG] [mixin/]: Selecting config konkrete.mixin.json
[20Aug2025 20:19:45.841] [main/DEBUG] [mixin/]: Selecting config betterpingdisplay.mixins.json
[20Aug2025 20:19:45.843] [main/DEBUG] [mixin/]: Selecting config supermartijn642corelib.mixins.json
[20Aug2025 20:19:45.845] [main/DEBUG] [mixin/]: Selecting config yungsbridges.mixins.json
[20Aug2025 20:19:45.847] [main/DEBUG] [mixin/]: Selecting config yungsbridges_forge.mixins.json
[20Aug2025 20:19:45.848] [main/DEBUG] [mixin/]: Selecting config lionfishapi.mixins.json
[20Aug2025 20:19:45.850] [main/DEBUG] [mixin/]: Selecting config highlighter.mixins.json
[20Aug2025 20:19:45.852] [main/DEBUG] [mixin/]: Selecting config mixins.improvableskills.json
[20Aug2025 20:19:45.854] [main/DEBUG] [mixin/]: Selecting config curios.mixins.json
[20Aug2025 20:19:45.855] [main/DEBUG] [mixin/]: Selecting config collective_forge.mixins.json
[20Aug2025 20:19:45.857] [main/DEBUG] [mixin/]: Selecting config betterstrongholds.mixins.json
[20Aug2025 20:19:45.859] [main/DEBUG] [mixin/]: Selecting config betterstrongholds_forge.mixins.json
[20Aug2025 20:19:45.860] [main/DEBUG] [mixin/]: Selecting config tombstone.mixins.json
[20Aug2025 20:19:45.862] [main/DEBUG] [mixin/]: Selecting config architectury.mixins.json
[20Aug2025 20:19:45.865] [main/DEBUG] [mixin/]: Selecting config architectury-common.mixins.json
[20Aug2025 20:19:45.867] [main/DEBUG] [mixin/]: Selecting config cupboard.mixins.json
[20Aug2025 20:19:45.868] [main/DEBUG] [mixin/]: Selecting config transition.mixins.json
[20Aug2025 20:19:45.870] [main/DEBUG] [mixin/]: Selecting config refurbished_furniture.common.mixins.json
[20Aug2025 20:19:45.871] [main/DEBUG] [mixin/]: Selecting config betterendisland.mixins.json
[20Aug2025 20:19:45.873] [main/DEBUG] [mixin/]: Selecting config betterendisland_forge.mixins.json
[20Aug2025 20:19:45.875] [main/DEBUG] [mixin/]: Selecting config playerrevive.mixins.json
[20Aug2025 20:19:45.876] [main/DEBUG] [mixin/]: Selecting config doubledoors_forge.mixins.json
[20Aug2025 20:19:45.878] [main/DEBUG] [mixin/]: Selecting config fastload.mixins.json
[20Aug2025 20:19:45.879] [main/DEBUG] [mixin/]: Selecting config forge-mca.mixin.json
[20Aug2025 20:19:45.882] [main/DEBUG] [mixin/]: Selecting config lithostitched.mixins.json
[20Aug2025 20:19:45.884] [main/DEBUG] [mixin/]: Selecting config lithostitched.forge.mixins.json
[20Aug2025 20:19:45.886] [main/DEBUG] [mixin/]: Selecting config goblintraders.common.mixins.json
[20Aug2025 20:19:45.888] [main/DEBUG] [mixin/]: Selecting config trender.mixins.json
[20Aug2025 20:19:45.890] [main/DEBUG] [mixin/]: Selecting config waystones.mixins.json
[20Aug2025 20:19:45.892] [main/DEBUG] [mixin/]: Selecting config clumps.mixins.json
[20Aug2025 20:19:45.894] [main/DEBUG] [mixin/]: Selecting config journeymap.mixins.json
[20Aug2025 20:19:45.895] [main/DEBUG] [mixin/]: Selecting config mixins.artifacts.common.json
[20Aug2025 20:19:45.897] [main/DEBUG] [mixin/]: Selecting config mixins.artifacts.forge.json
[20Aug2025 20:19:45.898] [main/DEBUG] [mixin/]: Selecting config glitchcore.mixins.json
[20Aug2025 20:19:45.900] [main/DEBUG] [mixin/]: Selecting config glitchcore.forge.mixins.json
[20Aug2025 20:19:45.902] [main/DEBUG] [mixin/]: Selecting config fusion.mixins.json
[20Aug2025 20:19:45.903] [main/DEBUG] [mixin/]: Selecting config skinlayers3d.mixins.json
[20Aug2025 20:19:45.905] [main/DEBUG] [mixin/]: Selecting config terrablender.mixins.json
[20Aug2025 20:19:45.906] [main/DEBUG] [mixin/]: Selecting config terrablender_forge.mixins.json
[20Aug2025 20:19:45.908] [main/DEBUG] [mixin/]: Selecting config jade.mixins.json
[20Aug2025 20:19:45.910] [main/DEBUG] [mixin/]: Selecting config creativecore.mixins.json
[20Aug2025 20:19:45.912] [main/DEBUG] [mixin/]: Selecting config creativecore.forge.mixins.json
[20Aug2025 20:19:45.914] [main/DEBUG] [mixin/]: Selecting config notenoughanimations.mixins.json
[20Aug2025 20:19:45.917] [main/DEBUG] [mixin/]: Selecting config iceberg.mixins.json
[20Aug2025 20:19:45.920] [main/DEBUG] [mixin/]: Selecting config brutalbosses.mixins.json
[20Aug2025 20:19:45.922] [main/DEBUG] [mixin/]: Selecting config fastbench.mixins.json
[20Aug2025 20:19:45.924] [main/DEBUG] [mixin/]: Selecting config securitycraft.mixins.json
[20Aug2025 20:19:45.926] [main/DEBUG] [mixin/]: Selecting config coroutil.mixins.json
[20Aug2025 20:19:45.929] [main/WARN] [mixin/]: Reference map 'coroutil.refmap.json' for coroutil.mixins.json could not be read. If this is a development environment you can ignore this message
[20Aug2025 20:19:45.929] [main/DEBUG] [mixin/]: Selecting config fastfurnace.mixins.json
[20Aug2025 20:19:45.931] [main/DEBUG] [mixin/]: Selecting config ferritecore.predicates.mixin.json
[20Aug2025 20:19:45.947] [main/DEBUG] [mixin/]: Selecting config ferritecore.fastmap.mixin.json
[20Aug2025 20:19:45.950] [main/DEBUG] [mixin/]: Selecting config ferritecore.mrl.mixin.json
[20Aug2025 20:19:45.952] [main/DEBUG] [mixin/]: Selecting config ferritecore.dedupmultipart.mixin.json
[20Aug2025 20:19:45.954] [main/DEBUG] [mixin/]: Selecting config ferritecore.blockstatecache.mixin.json
[20Aug2025 20:19:45.957] [main/DEBUG] [mixin/]: Selecting config ferritecore.dedupbakedquad.mixin.json
[20Aug2025 20:19:45.959] [main/DEBUG] [mixin/]: Selecting config ferritecore.threaddetec.mixin.json
[20Aug2025 20:19:45.961] [main/DEBUG] [mixin/]: Selecting config ferritecore.modelsides.mixin.json
[20Aug2025 20:19:45.964] [main/DEBUG] [mixin/]: Selecting config puzzleslib.common.mixins.json
[20Aug2025 20:19:45.968] [main/DEBUG] [mixin/]: Selecting config puzzleslib.forge.mixins.json
[20Aug2025 20:19:45.969] [main/DEBUG] [mixin/]: Selecting config justzoom.mixins.json
[20Aug2025 20:19:45.972] [main/DEBUG] [mixin/]: Selecting config justzoom.forge.mixins.json
[20Aug2025 20:19:45.973] [main/DEBUG] [mixin/]: Selecting config betterf3.mixins.json
[20Aug2025 20:19:45.975] [main/DEBUG] [mixin/]: Selecting config betterf3.forge.mixins.json
[20Aug2025 20:19:45.976] [main/DEBUG] [mixin/]: Selecting config expandability.mixins.json
[20Aug2025 20:19:45.978] [main/DEBUG] [mixin/]: Selecting config expandability-common.mixins.json
[20Aug2025 20:19:45.980] [main/DEBUG] [mixin/]: Selecting config overflowingbars.common.mixins.json
[20Aug2025 20:19:45.983] [main/DEBUG] [mixin/]: Selecting config drinkbeer.mixins.json
[20Aug2025 20:19:45.984] [main/DEBUG] [mixin/]: Selecting config cristellib-common.mixins.json
[20Aug2025 20:19:45.986] [main/WARN] [mixin/]: Reference map 'cristellib-common-refmap.json' for cristellib-common.mixins.json could not be read. If this is a development environment you can ignore this message
[20Aug2025 20:19:45.986] [main/DEBUG] [mixin/]: Selecting config cristellib.mixins.json
[20Aug2025 20:19:45.988] [main/WARN] [mixin/]: Reference map 'cristellib-forge-refmap.json' for cristellib.mixins.json could not be read. If this is a development environment you can ignore this message
[20Aug2025 20:19:45.989] [main/DEBUG] [mixin/]: Selecting config assets/paraglider/mixin.json
[20Aug2025 20:19:45.990] [main/DEBUG] [mixin/]: Selecting config assets/camera/camera.mixins.json
[20Aug2025 20:19:45.992] [main/DEBUG] [mixin/]: Selecting config tlskincape-mixins.json
[20Aug2025 20:19:45.994] [main/DEBUG] [mixin/]: Preparing kuma_api.mixins.json (1)
[20Aug2025 20:19:45.994] [main/DEBUG] [mixin/]: Preparing kuma_api.forge.mixins.json (0)
[20Aug2025 20:19:45.994] [main/DEBUG] [mixin/]: Preparing subtle_effects.mixins.json (59)
[20Aug2025 20:19:46.095] [main/DEBUG] [mixin/]: Preparing subtle_effects.forge.mixins.json (3)
[20Aug2025 20:19:46.095] [main/DEBUG] [mixin/]: Preparing mixins.hammerlib.json (32)
[20Aug2025 20:19:46.176] [main/DEBUG] [net.minecraftforge.coremod.transformer.CoreModBaseTransformer/COREMOD]: Transforming m_41622_ with desc (ILnet/minecraft/world/entity/LivingEntity;Ljava/util/function/Consumer;)V
[20Aug2025 20:19:46.224] [main/DEBUG] [net.minecraftforge.coremod.transformer.CoreModBaseTransformer/COREMOD]: Transforming net/minecraft/world/item/ItemStack
[20Aug2025 20:19:46.238] [main/DEBUG] [net.minecraftforge.coremod.transformer.CoreModBaseTransformer/COREMOD]: Transforming getEnchantmentLevel with desc (Lnet/minecraft/world/item/enchantment/Enchantment;)I
[20Aug2025 20:19:46.248] [main/INFO] [net.minecraftforge.coremod.CoreMod.placebo/COREMODLOG]: Patching IForgeItemStack#getEnchantmentLevel
[20Aug2025 20:19:46.254] [main/DEBUG] [net.minecraftforge.coremod.transformer.CoreModBaseTransformer/COREMOD]: Transforming getAllEnchantments with desc ()Ljava/util/Map;
[20Aug2025 20:19:46.260] [main/INFO] [net.minecraftforge.coremod.CoreMod.placebo/COREMODLOG]: Patching IForgeItemStack#getEnchantmentLevel
[20Aug2025 20:19:46.337] [main/WARN] [mixin/]: Error loading class: dev/latvian/mods/kubejs/recipe/RecipesEventJS (java.lang.ClassNotFoundException: dev.latvian.mods.kubejs.recipe.RecipesEventJS)
[20Aug2025 20:19:46.337] [main/WARN] [mixin/]: @Mixin target dev.latvian.mods.kubejs.recipe.RecipesEventJS was not found mixins.hammerlib.json:bs.kubejs.RecipeEventJSMixin
[20Aug2025 20:19:46.337] [main/DEBUG] [mixin/]: Preparing prism.mixins.json (1)
[20Aug2025 20:19:46.337] [main/DEBUG] [mixin/]: Preparing placebo.mixins.json (6)
[20Aug2025 20:19:46.348] [main/DEBUG] [mixin/]: Preparing citadel.mixins.json (15)
[20Aug2025 20:19:46.383] [main/DEBUG] [mixin/]: Preparing yungsapi.mixins.json (10)
[20Aug2025 20:19:46.388] [main/DEBUG] [yungsapi/]: Loaded com.yungnickyoung.minecraft.yungsapi.services.ForgePlatformHelper@6e807e2 for service interface com.yungnickyoung.minecraft.yungsapi.services.IPlatformHelper
[20Aug2025 20:19:46.390] [main/DEBUG] [yungsapi/]: Loaded com.yungnickyoung.minecraft.yungsapi.services.ForgeAutoRegisterHelper@19d53ab4 for service interface com.yungnickyoung.minecraft.yungsapi.services.IAutoRegisterHelper
[20Aug2025 20:19:46.391] [main/DEBUG] [yungsapi/]: Loaded com.yungnickyoung.minecraft.yungsapi.services.ForgeBlockEntityTypeHelper@652e345 for service interface com.yungnickyoung.minecraft.yungsapi.services.IBlockEntityTypeHelper
[20Aug2025 20:19:46.419] [main/DEBUG] [mixin/]: Preparing yungsapi_forge.mixins.json (1)
[20Aug2025 20:19:46.419] [main/DEBUG] [mixin/]: Preparing mixinextras.init.mixins.json (0)
[20Aug2025 20:19:46.420] [main/DEBUG] [mixin/]: Preparing bookshelf.common.mixins.json (23)
[20Aug2025 20:19:46.431] [main/DEBUG] [net.minecraftforge.coremod.transformer.CoreModBaseTransformer/COREMOD]: Transforming net/minecraft/world/effect/MobEffectInstance
[20Aug2025 20:19:46.507] [main/DEBUG] [mixin/]: Preparing bookshelf.forge.mixins.json (1)
[20Aug2025 20:19:46.510] [main/DEBUG] [mixin/]: Preparing pickupnotifier.common.mixins.json (3)
[20Aug2025 20:19:46.510] [main/DEBUG] [mixin/]: Preparing balm.mixins.json (16)
[20Aug2025 20:19:46.526] [main/DEBUG] [mixin/]: Preparing carryon.mixins.json (5)
[20Aug2025 20:19:46.547] [main/DEBUG] [mixin/]: Preparing carryon.forge.mixins.json (0)
[20Aug2025 20:19:46.547] [main/DEBUG] [mixin/]: Preparing chat_heads.mixins.json (14)
[20Aug2025 20:19:46.547] [main/DEBUG] [mixin/]: Preparing chat_heads.forge.mixins.json (4)
[20Aug2025 20:19:46.547] [main/DEBUG] [mixin/]: Preparing shieldexp.mixins.json (2)
[20Aug2025 20:19:46.557] [main/DEBUG] [mixin/]: Preparing betterfortresses.mixins.json (6)
[20Aug2025 20:19:46.587] [main/DEBUG] [mixin/]: Preparing betterfortresses_forge.mixins.json (0)
[20Aug2025 20:19:46.587] [main/DEBUG] [mixin/]: Preparing stackrefill_forge.mixins.json (0)
[20Aug2025 20:19:46.587] [main/DEBUG] [mixin/]: Preparing konkrete.mixin.json (5)
[20Aug2025 20:19:46.587] [main/DEBUG] [mixin/]: Preparing betterpingdisplay.mixins.json (2)
[20Aug2025 20:19:46.587] [main/DEBUG] [mixin/]: Preparing supermartijn642corelib.mixins.json (9)
[20Aug2025 20:19:46.608] [main/DEBUG] [mixin/]: Preparing yungsbridges.mixins.json (1)
[20Aug2025 20:19:46.632] [main/DEBUG] [mixin/]: Preparing yungsbridges_forge.mixins.json (0)
[20Aug2025 20:19:46.632] [main/DEBUG] [mixin/]: Preparing lionfishapi.mixins.json (2)
[20Aug2025 20:19:46.633] [main/DEBUG] [mixin/]: Preparing highlighter.mixins.json (4)
[20Aug2025 20:19:46.633] [main/DEBUG] [mixin/]: Preparing mixins.improvableskills.json (9)
[20Aug2025 20:19:46.650] [main/DEBUG] [net.minecraftforge.coremod.transformer.CoreModBaseTransformer/COREMOD]: Transforming net/minecraft/world/entity/npc/Villager
[20Aug2025 20:19:46.927] [main/WARN] [mixin/]: Error loading class: jeresources/api/util/LootConditionHelper (java.lang.ClassNotFoundException: jeresources.api.util.LootConditionHelper)
[20Aug2025 20:19:46.928] [main/WARN] [mixin/]: @Mixin target jeresources.api.util.LootConditionHelper was not found mixins.improvableskills.json:jer.LootConditionHelperMixin
[20Aug2025 20:19:46.928] [main/DEBUG] [mixin/]: Preparing curios.mixins.json (13)
[20Aug2025 20:19:46.943] [main/DEBUG] [mixin/]: Preparing collective_forge.mixins.json (5)
[20Aug2025 20:19:46.952] [main/DEBUG] [mixin/]: Preparing betterstrongholds.mixins.json (2)
[20Aug2025 20:19:46.954] [main/DEBUG] [mixin/]: Preparing betterstrongholds_forge.mixins.json (0)
[20Aug2025 20:19:46.954] [main/DEBUG] [mixin/]: Preparing tombstone.mixins.json (27)
[20Aug2025 20:19:46.985] [main/DEBUG] [mixin/]: Preparing architectury.mixins.json (8)
[20Aug2025 20:19:46.993] [main/DEBUG] [mixin/]: Preparing architectury-common.mixins.json (10)
[20Aug2025 20:19:47.002] [main/DEBUG] [net.minecraftforge.coremod.transformer.CoreModBaseTransformer/COREMOD]: Transforming net/minecraft/world/item/BucketItem
[20Aug2025 20:19:47.010] [main/DEBUG] [net.minecraftforge.coremod.transformer.CoreModBaseTransformer/COREMOD]: Transforming net/minecraft/world/entity/EntityType
[20Aug2025 20:19:47.102] [main/DEBUG] [net.minecraftforge.coremod.transformer.CoreModBaseTransformer/COREMOD]: Transforming net/minecraft/world/level/block/LiquidBlock
[20Aug2025 20:19:47.107] [main/DEBUG] [mixin/]: Preparing cupboard.mixins.json (5)
[20Aug2025 20:19:47.120] [main/DEBUG] [mixin/]: Preparing transition.mixins.json (3)
[20Aug2025 20:19:47.121] [main/DEBUG] [mixin/]: Preparing refurbished_furniture.common.mixins.json (12)
[20Aug2025 20:19:47.125] [main/DEBUG] [mixin/]: Preparing betterendisland.mixins.json (9)
[20Aug2025 20:19:47.144] [main/DEBUG] [mixin/]: Preparing betterendisland_forge.mixins.json (0)
[20Aug2025 20:19:47.144] [main/DEBUG] [mixin/]: Preparing playerrevive.mixins.json (5)
[20Aug2025 20:19:47.147] [main/DEBUG] [mixin/]: Preparing doubledoors_forge.mixins.json (3)
[20Aug2025 20:19:47.156] [main/DEBUG] [mixin/]: Preparing fastload.mixins.json (7)
[20Aug2025 20:19:47.157] [main/DEBUG] [mixin/]: Preparing forge-mca.mixin.json (30)
[20Aug2025 20:19:47.203] [main/DEBUG] [net.minecraftforge.coremod.transformer.CoreModBaseTransformer/COREMOD]: Transforming net/minecraft/world/entity/monster/Zombie
[20Aug2025 20:19:47.290] [main/DEBUG] [net.minecraftforge.coremod.transformer.CoreModBaseTransformer/COREMOD]: Transforming net/minecraft/world/entity/monster/ZombieVillager
[20Aug2025 20:19:47.346] [main/DEBUG] [mixin/]: Preparing lithostitched.mixins.json (18)
[20Aug2025 20:19:47.420] [main/DEBUG] [net.minecraftforge.coremod.transformer.CoreModBaseTransformer/COREMOD]: Transforming net/minecraft/world/level/levelgen/structure/templatesystem/StructureTemplate
[20Aug2025 20:19:47.553] [main/DEBUG] [mixin/]: Preparing lithostitched.forge.mixins.json (1)
[20Aug2025 20:19:47.555] [main/DEBUG] [mixin/]: Preparing goblintraders.common.mixins.json (5)
[20Aug2025 20:19:47.564] [main/DEBUG] [mixin/]: Preparing trender.mixins.json (3)
[20Aug2025 20:19:47.564] [main/DEBUG] [mixin/]: Preparing waystones.mixins.json (3)
[20Aug2025 20:19:47.567] [main/DEBUG] [mixin/]: Preparing clumps.mixins.json (2)
[20Aug2025 20:19:47.570] [main/DEBUG] [mixin/]: Preparing journeymap.mixins.json (3)
[20Aug2025 20:19:47.570] [main/DEBUG] [mixin/]: Preparing mixins.artifacts.common.json (20)
[20Aug2025 20:19:47.577] [main/DEBUG] [net.minecraftforge.coremod.transformer.CoreModBaseTransformer/COREMOD]: Transforming net/minecraft/world/level/NaturalSpawner
[20Aug2025 20:19:47.640] [main/DEBUG] [mixin/]: Preparing mixins.artifacts.forge.json (3)
[20Aug2025 20:19:47.643] [main/DEBUG] [mixin/]: Preparing glitchcore.mixins.json (4)
[20Aug2025 20:19:47.644] [main/DEBUG] [mixin/]: Preparing glitchcore.forge.mixins.json (7)
[20Aug2025 20:19:47.648] [main/DEBUG] [mixin/]: Preparing fusion.mixins.json (12)
[20Aug2025 20:19:47.648] [main/DEBUG] [mixin/]: Preparing skinlayers3d.mixins.json (12)
[20Aug2025 20:19:47.648] [main/DEBUG] [mixin/]: Preparing terrablender.mixins.json (7)
[20Aug2025 20:19:47.660] [main/DEBUG] [mixin/]: Preparing terrablender_forge.mixins.json (0)
[20Aug2025 20:19:47.660] [main/DEBUG] [mixin/]: Preparing jade.mixins.json (2)
[20Aug2025 20:19:47.660] [main/DEBUG] [mixin/]: Preparing creativecore.mixins.json (8)
[20Aug2025 20:19:47.685] [main/DEBUG] [mixin/]: Preparing creativecore.forge.mixins.json (3)
[20Aug2025 20:19:47.688] [main/DEBUG] [mixin/]: Preparing notenoughanimations.mixins.json (12)
[20Aug2025 20:19:47.689] [main/DEBUG] [mixin/]: Preparing iceberg.mixins.json (7)
[20Aug2025 20:19:47.695] [main/DEBUG] [mixin/]: Preparing brutalbosses.mixins.json (11)
[20Aug2025 20:19:47.708] [main/DEBUG] [mixin/]: Preparing fastbench.mixins.json (4)
[20Aug2025 20:19:47.713] [main/WARN] [mixin/]: Error loading class: vazkii/quark/addons/oddities/inventory/BackpackMenu (java.lang.ClassNotFoundException: vazkii.quark.addons.oddities.inventory.BackpackMenu)
[20Aug2025 20:19:47.714] [main/DEBUG] [mixin/]: Skipping virtual target vazkii.quark.addons.oddities.inventory.BackpackMenu for fastbench.mixins.json:MixinBackpackMenu
[20Aug2025 20:19:47.715] [main/WARN] [mixin/]: Error loading class: net/minecraft/client/gui/screens/inventory/CraftingScreen (java.lang.ClassNotFoundException: net.minecraft.client.gui.screens.inventory.CraftingScreen)
[20Aug2025 20:19:47.715] [main/WARN] [mixin/]: @Mixin target net.minecraft.client.gui.screens.inventory.CraftingScreen was not found fastbench.mixins.json:MixinCraftingScreen
[20Aug2025 20:19:47.716] [main/DEBUG] [mixin/]: Preparing securitycraft.mixins.json (23)
[20Aug2025 20:19:47.745] [main/DEBUG] [mixin/]: Preparing coroutil.mixins.json (0)
[20Aug2025 20:19:47.745] [main/DEBUG] [mixin/]: Preparing fastfurnace.mixins.json (1)
[20Aug2025 20:19:47.746] [main/DEBUG] [mixin/]: Preparing ferritecore.predicates.mixin.json (3)
[20Aug2025 20:19:47.746] [main/DEBUG] [mixin/]: Preparing ferritecore.fastmap.mixin.json (1)
[20Aug2025 20:19:47.749] [main/DEBUG] [mixin/]: Preparing ferritecore.mrl.mixin.json (2)
[20Aug2025 20:19:47.749] [main/DEBUG] [mixin/]: Preparing ferritecore.dedupmultipart.mixin.json (2)
[20Aug2025 20:19:47.749] [main/DEBUG] [mixin/]: Preparing ferritecore.blockstatecache.mixin.json (8)
[20Aug2025 20:19:47.766] [main/DEBUG] [mixin/]: Preparing ferritecore.dedupbakedquad.mixin.json (2)
[20Aug2025 20:19:47.767] [main/DEBUG] [mixin/]: Preparing ferritecore.threaddetec.mixin.json (1)
[20Aug2025 20:19:47.768] [main/DEBUG] [mixin/]: Preparing ferritecore.modelsides.mixin.json (1)
[20Aug2025 20:19:47.768] [main/DEBUG] [mixin/]: Preparing puzzleslib.common.mixins.json (1)
[20Aug2025 20:19:47.768] [main/DEBUG] [mixin/]: Preparing puzzleslib.forge.mixins.json (9)
[20Aug2025 20:19:47.775] [main/DEBUG] [mixin/]: Preparing justzoom.mixins.json (5)
[20Aug2025 20:19:47.775] [main/DEBUG] [mixin/]: Preparing justzoom.forge.mixins.json (0)
[20Aug2025 20:19:47.776] [main/DEBUG] [mixin/]: Preparing betterf3.mixins.json (10)
[20Aug2025 20:19:47.776] [main/DEBUG] [mixin/]: Preparing betterf3.forge.mixins.json (1)
[20Aug2025 20:19:47.776] [main/DEBUG] [mixin/]: Preparing expandability.mixins.json (4)
[20Aug2025 20:19:47.777] [main/DEBUG] [mixin/]: Preparing expandability-common.mixins.json (9)
[20Aug2025 20:19:47.783] [main/DEBUG] [mixin/]: Preparing overflowingbars.common.mixins.json (2)
[20Aug2025 20:19:47.783] [main/DEBUG] [mixin/]: Preparing cristellib-common.mixins.json (0)
[20Aug2025 20:19:47.783] [main/DEBUG] [mixin/]: Preparing cristellib.mixins.json (0)
[20Aug2025 20:19:47.783] [main/DEBUG] [mixin/]: Preparing assets/paraglider/mixin.json (4)
[20Aug2025 20:19:47.789] [main/DEBUG] [net.minecraftforge.coremod.transformer.CoreModBaseTransformer/COREMOD]: Transforming net/minecraft/world/entity/raid/Raid
[20Aug2025 20:19:47.910] [main/DEBUG] [mixin/]: Preparing assets/camera/camera.mixins.json (1)
[20Aug2025 20:19:47.913] [main/DEBUG] [mixin/]: Preparing tlskincape-mixins.json (4)
[20Aug2025 20:19:47.925] [main/ERROR] [net.minecraftforge.fml.loading.RuntimeDistCleaner/DISTXFORM]: Attempted to load class net/minecraft/client/player/AbstractClientPlayer for invalid dist DEDICATED_SERVER
[20Aug2025 20:19:47.926] [main/WARN] [mixin/]: Error loading class: net/minecraft/client/player/AbstractClientPlayer (java.lang.RuntimeException: Attempted to load class net/minecraft/client/player/AbstractClientPlayer for invalid dist DEDICATED_SERVER)
[20Aug2025 20:19:47.927] [main/WARN] [mixin/]: @Mixin target net.minecraft.client.player.AbstractClientPlayer was not found tlskincape-mixins.json:MixinAbstractPlayer
[20Aug2025 20:19:47.941] [main/ERROR] [net.minecraftforge.fml.loading.RuntimeDistCleaner/DISTXFORM]: Attempted to load class net/minecraft/client/gui/screens/TitleScreen for invalid dist DEDICATED_SERVER
[20Aug2025 20:19:47.944] [main/WARN] [mixin/]: Error loading class: net/minecraft/client/gui/screens/TitleScreen (java.lang.RuntimeException: Attempted to load class net/minecraft/client/gui/screens/TitleScreen for invalid dist DEDICATED_SERVER)
[20Aug2025 20:19:47.944] [main/WARN] [mixin/]: @Mixin target net.minecraft.client.gui.screens.TitleScreen was not found tlskincape-mixins.json:MixinMainMenu
[20Aug2025 20:19:47.946] [main/WARN] [mixin/]: Error loading class: net/minecraft/client/model/PlayerModel (java.lang.ClassNotFoundException: net.minecraft.client.model.PlayerModel)
[20Aug2025 20:19:47.947] [main/WARN] [mixin/]: @Mixin target net.minecraft.client.model.PlayerModel was not found tlskincape-mixins.json:MixinPlayerModel
[20Aug2025 20:19:47.948] [main/DEBUG] [mixin/]: Preparing drinkbeer.mixins.json (1)
[20Aug2025 20:19:48.083] [main/DEBUG] [mixin/]: Inner class glitchcore/forge/mixin/impl/MixinPacketHandler$1 in glitchcore/forge/mixin/impl/MixinPacketHandler on glitchcore/network/PacketHandler gets unique name glitchcore/network/PacketHandler$Anonymous$0f5750b78eb44db5a3e5eab825f04950
[20Aug2025 20:19:48.112] [main/DEBUG] [mixin/]: Prepared 330 mixins in 2.471 sec (7.5ms avg) (0ms load, 0ms transform, 0ms plugin)
[20Aug2025 20:19:48.116] [main/INFO] [MixinExtras|Service/]: Initializing MixinExtras via com.llamalad7.mixinextras.service.MixinExtrasServiceImpl(version=0.4.1).
[20Aug2025 20:19:48.118] [main/DEBUG] [mixin/]: Registering new injector for @SugarWrapper with com.llamalad7.mixinextras.sugar.impl.SugarWrapperInjectionInfo
[20Aug2025 20:19:48.118] [main/DEBUG] [mixin/]: Registering new injector for @FactoryRedirectWrapper with com.llamalad7.mixinextras.wrapper.factory.FactoryRedirectWrapperInjectionInfo
[20Aug2025 20:19:48.123] [main/DEBUG] [mixin/]: Mixing MainMixin from iceberg.mixins.json into net.minecraft.server.Main
[20Aug2025 20:19:48.241] [main/DEBUG] [mixin/]: Mixing MinecraftServerMixin from citadel.mixins.json into net.minecraft.server.MinecraftServer
[20Aug2025 20:19:48.250] [main/DEBUG] [mixin/]: Mixing MinecraftServerMixin from balm.mixins.json into net.minecraft.server.MinecraftServer
[20Aug2025 20:19:48.251] [main/DEBUG] [mixin/]: Renaming synthetic method lambda$reloadResources$0(Ljava/lang/Void;)V to md7b373c$lambda$reloadResources$0$0 in balm.mixins.json:MinecraftServerMixin
[20Aug2025 20:19:48.265] [main/DEBUG] [mixin/]: Mixing server.MinecraftServerMixin from fastload.mixins.json into net.minecraft.server.MinecraftServer
[20Aug2025 20:19:48.324] [main/DEBUG] [mixin/]: Mixing common.GameTestServerMixin from lithostitched.mixins.json into net.minecraft.gametest.framework.GameTestServer
[20Aug2025 20:19:48.332] [main/DEBUG] [mixin/]: Mixing server.DedicatedServerMixin from lithostitched.mixins.json into net.minecraft.server.dedicated.DedicatedServer
[20Aug2025 20:19:48.333] [main/DEBUG] [mixin/]: Mixing DedicatedServerMixin from tombstone.mixins.json into net.minecraft.server.dedicated.DedicatedServer
[20Aug2025 20:19:48.366] [main/DEBUG] [io.netty.util.internal.logging.InternalLoggerFactory/]: Using SLF4J as the default logging framework
[20Aug2025 20:19:48.370] [main/DEBUG] [io.netty.util.ResourceLeakDetector/]: -Dio.netty.leakDetection.level: simple
[20Aug2025 20:19:48.370] [main/DEBUG] [io.netty.util.ResourceLeakDetector/]: -Dio.netty.leakDetection.targetRecords: 4
[20Aug2025 20:19:48.383] [main/DEBUG] [mixin/]: Mixing MixinTranslatableText from forge-mca.mixin.json into net.minecraft.network.chat.contents.TranslatableContents
[20Aug2025 20:19:48.626] [main/DEBUG] [oshi.util.FileUtil/]: No oshi.properties file found from ClassLoader cpw.mods.modlauncher.TransformingClassLoader@c4d2c44
[20Aug2025 20:19:48.627] [main/DEBUG] [oshi.util.FileUtil/]: No oshi.properties file found from ClassLoader jdk.internal.loader.ClassLoaders$AppClassLoader@76ed5528
[20Aug2025 20:19:48.683] [main/DEBUG] [oshi.util.FileUtil/]: Reading file /proc/self/auxv
[20Aug2025 20:19:48.683] [main/DEBUG] [oshi.util.FileUtil/]: Reading file /proc/self/auxv
[20Aug2025 20:19:48.689] [main/DEBUG] [oshi.util.FileUtil/]: Reading file /proc/stat
[20Aug2025 20:19:48.697] [main/DEBUG] [oshi.util.FileUtil/]: Reading file /sys/devices/system/cpu/cpu0/topology/core_id
[20Aug2025 20:19:48.697] [main/DEBUG] [oshi.util.FileUtil/]: Reading file /sys/devices/system/cpu/cpu0/topology/core_id
[20Aug2025 20:19:48.697] [main/DEBUG] [oshi.util.FileUtil/]: Reading file /sys/devices/system/cpu/cpu0/topology/physical_package_id
[20Aug2025 20:19:48.697] [main/DEBUG] [oshi.util.FileUtil/]: Reading file /sys/devices/system/cpu/cpu0/topology/physical_package_id
[20Aug2025 20:19:48.697] [main/DEBUG] [oshi.util.FileUtil/]: Reading file /sys/devices/system/cpu/cpu0/cpu_capacity
[20Aug2025 20:19:48.699] [main/DEBUG] [oshi.util.FileUtil/]: Reading file /sys/devices/system/cpu/cpu1/topology/core_id
[20Aug2025 20:19:48.699] [main/DEBUG] [oshi.util.FileUtil/]: Reading file /sys/devices/system/cpu/cpu1/topology/core_id
[20Aug2025 20:19:48.699] [main/DEBUG] [oshi.util.FileUtil/]: Reading file /sys/devices/system/cpu/cpu1/topology/physical_package_id
[20Aug2025 20:19:48.699] [main/DEBUG] [oshi.util.FileUtil/]: Reading file /sys/devices/system/cpu/cpu1/topology/physical_package_id
[20Aug2025 20:19:48.699] [main/DEBUG] [oshi.util.FileUtil/]: Reading file /sys/devices/system/cpu/cpu1/cpu_capacity
[20Aug2025 20:19:48.699] [main/DEBUG] [oshi.util.FileUtil/]: Reading file /sys/devices/system/cpu/cpu2/topology/core_id
[20Aug2025 20:19:48.699] [main/DEBUG] [oshi.util.FileUtil/]: Reading file /sys/devices/system/cpu/cpu2/topology/core_id
[20Aug2025 20:19:48.699] [main/DEBUG] [oshi.util.FileUtil/]: Reading file /sys/devices/system/cpu/cpu2/topology/physical_package_id
[20Aug2025 20:19:48.699] [main/DEBUG] [oshi.util.FileUtil/]: Reading file /sys/devices/system/cpu/cpu2/topology/physical_package_id
[20Aug2025 20:19:48.700] [main/DEBUG] [oshi.util.FileUtil/]: Reading file /sys/devices/system/cpu/cpu2/cpu_capacity
[20Aug2025 20:19:48.700] [main/DEBUG] [oshi.util.FileUtil/]: Reading file /sys/devices/system/cpu/cpu3/topology/core_id
[20Aug2025 20:19:48.701] [main/DEBUG] [oshi.util.FileUtil/]: Reading file /sys/devices/system/cpu/cpu3/topology/core_id
[20Aug2025 20:19:48.701] [main/DEBUG] [oshi.util.FileUtil/]: Reading file /sys/devices/system/cpu/cpu3/topology/physical_package_id
[20Aug2025 20:19:48.701] [main/DEBUG] [oshi.util.FileUtil/]: Reading file /sys/devices/system/cpu/cpu3/topology/physical_package_id
[20Aug2025 20:19:48.701] [main/DEBUG] [oshi.util.FileUtil/]: Reading file /sys/devices/system/cpu/cpu3/cpu_capacity
[20Aug2025 20:19:48.703] [main/DEBUG] [oshi.util.FileUtil/]: Reading file /proc/cpuinfo
[20Aug2025 20:19:48.714] [main/DEBUG] [oshi.util.FileUtil/]: Reading file /proc/self/auxv
[20Aug2025 20:19:48.718] [main/DEBUG] [oshi.util.FileUtil/]: No oshi.architecture.properties file found from ClassLoader cpw.mods.modlauncher.TransformingClassLoader@c4d2c44
[20Aug2025 20:19:48.718] [main/DEBUG] [oshi.util.FileUtil/]: No oshi.architecture.properties file found from ClassLoader jdk.internal.loader.ClassLoaders$AppClassLoader@76ed5528
[20Aug2025 20:19:48.736] [main/DEBUG] [oshi.util.FileUtil/]: Reading file /proc/meminfo
[20Aug2025 20:19:48.737] [main/DEBUG] [oshi.util.FileUtil/]: Reading file /proc/meminfo
[20Aug2025 20:19:48.741] [main/DEBUG] [mixin/]: Mixing SuppressLogMixin from yungsbridges.mixins.json into net.minecraft.Util
[20Aug2025 20:19:48.810] [main/DEBUG] [mixin/]: Mixing MixinBuiltInRegistries from terrablender.mixins.json into net.minecraft.core.registries.BuiltInRegistries
[20Aug2025 20:19:48.810] [main/DEBUG] [mixin/]: Renaming synthetic method lambda$registerSimple$0(Lnet/minecraft/core/registries/BuiltInRegistries$RegistryBootstrap;Lnet/minecraft/core/Registry;)Ljava/lang/Object; to md7b373c$lambda$registerSimple$0$0 in terrablender.mixins.json:MixinBuiltInRegistries
[20Aug2025 20:19:48.834] [main/DEBUG] [mixin/]: Mixing common.MappedRegistryAccessor from lithostitched.mixins.json into net.minecraft.core.MappedRegistry
[20Aug2025 20:19:48.872] [main/DEBUG] [mixin/]: Mixing inject.MixinGameEvent from architectury-common.mixins.json into net.minecraft.world.level.gameevent.GameEvent
[20Aug2025 20:19:48.876] [main/DEBUG] [mixin/]: Mixing common.HolderReferenceAccessor from lithostitched.mixins.json into net.minecraft.core.Holder$Reference
[20Aug2025 20:19:48.880] [main/DEBUG] [mixin/]: Mixing GameDataMixin from supermartijn642corelib.mixins.json into net.minecraftforge.registries.GameData
[20Aug2025 20:19:48.914] [main/DEBUG] [mixin/]: Mixing inject.MixinBlock from architectury-common.mixins.json into net.minecraft.world.level.block.Block
[20Aug2025 20:19:48.926] [main/DEBUG] [mixin/]: Mixing BlockStateBaseMixin from ferritecore.blockstatecache.mixin.json into net.minecraft.world.level.block.state.BlockBehaviour$BlockStateBase
[20Aug2025 20:19:48.927] [main/DEBUG] [mixin/]: Mixing fluidcollision.BlockStateBaseMixin from expandability-common.mixins.json into net.minecraft.world.level.block.state.BlockBehaviour$BlockStateBase
[20Aug2025 20:19:48.941] [main/DEBUG] [mixin/]: Mixing FastMapStateHolderMixin from ferritecore.fastmap.mixin.json into net.minecraft.world.level.block.state.StateHolder
[20Aug2025 20:19:48.963] [main/DEBUG] [mixin/]: Mixing EntityLoadMixin from cupboard.mixins.json into net.minecraft.world.entity.Entity
[20Aug2025 20:19:48.972] [main/DEBUG] [mixin/]: Mixing EntityMixin from mixins.hammerlib.json into net.minecraft.world.entity.Entity
[20Aug2025 20:19:48.973] [main/DEBUG] [mixin/]: Mixing accessors.entity.AccessorEntity from bookshelf.common.mixins.json into net.minecraft.world.entity.Entity
[20Aug2025 20:19:48.973] [main/DEBUG] [mixin/]: Mixing EntityMixin from balm.mixins.json into net.minecraft.world.entity.Entity
[20Aug2025 20:19:48.976] [main/DEBUG] [mixin/]: Mixing EntityMixin from carryon.mixins.json into net.minecraft.world.entity.Entity
[20Aug2025 20:19:48.995] [main/DEBUG] [mixin/]: Mixing EntityMixin from lionfishapi.mixins.json into net.minecraft.world.entity.Entity
[20Aug2025 20:19:49.012] [main/DEBUG] [mixin/]: Mixing AccessorEntity from curios.mixins.json into net.minecraft.world.entity.Entity
[20Aug2025 20:19:49.013] [main/DEBUG] [mixin/]: Mixing EntityMixin from tombstone.mixins.json into net.minecraft.world.entity.Entity
[20Aug2025 20:19:49.017] [main/DEBUG] [mixin/]: Mixing EntityAccessor from refurbished_furniture.common.mixins.json into net.minecraft.world.entity.Entity
[20Aug2025 20:19:49.017] [main/DEBUG] [mixin/]: Mixing EntityMixin from refurbished_furniture.common.mixins.json into net.minecraft.world.entity.Entity
[20Aug2025 20:19:49.020] [main/DEBUG] [mixin/]: Mixing item.umbrella.EntityMixin from mixins.artifacts.common.json into net.minecraft.world.entity.Entity
[20Aug2025 20:19:49.021] [main/DEBUG] [mixin/]: Mixing item.wearable.aquadashers.EntityMixin from mixins.artifacts.common.json into net.minecraft.world.entity.Entity
[20Aug2025 20:19:49.040] [main/DEBUG] [mixin/]: Mixing EntityCapReader from brutalbosses.mixins.json into net.minecraft.world.entity.Entity
[20Aug2025 20:19:49.041] [main/DEBUG] [mixin/]: brutalbosses.mixins.json:EntityCapReader: Class version 61 required is higher than the class version supported by the current version of Mixin (JAVA_8 supports class version 52)
[20Aug2025 20:19:49.042] [main/DEBUG] [mixin/]: Mixing swimming.EntityMixin from expandability.mixins.json into net.minecraft.world.entity.Entity
[20Aug2025 20:19:49.047] [main/DEBUG] [mixin/]: Mixing swimming.EntityMixin from expandability-common.mixins.json into net.minecraft.world.entity.Entity
[20Aug2025 20:19:49.200] [main/DEBUG] [mixin/]: Mixing common.CommonLivingEntityMixin from subtle_effects.mixins.json into net.minecraft.world.entity.LivingEntity
[20Aug2025 20:19:49.218] [main/DEBUG] [mixin/]: Mixing LivingEntityMixin from citadel.mixins.json into net.minecraft.world.entity.LivingEntity
[20Aug2025 20:19:49.225] [main/DEBUG] [mixin/]: Mixing accessors.entity.AccessorLivingEntity from bookshelf.common.mixins.json into net.minecraft.world.entity.LivingEntity
[20Aug2025 20:19:49.226] [main/DEBUG] [mixin/]: Mixing patches.entity.MixinLivingEntity from bookshelf.common.mixins.json into net.minecraft.world.entity.LivingEntity
[20Aug2025 20:19:49.230] [main/DEBUG] [mixin/]: Mixing LivingEntityMixin from shieldexp.mixins.json into net.minecraft.world.entity.LivingEntity
[20Aug2025 20:19:49.232] [main/DEBUG] [mixin/]: Mixing MixinLivingEntity from curios.mixins.json into net.minecraft.world.entity.LivingEntity
[20Aug2025 20:19:49.233] [main/DEBUG] [mixin/]: Mixing LivingEntityMixin from tombstone.mixins.json into net.minecraft.world.entity.LivingEntity
[20Aug2025 20:19:49.242] [main/DEBUG] [mixin/]: Mixing LivingEntityMixin from refurbished_furniture.common.mixins.json into net.minecraft.world.entity.LivingEntity
[20Aug2025 20:19:49.244] [main/DEBUG] [mixin/]: Mixing accessors.LivingEntityAccessor from mixins.artifacts.common.json into net.minecraft.world.entity.LivingEntity
[20Aug2025 20:19:49.244] [main/DEBUG] [mixin/]: Mixing item.hurtsound.LivingEntityMixin from mixins.artifacts.common.json into net.minecraft.world.entity.LivingEntity
[20Aug2025 20:19:49.247] [main/DEBUG] [mixin/]: Mixing item.wearable.chorustotem.LivingEntityMixin from mixins.artifacts.common.json into net.minecraft.world.entity.LivingEntity
[20Aug2025 20:19:49.269] [main/DEBUG] [mixin/]: Mixing item.wearable.snowshoes.LivingEntityMixin from mixins.artifacts.forge.json into net.minecraft.world.entity.LivingEntity
[20Aug2025 20:19:49.271] [main/DEBUG] [mixin/]: Mixing swimming.LivingEntityMixin from expandability.mixins.json into net.minecraft.world.entity.LivingEntity
[20Aug2025 20:19:49.274] [main/DEBUG] [mixin/]: Mixing swimming.LivingEntityMixin from expandability-common.mixins.json into net.minecraft.world.entity.LivingEntity
[20Aug2025 20:19:49.425] [main/DEBUG] [mixin/]: Mixing LevelMixin from mixins.hammerlib.json into net.minecraft.world.level.Level
[20Aug2025 20:19:49.432] [main/DEBUG] [mixin/]: Mixing LevelMixin from citadel.mixins.json into net.minecraft.world.level.Level
[20Aug2025 20:19:49.435] [main/DEBUG] [mixin/]: Mixing LevelMixin from refurbished_furniture.common.mixins.json into net.minecraft.world.level.Level
[20Aug2025 20:19:49.470] [main/DEBUG] [mixin/]: Mixing ServerAddEntityMixin from cupboard.mixins.json into net.minecraft.server.level.ServerLevel
[20Aug2025 20:19:49.483] [main/DEBUG] [mixin/]: Mixing ServerLevelMixin from betterendisland.mixins.json into net.minecraft.server.level.ServerLevel
[20Aug2025 20:19:49.502] [main/DEBUG] [mixin/]: Mixing ServerLevelMixin from mixins.hammerlib.json into net.minecraft.server.level.ServerLevel
[20Aug2025 20:19:49.506] [main/DEBUG] [mixin/]: Mixing ServerLevelMixin from citadel.mixins.json into net.minecraft.server.level.ServerLevel
[20Aug2025 20:19:49.508] [main/DEBUG] [mixin/]: Mixing ServerLevelMixin from refurbished_furniture.common.mixins.json into net.minecraft.server.level.ServerLevel
[20Aug2025 20:19:49.510] [main/DEBUG] [mixin/]: Mixing MixinServerWorld from forge-mca.mixin.json into net.minecraft.server.level.ServerLevel
[20Aug2025 20:19:49.512] [main/DEBUG] [mixin/]: Renaming synthetic method lambda$onOnBlockChanged$0(Lnet/minecraft/server/level/ServerLevel;Lnet/minecraft/world/level/block/state/BlockState;Lnet/minecraft/core/BlockPos;)V to md7b373c$lambda$onOnBlockChanged$0$0 in forge-mca.mixin.json:MixinServerWorld
[20Aug2025 20:19:49.519] [main/DEBUG] [mixin/]: Mixing MixinServerLevel from glitchcore.mixins.json into net.minecraft.server.level.ServerLevel
[20Aug2025 20:19:49.520] [main/DEBUG] [mixin/]: Mixing EndergeticExpansionMixins from betterendisland.mixins.json into net.minecraft.server.level.ServerLevel
[20Aug2025 20:19:49.579] [main/DEBUG] [mixin/]: Mixing PlayerMixin from carryon.mixins.json into net.minecraft.world.entity.player.Player
[20Aug2025 20:19:49.582] [main/DEBUG] [mixin/]: Mixing PlayerMixin from shieldexp.mixins.json into net.minecraft.world.entity.player.Player
[20Aug2025 20:19:49.592] [main/DEBUG] [net.minecraftforge.coremod.transformer.CoreModBaseTransformer/COREMOD]: Transforming getEnchantmentLevel with desc (Lnet/minecraft/world/item/enchantment/Enchantment;)I
[20Aug2025 20:19:49.593] [main/INFO] [net.minecraftforge.coremod.CoreMod.placebo/COREMODLOG]: Patching IForgeItemStack#getEnchantmentLevel
[20Aug2025 20:19:49.593] [main/DEBUG] [net.minecraftforge.coremod.transformer.CoreModBaseTransformer/COREMOD]: Transforming getAllEnchantments with desc ()Ljava/util/Map;
[20Aug2025 20:19:49.594] [main/INFO] [net.minecraftforge.coremod.CoreMod.placebo/COREMODLOG]: Patching IForgeItemStack#getEnchantmentLevel
[20Aug2025 20:19:49.599] [main/DEBUG] [mixin/]: Mixing PlayerMixin from playerrevive.mixins.json into net.minecraft.world.entity.player.Player
[20Aug2025 20:19:49.602] [main/DEBUG] [mixin/]: Mixing MixinPlayerEntity from forge-mca.mixin.json into net.minecraft.world.entity.player.Player
[20Aug2025 20:19:49.604] [main/DEBUG] [mixin/]: Mixing swimming.PlayerMixin from expandability-common.mixins.json into net.minecraft.world.entity.player.Player
[20Aug2025 20:19:49.605] [main/DEBUG] [mixin/]: Mixing MixinPlayer from assets/paraglider/mixin.json into net.minecraft.world.entity.player.Player
[20Aug2025 20:19:49.607] [main/DEBUG] [mixin/]: Mixing MixinPlayer from tlskincape-mixins.json into net.minecraft.world.entity.player.Player
[20Aug2025 20:19:49.607] [main/DEBUG] [mixin/]: tlskincape-mixins.json:MixinPlayer: Class version 61 required is higher than the class version supported by the current version of Mixin (JAVA_16 supports class version 60)
[20Aug2025 20:19:49.636] [main/DEBUG] [mixin/]: Mixing PlayerInteractDistScaling from brutalbosses.mixins.json into net.minecraftforge.common.extensions.IForgePlayer
[20Aug2025 20:19:49.636] [main/DEBUG] [mixin/]: brutalbosses.mixins.json:PlayerInteractDistScaling: Class version 61 required is higher than the class version supported by the current version of Mixin (JAVA_8 supports class version 52)
[20Aug2025 20:19:49.653] [main/DEBUG] [mixin/]: Mixing RegistryManagerAccessor from mixins.hammerlib.json into net.minecraftforge.registries.RegistryManager
[20Aug2025 20:19:49.672] [main/DEBUG] [mixin/]: Mixing inject.MixinFluid from architectury-common.mixins.json into net.minecraft.world.level.material.Fluid
[20Aug2025 20:19:49.676] [main/DEBUG] [mixin/]: Mixing ItemMixin from iceberg.mixins.json into net.minecraft.world.item.Item
[20Aug2025 20:19:49.681] [main/DEBUG] [mixin/]: Mixing accessors.item.AccessorItem from bookshelf.common.mixins.json into net.minecraft.world.item.Item
[20Aug2025 20:19:49.681] [main/DEBUG] [mixin/]: Mixing ItemMixin from tombstone.mixins.json into net.minecraft.world.item.Item
[20Aug2025 20:19:49.682] [main/DEBUG] [mixin/]: Renaming synthetic method lambda$methodIsFoil$1(Lnet/minecraft/world/item/ItemStack;Lovh/corail/tombstone/api/capability/ISoulConsumer;)Ljava/lang/Boolean; to md7b373c$lambda$methodIsFoil$1$0 in tombstone.mixins.json:ItemMixin
[20Aug2025 20:19:49.682] [main/DEBUG] [mixin/]: Renaming synthetic method lambda$methodGetName$0(Lnet/minecraft/world/item/ItemStack;Lovh/corail/tombstone/api/capability/ISoulConsumer;)Ljava/lang/Boolean; to md7b373c$lambda$methodGetName$0$1 in tombstone.mixins.json:ItemMixin
[20Aug2025 20:19:49.691] [main/DEBUG] [mixin/]: Mixing inject.MixinItem from architectury-common.mixins.json into net.minecraft.world.item.Item
[20Aug2025 20:19:49.707] [main/DEBUG] [net.minecraftforge.coremod.transformer.CoreModBaseTransformer/COREMOD]: Transforming net/minecraft/world/entity/EntityType
[20Aug2025 20:19:49.759] [main/DEBUG] [mixin/]: Mixing inject.MixinEntityType from architectury-common.mixins.json into net.minecraft.world.entity.EntityType
[20Aug2025 20:19:49.759] [main/DEBUG] [mixin/]: Mixing MixinEntityType from forge-mca.mixin.json into net.minecraft.world.entity.EntityType
[20Aug2025 20:19:49.777] [main/DEBUG] [mixin/]: Mixing EnchantmentMixin from goblintraders.common.mixins.json into net.minecraft.world.item.enchantment.Enchantment
[20Aug2025 20:19:49.785] [main/DEBUG] [mixin/]: Mixing BlockEntityTypeAccessor from mixins.hammerlib.json into net.minecraft.world.level.block.entity.BlockEntityType
[20Aug2025 20:19:49.802] [main/DEBUG] [mixin/]: Mixing MixinVillagerProfession from forge-mca.mixin.json into net.minecraft.world.entity.npc.VillagerProfession
[20Aug2025 20:19:49.803] [main/DEBUG] [mixin/]: Renaming @Invoker method init(Ljava/lang/String;Ljava/util/function/Predicate;Ljava/util/function/Predicate;Lcom/google/common/collect/ImmutableSet;Lcom/google/common/collect/ImmutableSet;Lnet/minecraft/sounds/SoundEvent;)Lnet/minecraft/world/entity/npc/VillagerProfession; to init_$md$7b373c$0 in forge-mca.mixin.json:MixinVillagerProfession
[20Aug2025 20:19:49.806] [main/DEBUG] [mixin/]: Mixing MixinMemoryModuleType from forge-mca.mixin.json into net.minecraft.world.entity.ai.memory.MemoryModuleType
[20Aug2025 20:19:49.806] [main/DEBUG] [mixin/]: Renaming @Invoker method init(Ljava/util/Optional;)Lnet/minecraft/world/entity/ai/memory/MemoryModuleType; to init_$md$7b373c$0 in forge-mca.mixin.json:MixinMemoryModuleType
[20Aug2025 20:19:49.809] [main/DEBUG] [mixin/]: Mixing MixinSensorType from forge-mca.mixin.json into net.minecraft.world.entity.ai.sensing.SensorType
[20Aug2025 20:19:49.809] [main/DEBUG] [mixin/]: Renaming @Invoker method init(Ljava/util/function/Supplier;)Lnet/minecraft/world/entity/ai/sensing/SensorType; to init_$md$7b373c$0 in forge-mca.mixin.json:MixinSensorType
[20Aug2025 20:19:49.811] [main/DEBUG] [mixin/]: Mixing MixinActivity from forge-mca.mixin.json into net.minecraft.world.entity.schedule.Activity
[20Aug2025 20:19:49.811] [main/DEBUG] [mixin/]: Renaming @Invoker method init(Ljava/lang/String;)Lnet/minecraft/world/entity/schedule/Activity; to init_$md$7b373c$0 in forge-mca.mixin.json:MixinActivity
[20Aug2025 20:19:49.857] [main/DEBUG] [mixin/]: Mixing accessor.FireBlockForgeAccessor from puzzleslib.forge.mixins.json into net.minecraft.world.level.block.FireBlock
[20Aug2025 20:20:33.950] [main/DEBUG] [mixin/]: Mixing ShapesMixin from creativecore.mixins.json into net.minecraft.world.phys.shapes.Shapes
[20Aug2025 20:20:33.999] [main/DEBUG] [mixin/]: Mixing DiscreteVSAccess from ferritecore.blockstatecache.mixin.json into net.minecraft.world.phys.shapes.DiscreteVoxelShape
[20Aug2025 20:20:34.002] [main/DEBUG] [mixin/]: Mixing BitSetDVSAccess from ferritecore.blockstatecache.mixin.json into net.minecraft.world.phys.shapes.BitSetDiscreteVoxelShape
[20Aug2025 20:20:34.005] [main/DEBUG] [mixin/]: Mixing VoxelShapeAccessor from creativecore.mixins.json into net.minecraft.world.phys.shapes.VoxelShape
[20Aug2025 20:20:34.006] [main/DEBUG] [mixin/]: Mixing VoxelShapeAccess from ferritecore.blockstatecache.mixin.json into net.minecraft.world.phys.shapes.VoxelShape
[20Aug2025 20:20:34.007] [main/DEBUG] [mixin/]: Unexpected: Registered method setShape(Lnet/minecraft/world/phys/shapes/DiscreteVoxelShape;)V in net.minecraft.world.phys.shapes.VoxelShape was not merged
[20Aug2025 20:20:34.009] [main/DEBUG] [mixin/]: Mixing ArrayVSAccess from ferritecore.blockstatecache.mixin.json into net.minecraft.world.phys.shapes.ArrayVoxelShape
[20Aug2025 20:20:34.012] [main/DEBUG] [mixin/]: Mixing SliceShapeAccess from ferritecore.blockstatecache.mixin.json into net.minecraft.world.phys.shapes.SliceShape
[20Aug2025 20:20:34.181] [main/DEBUG] [net.minecraftforge.coremod.transformer.CoreModBaseTransformer/COREMOD]: Transforming net/minecraft/world/level/block/LiquidBlock
[20Aug2025 20:20:34.181] [main/DEBUG] [mixin/]: Mixing inject.MixinLiquidBlock from architectury-common.mixins.json into net.minecraft.world.level.block.LiquidBlock
[20Aug2025 20:20:34.191] [main/DEBUG] [mixin/]: Mixing common.LeavesBlockMixin from subtle_effects.mixins.json into net.minecraft.world.level.block.LeavesBlock
[20Aug2025 20:20:34.216] [main/DEBUG] [net.minecraftforge.coremod.transformer.CoreModBaseTransformer/COREMOD]: Transforming net/minecraft/world/level/block/StairBlock
[20Aug2025 20:20:34.224] [main/DEBUG] [mixin/]: Mixing ChestBlockMixin from tombstone.mixins.json into net.minecraft.world.level.block.ChestBlock
[20Aug2025 20:20:34.230] [main/DEBUG] [mixin/]: Mixing CropBlockMixin from balm.mixins.json into net.minecraft.world.level.block.CropBlock
[20Aug2025 20:20:34.234] [main/DEBUG] [mixin/]: Mixing common.FarmBlockMixin from subtle_effects.mixins.json into net.minecraft.world.level.block.FarmBlock
[20Aug2025 20:20:34.240] [main/DEBUG] [mixin/]: Mixing DoorBlockMixin from doubledoors_forge.mixins.json into net.minecraft.world.level.block.DoorBlock
[20Aug2025 20:20:34.247] [main/DEBUG] [mixin/]: Mixing BasePressurePlateBlockMixin from brutalbosses.mixins.json into net.minecraft.world.level.block.BasePressurePlateBlock
[20Aug2025 20:20:34.247] [main/DEBUG] [mixin/]: brutalbosses.mixins.json:BasePressurePlateBlockMixin: Class version 61 required is higher than the class version supported by the current version of Mixin (JAVA_8 supports class version 52)
[20Aug2025 20:20:34.262] [main/DEBUG] [mixin/]: Mixing TrapDoorBlockMixin from doubledoors_forge.mixins.json into net.minecraft.world.level.block.TrapDoorBlock
[20Aug2025 20:20:34.269] [main/DEBUG] [mixin/]: Mixing StemBlockMixin from balm.mixins.json into net.minecraft.world.level.block.StemBlock
[20Aug2025 20:20:34.275] [main/DEBUG] [mixin/]: Mixing FenceGateBlockMixin from doubledoors_forge.mixins.json into net.minecraft.world.level.block.FenceGateBlock
[20Aug2025 20:20:34.288] [main/DEBUG] [net.minecraftforge.coremod.transformer.CoreModBaseTransformer/COREMOD]: Transforming net/minecraft/world/level/block/FlowerPotBlock
[20Aug2025 20:20:34.298] [main/DEBUG] [mixin/]: Mixing AnvilBlockMixin from placebo.mixins.json into net.minecraft.world.level.block.AnvilBlock
[20Aug2025 20:20:34.328] [main/DEBUG] [mixin/]: Mixing reinforced.BubbleColumnBlockMixin from securitycraft.mixins.json into net.minecraft.world.level.block.BubbleColumnBlock
[20Aug2025 20:20:34.335] [main/DEBUG] [mixin/]: Mixing swimming.BubbleColumnBlockMixin from expandability-common.mixins.json into net.minecraft.world.level.block.BubbleColumnBlock
[20Aug2025 20:20:34.360] [main/DEBUG] [mixin/]: Mixing common.CommonComposterMixin from subtle_effects.mixins.json into net.minecraft.world.level.block.ComposterBlock
[20Aug2025 20:20:34.370] [main/DEBUG] [mixin/]: Mixing MixinPowderSnowBlock from curios.mixins.json into net.minecraft.world.level.block.PowderSnowBlock
[20Aug2025 20:20:34.392] [main/DEBUG] [mixin/]: Mixing BlockPropertiesAccessor from supermartijn642corelib.mixins.json into net.minecraft.world.level.block.state.BlockBehaviour$Properties
[20Aug2025 20:20:34.457] [main/DEBUG] [mixin/]: Mixing Vec3Accessor from mixins.improvableskills.json into net.minecraft.world.phys.Vec3
[20Aug2025 20:20:34.495] [main/DEBUG] [mixin/]: Mixing BlockEntityAccessor from mixins.hammerlib.json into net.minecraft.world.level.block.entity.BlockEntity
[20Aug2025 20:20:34.496] [main/DEBUG] [mixin/]: Mixing BlockEntityMixin from refurbished_furniture.common.mixins.json into net.minecraft.world.level.block.entity.BlockEntity
[20Aug2025 20:20:34.496] [main/DEBUG] [mixin/]: Mixing BlockEntityMixin from collective_forge.mixins.json into net.minecraft.world.level.block.entity.BlockEntity
[20Aug2025 20:20:34.507] [main/DEBUG] [mixin/]: Mixing BrushableBlockEntityMixin from tombstone.mixins.json into net.minecraft.world.level.block.entity.BrushableBlockEntity
[20Aug2025 20:20:34.524] [main/DEBUG] [mixin/]: Mixing common.FallingBlockEntityMixin from subtle_effects.mixins.json into net.minecraft.world.entity.item.FallingBlockEntity
[20Aug2025 20:20:34.524] [main/DEBUG] [mixin/]: Mixing MixinFallingBlockEntity from architectury.mixins.json into net.minecraft.world.entity.item.FallingBlockEntity
[20Aug2025 20:20:34.564] [main/DEBUG] [mixin/]: Mixing LockableLootTileEntityMixin from brutalbosses.mixins.json into net.minecraft.world.level.block.entity.RandomizableContainerBlockEntity
[20Aug2025 20:20:34.564] [main/DEBUG] [mixin/]: brutalbosses.mixins.json:LockableLootTileEntityMixin: Class version 61 required is higher than the class version supported by the current version of Mixin (JAVA_8 supports class version 52)
[20Aug2025 20:20:34.572] [main/DEBUG] [mixin/]: Mixing patches.block.entity.MixinBaseContainerBlockEntity from bookshelf.forge.mixins.json into net.minecraft.world.level.block.entity.BaseContainerBlockEntity
[20Aug2025 20:20:34.679] [main/DEBUG] [mixin/]: Mixing MixinDefaultParticleType from forge-mca.mixin.json into net.minecraft.core.particles.SimpleParticleType
[20Aug2025 20:20:34.679] [main/DEBUG] [mixin/]: Renaming @Invoker method init(Z)Lnet/minecraft/core/particles/SimpleParticleType; to init_$md$7b373c$0 in forge-mca.mixin.json:MixinDefaultParticleType
[20Aug2025 20:20:34.746] [main/DEBUG] [mixin/]: Mixing AbstractContainerMenuAccessor from mixins.hammerlib.json into net.minecraft.world.inventory.AbstractContainerMenu
[20Aug2025 20:20:34.746] [main/DEBUG] [mixin/]: Mixing AbstractContainerMenuInvoker from placebo.mixins.json into net.minecraft.world.inventory.AbstractContainerMenu
[20Aug2025 20:20:34.751] [main/DEBUG] [mixin/]: Mixing accessors.inventory.AccessorCraftingMenu from bookshelf.common.mixins.json into net.minecraft.world.inventory.CraftingMenu
[20Aug2025 20:20:34.751] [main/DEBUG] [mixin/]: Mixing MixinCraftingMenu from fastbench.mixins.json into net.minecraft.world.inventory.CraftingMenu
[20Aug2025 20:20:34.752] [main/DEBUG] [mixin/]: Renaming synthetic method lambda$slotsChanged$0(Lnet/minecraft/world/level/Level;Lnet/minecraft/core/BlockPos;)V to md7b373c$lambda$slotsChanged$0$0 in fastbench.mixins.json:MixinCraftingMenu
[20Aug2025 20:20:34.769] [main/DEBUG] [mixin/]: Mixing AbstractFurnaceBlockEntityAccessor from mixins.improvableskills.json into net.minecraft.world.level.block.entity.AbstractFurnaceBlockEntity
[20Aug2025 20:20:34.769] [main/DEBUG] [mixin/]: Mixing AbstractFurnaceBlockEntityMixin from mixins.improvableskills.json into net.minecraft.world.level.block.entity.AbstractFurnaceBlockEntity
[20Aug2025 20:20:34.770] [main/DEBUG] [mixin/]: Renaming synthetic method lambda$awardUsedRecipesAndPopExperience_IS3$0(Lnet/minecraft/server/level/ServerLevel;Lnet/minecraft/server/level/ServerPlayer;Lit/unimi/dsi/fastutil/objects/Object2IntMap$Entry;FLnet/minecraft/world/item/crafting/Recipe;)V to md7b373c$lambda$awardUsedRecipesAndPopExperience_IS3$0$0 in mixins.improvableskills.json:AbstractFurnaceBlockEntityMixin
[20Aug2025 20:20:34.775] [main/DEBUG] [mixin/]: Mixing MixinAbstractFurnaceBlockEntity from forge-mca.mixin.json into net.minecraft.world.level.block.entity.AbstractFurnaceBlockEntity
[20Aug2025 20:20:34.775] [main/DEBUG] [mixin/]: Renaming synthetic method lambda$onDropExperience$0(Lnet/minecraft/server/level/ServerPlayer;Lnet/minecraft/resources/ResourceLocation;Ljava/lang/Integer;)V to md7b373c$lambda$onDropExperience$0$1 in forge-mca.mixin.json:MixinAbstractFurnaceBlockEntity
[20Aug2025 20:20:34.780] [main/DEBUG] [mixin/]: Mixing MixinAbstractFurnaceBlockEntity from fastfurnace.mixins.json into net.minecraft.world.level.block.entity.AbstractFurnaceBlockEntity
[20Aug2025 20:20:34.791] [main/DEBUG] [mixin/]: Mixing accessors.block.entity.AccessorSignBlockEntity from bookshelf.common.mixins.json into net.minecraft.world.level.block.entity.SignBlockEntity
[20Aug2025 20:20:34.826] [main/DEBUG] [mixin/]: Mixing ProjectileHitActionMixin from brutalbosses.mixins.json into net.minecraft.world.entity.projectile.Projectile
[20Aug2025 20:20:34.826] [main/DEBUG] [mixin/]: brutalbosses.mixins.json:ProjectileHitActionMixin: Class version 61 required is higher than the class version supported by the current version of Mixin (JAVA_8 supports class version 52)
[20Aug2025 20:20:34.850] [main/DEBUG] [mixin/]: Mixing accessors.entity.AccessorMob from bookshelf.common.mixins.json into net.minecraft.world.entity.Mob
[20Aug2025 20:20:34.851] [main/DEBUG] [mixin/]: Mixing MobMixin from tombstone.mixins.json into net.minecraft.world.entity.Mob
[20Aug2025 20:20:34.851] [main/DEBUG] [mixin/]: Renaming synthetic method lambda$methodSetTarget$2(Lnet/minecraft/world/entity/LivingEntity;Ljava/util/UUID;)Ljava/lang/Boolean; to md7b373c$lambda$methodSetTarget$2$0 in tombstone.mixins.json:MobMixin
[20Aug2025 20:20:34.851] [main/DEBUG] [mixin/]: Renaming synthetic method lambda$methodCanBeLeashed$1(Lnet/minecraft/world/entity/player/Player;Ljava/util/UUID;)Ljava/lang/Boolean; to md7b373c$lambda$methodCanBeLeashed$1$1 in tombstone.mixins.json:MobMixin
[20Aug2025 20:20:34.852] [main/DEBUG] [mixin/]: Renaming synthetic method lambda$methodTick$0(Lnet/minecraft/world/entity/Mob;Lovh/corail/tombstone/api/capability/ISpellCaster;)V to md7b373c$lambda$methodTick$0$2 in tombstone.mixins.json:MobMixin
[20Aug2025 20:20:34.857] [main/DEBUG] [mixin/]: Mixing accessors.MobAccessor from mixins.artifacts.common.json into net.minecraft.world.entity.Mob
[20Aug2025 20:20:34.880] [main/DEBUG] [mixin/]: Mixing MonsterMixin from tombstone.mixins.json into net.minecraft.world.entity.monster.Monster
[20Aug2025 20:20:34.923] [main/DEBUG] [mixin/]: Mixing BrewingStandBlockEntityAccessor from mixins.improvableskills.json into net.minecraft.world.level.block.entity.BrewingStandBlockEntity
[20Aug2025 20:20:34.931] [main/DEBUG] [net.minecraftforge.coremod.transformer.CoreModBaseTransformer/COREMOD]: Transforming m_41622_ with desc (ILnet/minecraft/world/entity/LivingEntity;Ljava/util/function/Consumer;)V
[20Aug2025 20:20:34.933] [main/DEBUG] [net.minecraftforge.coremod.transformer.CoreModBaseTransformer/COREMOD]: Transforming net/minecraft/world/item/ItemStack
[20Aug2025 20:20:34.934] [main/DEBUG] [mixin/]: Mixing ItemStackMixin from mixins.hammerlib.json into net.minecraft.world.item.ItemStack
[20Aug2025 20:20:34.935] [main/DEBUG] [mixin/]: Mixing ItemStackMixin from placebo.mixins.json into net.minecraft.world.item.ItemStack
[20Aug2025 20:20:34.935] [main/DEBUG] [mixin/]: Renaming synthetic method lambda$getOrCreate$0(Ljava/util/function/Function;Ljava/util/function/ToIntFunction;Lnet/minecraft/resources/ResourceLocation;)Ldev/shadowsoffire/placebo/util/CachedObject; to md7b373c$lambda$getOrCreate$0$0 in placebo.mixins.json:ItemStackMixin
[20Aug2025 20:20:34.937] [main/DEBUG] [mixin/]: Mixing ItemStackMixin from tombstone.mixins.json into net.minecraft.world.item.ItemStack
[20Aug2025 20:20:34.939] [main/DEBUG] [mixin/]: Mixing MixinItemStack from glitchcore.mixins.json into net.minecraft.world.item.ItemStack
[20Aug2025 20:20:34.951] [main/DEBUG] [net.minecraftforge.coremod.transformer.CoreModBaseTransformer/COREMOD]: Transforming getEnchantmentLevel with desc (Lnet/minecraft/world/item/enchantment/Enchantment;)I
[20Aug2025 20:20:34.952] [main/INFO] [net.minecraftforge.coremod.CoreMod.placebo/COREMODLOG]: Patching IForgeItemStack#getEnchantmentLevel
[20Aug2025 20:20:34.952] [main/DEBUG] [net.minecraftforge.coremod.transformer.CoreModBaseTransformer/COREMOD]: Transforming getAllEnchantments with desc ()Ljava/util/Map;
[20Aug2025 20:20:34.953] [main/INFO] [net.minecraftforge.coremod.CoreMod.placebo/COREMODLOG]: Patching IForgeItemStack#getEnchantmentLevel
[20Aug2025 20:20:35.019] [main/DEBUG] [mixin/]: Mixing RepairContainerMixin from goblintraders.common.mixins.json into net.minecraft.world.inventory.AnvilMenu
[20Aug2025 20:20:35.156] [main/DEBUG] [mixin/]: Mixing TheEndGatewayBlockEntityMixin from betterendisland.mixins.json into net.minecraft.world.level.block.entity.TheEndGatewayBlockEntity
[20Aug2025 20:20:35.390] [main/DEBUG] [mixin/]: Mixing LecternTileEntityMixin from assets/camera/camera.mixins.json into net.minecraft.world.level.block.entity.LecternBlockEntity
[20Aug2025 20:20:35.397] [main/DEBUG] [mixin/]: Mixing SmithingMenuMixin from citadel.mixins.json into net.minecraft.world.inventory.SmithingMenu
[20Aug2025 20:20:35.423] [main/DEBUG] [mixin/]: Mixing common.BeehiveBlockEntityMixin from subtle_effects.mixins.json into net.minecraft.world.level.block.entity.BeehiveBlockEntity
[20Aug2025 20:20:35.484] [main/DEBUG] [mixin/]: Mixing patches.entity.MixinLightningBolt from bookshelf.common.mixins.json into net.minecraft.world.entity.LightningBolt
[20Aug2025 20:20:35.486] [main/DEBUG] [mixin/]: Mixing MixinLightningBolt from architectury-common.mixins.json into net.minecraft.world.entity.LightningBolt
[20Aug2025 20:20:35.543] [main/DEBUG] [net.minecraftforge.coremod.transformer.CoreModBaseTransformer/COREMOD]: Transforming net/minecraft/world/entity/animal/frog/Tadpole
[20Aug2025 20:20:35.568] [main/DEBUG] [mixin/]: Mixing boat.BoatItemMixin from securitycraft.mixins.json into net.minecraft.world.item.BoatItem
[20Aug2025 20:20:35.575] [main/DEBUG] [mixin/]: Mixing reinforced.SwordAndShearsItemMixin from securitycraft.mixins.json into net.minecraft.world.item.SwordItem
[20Aug2025 20:20:35.584] [main/DEBUG] [net.minecraftforge.coremod.transformer.CoreModBaseTransformer/COREMOD]: Transforming net/minecraft/world/item/BucketItem
[20Aug2025 20:20:35.584] [main/DEBUG] [mixin/]: Mixing inject.MixinBucketItem from architectury-common.mixins.json into net.minecraft.world.item.BucketItem
[20Aug2025 20:20:35.587] [main/DEBUG] [mixin/]: Mixing MixinMilkBucketItem from forge-mca.mixin.json into net.minecraft.world.item.MilkBucketItem
[20Aug2025 20:20:35.597] [main/DEBUG] [mixin/]: Mixing BundleItemMixin from tombstone.mixins.json into net.minecraft.world.item.BundleItem
[20Aug2025 20:20:35.598] [main/DEBUG] [mixin/]: Renaming synthetic method lambda$getEnchantmentLevel$0(Lnet/minecraft/world/item/ItemStack;Lovh/corail/tombstone/api/capability/ISoulConsumer;)Ljava/lang/Boolean; to md7b373c$lambda$getEnchantmentLevel$0$0 in tombstone.mixins.json:BundleItemMixin
[20Aug2025 20:20:35.600] [main/DEBUG] [mixin/]: Mixing item.wearable.anglershat.FishingRodItemMixin from mixins.artifacts.common.json into net.minecraft.world.item.FishingRodItem
[20Aug2025 20:20:35.604] [main/DEBUG] [mixin/]: Mixing BoneMealItemMixin from collective_forge.mixins.json into net.minecraft.world.item.BoneMealItem
[20Aug2025 20:20:35.608] [main/DEBUG] [mixin/]: Mixing MixinShearsItem from curios.mixins.json into net.minecraft.world.item.ShearsItem
[20Aug2025 20:20:35.609] [main/DEBUG] [mixin/]: Mixing reinforced.SwordAndShearsItemMixin from securitycraft.mixins.json into net.minecraft.world.item.ShearsItem
[20Aug2025 20:20:35.611] [main/DEBUG] [mixin/]: Mixing PotionItemMixin from tombstone.mixins.json into net.minecraft.world.item.PotionItem
[20Aug2025 20:20:35.612] [main/DEBUG] [mixin/]: Renaming synthetic method lambda$methodFinishUsingItemReturn$1(Lnet/minecraft/world/entity/LivingEntity;Lovh/corail/tombstone/api/capability/ITBCapability;)V to md7b373c$lambda$methodFinishUsingItemReturn$1$0 in tombstone.mixins.json:PotionItemMixin
[20Aug2025 20:20:35.612] [main/DEBUG] [mixin/]: Renaming synthetic method lambda$effectList$0(Lnet/minecraft/world/effect/MobEffectInstance;)Ljava/lang/Integer; to md7b373c$lambda$effectList$0$1 in tombstone.mixins.json:PotionItemMixin
[20Aug2025 20:20:35.619] [main/DEBUG] [mixin/]: Mixing SpawnEggItemMixin from goblintraders.common.mixins.json into net.minecraft.world.item.SpawnEggItem
[20Aug2025 20:20:35.620] [main/DEBUG] [mixin/]: Renaming @Accessor method goblinTradersGetEggMap()Ljava/util/Map; to goblinTradersGetEggMap_$md$7b373c$0 in goblintraders.common.mixins.json:SpawnEggItemMixin
[20Aug2025 20:20:35.622] [main/DEBUG] [mixin/]: Mixing reinforced.WritableAndWrittenBookItemMixin from securitycraft.mixins.json into net.minecraft.world.item.WritableBookItem
[20Aug2025 20:20:35.628] [main/DEBUG] [mixin/]: Mixing reinforced.WritableAndWrittenBookItemMixin from securitycraft.mixins.json into net.minecraft.world.item.WrittenBookItem
[20Aug2025 20:20:35.645] [main/DEBUG] [mixin/]: Mixing suspiciousmines.BrushItemMixin from securitycraft.mixins.json into net.minecraft.world.item.BrushItem
[20Aug2025 20:20:35.646] [main/DEBUG] [mixin/]: Renaming synthetic method lambda$securitycraft$checkForSuspiciousMine$1(Lnet/minecraft/world/entity/player/Player;)V to md7b373c$lambda$securitycraft$checkForSuspiciousMine$1$0 in securitycraft.mixins.json:suspiciousmines.BrushItemMixin
[20Aug2025 20:20:35.646] [main/DEBUG] [mixin/]: Renaming synthetic method lambda$securitycraft$makeSuspiciousMinesBrushablePartTwo$0(Lnet/minecraft/world/entity/Entity;)Z to md7b373c$lambda$securitycraft$makeSuspiciousMinesBrushablePartTwo$0$1 in securitycraft.mixins.json:suspiciousmines.BrushItemMixin
[20Aug2025 20:20:35.657] [main/DEBUG] [mixin/]: Mixing inject.MixinItemProperties from architectury-common.mixins.json into net.minecraft.world.item.Item$Properties
[20Aug2025 20:20:35.685] [main/DEBUG] [mixin/]: Mixing BlockHitResultAccessor from mixins.hammerlib.json into net.minecraft.world.phys.BlockHitResult
[20Aug2025 20:20:35.686] [main/DEBUG] [mixin/]: Renaming @Invoker method createBlockHitResult(ZLnet/minecraft/world/phys/Vec3;Lnet/minecraft/core/Direction;Lnet/minecraft/core/BlockPos;Z)Lnet/minecraft/world/phys/BlockHitResult; to createBlockHitResult_$md$7b373c$0 in mixins.hammerlib.json:BlockHitResultAccessor
[20Aug2025 20:20:35.694] [main/DEBUG] [mixin/]: Mixing ServerPlayerMixin from betterendisland.mixins.json into net.minecraft.server.level.ServerPlayer
[20Aug2025 20:20:35.695] [main/DEBUG] [mixin/]: Mixing ServerPlayerEntityTickMixin from yungsapi.mixins.json into net.minecraft.server.level.ServerPlayer
[20Aug2025 20:20:35.696] [main/DEBUG] [mixin/]: Mixing ServerPlayerMixin from playerrevive.mixins.json into net.minecraft.server.level.ServerPlayer
[20Aug2025 20:20:35.696] [main/DEBUG] [mixin/]: Mixing MixinServerPlayer from glitchcore.forge.mixins.json into net.minecraft.server.level.ServerPlayer
[20Aug2025 20:20:35.696] [main/DEBUG] [mixin/]: Mixing ServerPlayerMixin from tombstone.mixins.json into net.minecraft.server.level.ServerPlayer
[20Aug2025 20:20:35.697] [main/DEBUG] [mixin/]: Mixing camera.ServerPlayerMixin from securitycraft.mixins.json into net.minecraft.server.level.ServerPlayer
[20Aug2025 20:20:36.313] [main/DEBUG] [mixin/]: Mixing AreaEffectCloudMixin from brutalbosses.mixins.json into net.minecraft.world.entity.AreaEffectCloud
[20Aug2025 20:20:36.313] [main/DEBUG] [mixin/]: brutalbosses.mixins.json:AreaEffectCloudMixin: Class version 61 required is higher than the class version supported by the current version of Mixin (JAVA_8 supports class version 52)
[20Aug2025 20:20:36.327] [main/DEBUG] [mixin/]: Mixing ExperienceOrbAccess from clumps.mixins.json into net.minecraft.world.entity.ExperienceOrb
[20Aug2025 20:20:36.327] [main/DEBUG] [mixin/]: Mixing MixinExperienceOrb from clumps.mixins.json into net.minecraft.world.entity.ExperienceOrb
[20Aug2025 20:20:36.328] [main/DEBUG] [mixin/]: Renaming synthetic method lambda$clumps$resolve$7(Ljava/util/Map$Entry;)Ljava/lang/Integer; to md7b373c$lambda$clumps$resolve$7$0 in clumps.mixins.json:MixinExperienceOrb
[20Aug2025 20:20:36.328] [main/DEBUG] [mixin/]: Renaming synthetic method lambda$addAdditionalSaveData$6(Lnet/minecraft/nbt/CompoundTag;Ljava/lang/Integer;Ljava/lang/Integer;)V to md7b373c$lambda$addAdditionalSaveData$6$1 in clumps.mixins.json:MixinExperienceOrb
[20Aug2025 20:20:36.328] [main/DEBUG] [mixin/]: Renaming synthetic method lambda$tryMergeToExisting$5(Ljava/util/Map;)Ljava/util/stream/Stream; to md7b373c$lambda$tryMergeToExisting$5$2 in clumps.mixins.json:MixinExperienceOrb
[20Aug2025 20:20:36.328] [main/DEBUG] [mixin/]: Renaming synthetic method lambda$tryMergeToExisting$4(IILnet/minecraft/world/entity/ExperienceOrb;)Z to md7b373c$lambda$tryMergeToExisting$4$3 in clumps.mixins.json:MixinExperienceOrb
[20Aug2025 20:20:36.329] [main/DEBUG] [mixin/]: Renaming synthetic method lambda$merge$3(Ljava/util/Map;)Ljava/util/stream/Stream; to md7b373c$lambda$merge$3$4 in clumps.mixins.json:MixinExperienceOrb
[20Aug2025 20:20:36.329] [main/DEBUG] [mixin/]: Renaming synthetic method lambda$clumps$repairPlayerItems$2(ILnet/minecraft/world/entity/player/Player;Lnet/minecraft/world/item/ItemStack;)Ljava/lang/Integer; to md7b373c$lambda$clumps$repairPlayerItems$2$5 in clumps.mixins.json:MixinExperienceOrb
[20Aug2025 20:20:36.329] [main/DEBUG] [mixin/]: Renaming synthetic method lambda$clumps$repairPlayerItems$1(Lnet/minecraft/world/item/ItemStack;Ljava/lang/Integer;)Ljava/lang/Float; to md7b373c$lambda$clumps$repairPlayerItems$1$6 in clumps.mixins.json:MixinExperienceOrb
[20Aug2025 20:20:36.330] [main/DEBUG] [mixin/]: Renaming synthetic method lambda$playerTouch$0(Lnet/minecraft/world/entity/player/Player;Ljava/util/concurrent/atomic/AtomicInteger;Ljava/lang/Integer;Ljava/lang/Integer;)V to md7b373c$lambda$playerTouch$0$7 in clumps.mixins.json:MixinExperienceOrb
[20Aug2025 20:20:36.360] [main/DEBUG] [mixin/]: Mixing MeleeAttackGoalMixin from brutalbosses.mixins.json into net.minecraft.world.entity.ai.goal.MeleeAttackGoal
[20Aug2025 20:20:36.360] [main/DEBUG] [mixin/]: brutalbosses.mixins.json:MeleeAttackGoalMixin: Class version 61 required is higher than the class version supported by the current version of Mixin (JAVA_8 supports class version 52)
[20Aug2025 20:20:36.369] [main/DEBUG] [mixin/]: Mixing HurtByTargetGoalMixin from tombstone.mixins.json into net.minecraft.world.entity.ai.goal.target.HurtByTargetGoal
[20Aug2025 20:20:36.371] [main/DEBUG] [mixin/]: Mixing accessor.TargetGoalAccessor from tombstone.mixins.json into net.minecraft.world.entity.ai.goal.target.TargetGoal
[20Aug2025 20:20:36.383] [main/DEBUG] [mixin/]: Mixing boat.BoatMixin from securitycraft.mixins.json into net.minecraft.world.entity.vehicle.Boat
[20Aug2025 20:20:36.394] [main/DEBUG] [mixin/]: Mixing common.AbstractHorseMixin from subtle_effects.mixins.json into net.minecraft.world.entity.animal.horse.AbstractHorse
[20Aug2025 20:20:36.397] [main/DEBUG] [mixin/]: Mixing MixinHorseBaseEntity from forge-mca.mixin.json into net.minecraft.world.entity.animal.horse.AbstractHorse
[20Aug2025 20:20:36.425] [main/DEBUG] [net.minecraftforge.coremod.transformer.CoreModBaseTransformer/COREMOD]: Transforming net/minecraft/world/entity/monster/Spider
[20Aug2025 20:20:36.464] [main/DEBUG] [net.minecraftforge.coremod.transformer.CoreModBaseTransformer/COREMOD]: Transforming net/minecraft/world/entity/monster/Zombie
[20Aug2025 20:20:36.491] [main/DEBUG] [mixin/]: Mixing MixinZombieEntity from forge-mca.mixin.json into net.minecraft.world.entity.monster.Zombie
[20Aug2025 20:20:36.492] [main/DEBUG] [mixin/]: Mixing ZombieMixin from brutalbosses.mixins.json into net.minecraft.world.entity.monster.Zombie
[20Aug2025 20:20:36.492] [main/DEBUG] [mixin/]: brutalbosses.mixins.json:ZombieMixin: Class version 61 required is higher than the class version supported by the current version of Mixin (JAVA_8 supports class version 52)
[20Aug2025 20:20:36.496] [main/DEBUG] [net.minecraftforge.coremod.transformer.CoreModBaseTransformer/COREMOD]: Transforming net/minecraft/world/entity/monster/ZombieVillager
[20Aug2025 20:20:36.511] [main/DEBUG] [mixin/]: Mixing MixinZombieVillagerEntity from forge-mca.mixin.json into net.minecraft.world.entity.monster.ZombieVillager
[20Aug2025 20:20:36.543] [main/DEBUG] [net.minecraftforge.coremod.transformer.CoreModBaseTransformer/COREMOD]: Transforming net/minecraft/world/entity/monster/Evoker$EvokerSummonSpellGoal
[20Aug2025 20:20:36.550] [main/DEBUG] [mixin/]: Mixing common.ThrownExperienceBottleMixin from subtle_effects.mixins.json into net.minecraft.world.entity.projectile.ThrownExperienceBottle
[20Aug2025 20:20:36.551] [main/DEBUG] [mixin/]: Renaming synthetic method lambda$cancelPotionParticles$0(ILnet/minecraft/core/BlockPos;ILnet/minecraft/server/level/ServerPlayer;)V to md7b373c$lambda$cancelPotionParticles$0$0 in subtle_effects.mixins.json:common.ThrownExperienceBottleMixin
[20Aug2025 20:20:36.589] [main/DEBUG] [mixin/]: Mixing MixinGoatEntity from forge-mca.mixin.json into net.minecraft.world.entity.animal.goat.Goat
[20Aug2025 20:20:36.589] [main/DEBUG] [mixin/]: Renaming synthetic method lambda$getMilkingSound$1(Lnet/minecraft/server/level/ServerPlayer;)V to md7b373c$lambda$getMilkingSound$1$0 in forge-mca.mixin.json:MixinGoatEntity
[20Aug2025 20:20:36.589] [main/DEBUG] [mixin/]: Renaming synthetic method lambda$getMilkingSound$0(Lnet/minecraft/server/level/ServerPlayer;)Z to md7b373c$lambda$getMilkingSound$0$1 in forge-mca.mixin.json:MixinGoatEntity
[20Aug2025 20:20:36.591] [main/DEBUG] [net.minecraftforge.coremod.transformer.CoreModBaseTransformer/COREMOD]: Transforming net/minecraft/world/level/biome/Biome
[20Aug2025 20:20:36.623] [main/DEBUG] [mixin/]: Mixing common.LlamaMixin from subtle_effects.mixins.json into net.minecraft.world.entity.animal.horse.Llama
[20Aug2025 20:20:36.689] [main/DEBUG] [net.minecraftforge.coremod.transformer.CoreModBaseTransformer/COREMOD]: Transforming net/minecraft/world/entity/animal/horse/SkeletonTrapGoal
[20Aug2025 20:20:36.703] [main/DEBUG] [net.minecraftforge.coremod.transformer.CoreModBaseTransformer/COREMOD]: Transforming net/minecraft/world/entity/monster/Strider
[20Aug2025 20:20:36.778] [main/DEBUG] [mixin/]: Mixing LevelChunkMixin from mixins.hammerlib.json into net.minecraft.world.level.chunk.LevelChunk
[20Aug2025 20:20:36.778] [main/DEBUG] [mixin/]: Mixing LevelChunkMixin from refurbished_furniture.common.mixins.json into net.minecraft.world.level.chunk.LevelChunk
[20Aug2025 20:20:36.780] [main/WARN] [mixin/]: @Inject(@At("INVOKE_ASSIGN")) Shift.BY=2 on refurbished_furniture.common.mixins.json:LevelChunkMixin::handler$zgl000$refurbishedFurniture$AfterRemoveBlockEntity exceeds the maximum allowed value: 0. Increase the value of maxShiftBy to suppress this warning.
[20Aug2025 20:20:36.801] [main/DEBUG] [net.minecraftforge.coremod.transformer.CoreModBaseTransformer/COREMOD]: Transforming net/minecraft/world/entity/npc/Villager
[20Aug2025 20:20:36.858] [main/DEBUG] [mixin/]: Mixing VillagerMixin from mixins.improvableskills.json into net.minecraft.world.entity.npc.Villager
[20Aug2025 20:20:36.861] [main/DEBUG] [mixin/]: Mixing accessor.VillagerAccessor from tombstone.mixins.json into net.minecraft.world.entity.npc.Villager
[20Aug2025 20:20:36.861] [main/DEBUG] [mixin/]: Mixing MixinVillagerEntity from forge-mca.mixin.json into net.minecraft.world.entity.npc.Villager
[20Aug2025 20:20:36.862] [main/DEBUG] [mixin/]: Mixing MixinVillagerEntityInvoker from forge-mca.mixin.json into net.minecraft.world.entity.npc.Villager
[20Aug2025 20:20:36.862] [main/DEBUG] [mixin/]: Mixing item.wearable.villagerhat.VillagerMixin from mixins.artifacts.common.json into net.minecraft.world.entity.npc.Villager
[20Aug2025 20:20:36.870] [main/DEBUG] [mixin/]: Mixing MerchantMenuMixin from goblintraders.common.mixins.json into net.minecraft.world.inventory.MerchantMenu
[20Aug2025 20:20:36.871] [main/DEBUG] [mixin/]: Renaming synthetic method lambda$goblinTraders$isMatching$0(Ljava/util/Map;Ljava/util/Map$Entry;)Z to md7b373c$lambda$goblinTraders$isMatching$0$0 in goblintraders.common.mixins.json:MerchantMenuMixin
[20Aug2025 20:20:36.881] [main/DEBUG] [mixin/]: Mixing WanderingTraderMixin from mixins.improvableskills.json into net.minecraft.world.entity.npc.WanderingTrader
[20Aug2025 20:20:36.912] [main/DEBUG] [mixin/]: Mixing inject.MixinFoodPropertiesBuilder from architectury-common.mixins.json into net.minecraft.world.food.FoodProperties$Builder
[20Aug2025 20:20:36.914] [main/DEBUG] [net.minecraftforge.coremod.transformer.CoreModBaseTransformer/COREMOD]: Transforming net/minecraft/world/effect/MobEffectInstance
[20Aug2025 20:20:36.915] [main/DEBUG] [mixin/]: Mixing accessors.effect.AccessorMobEffectInstance from bookshelf.common.mixins.json into net.minecraft.world.effect.MobEffectInstance
[20Aug2025 20:20:36.940] [main/DEBUG] [mixin/]: Mixing MixinServerPlayNetworkHandler from forge-mca.mixin.json into net.minecraft.server.network.ServerGamePacketListenerImpl
[20Aug2025 20:20:36.940] [main/DEBUG] [mixin/]: Renaming synthetic method lambda$sendMessage$3(Lforge/net/mca/entity/VillagerEntityMCA;Ljava/lang/String;)V to md7b373c$lambda$sendMessage$3$0 in forge-mca.mixin.json:MixinServerPlayNetworkHandler
[20Aug2025 20:20:36.941] [main/DEBUG] [mixin/]: Renaming synthetic method lambda$sendMessage$2(Lforge/net/mca/entity/VillagerEntityMCA;Ljava/lang/String;)V to md7b373c$lambda$sendMessage$2$1 in forge-mca.mixin.json:MixinServerPlayNetworkHandler
[20Aug2025 20:20:36.941] [main/DEBUG] [mixin/]: Renaming synthetic method lambda$sendMessage$1(Lforge/net/mca/entity/VillagerEntityMCA;Ljava/lang/String;)V to md7b373c$lambda$sendMessage$1$2 in forge-mca.mixin.json:MixinServerPlayNetworkHandler
[20Aug2025 20:20:36.941] [main/DEBUG] [mixin/]: Renaming synthetic method lambda$sendMessage$0(Lforge/net/mca/entity/VillagerEntityMCA;Ljava/lang/String;)V to md7b373c$lambda$sendMessage$0$3 in forge-mca.mixin.json:MixinServerPlayNetworkHandler
[20Aug2025 20:20:36.955] [main/DEBUG] [mixin/]: Mixing item.umbrella.server.ServerGamePacketListenerImplMixin from mixins.artifacts.common.json into net.minecraft.server.network.ServerGamePacketListenerImpl
[20Aug2025 20:20:36.955] [main/DEBUG] [mixin/]: Mixing passcode.ServerGamePacketListenerImplMixin from securitycraft.mixins.json into net.minecraft.server.network.ServerGamePacketListenerImpl
[20Aug2025 20:20:36.956] [main/DEBUG] [mixin/]: Mixing swimming.server.ServerGamePacketListenerImplMixin from expandability-common.mixins.json into net.minecraft.server.network.ServerGamePacketListenerImpl
[20Aug2025 20:20:36.974] [main/DEBUG] [mixin/]: Mixing PotionBrewingAccessor from mixins.hammerlib.json into net.minecraft.world.item.alchemy.PotionBrewing
[20Aug2025 20:20:36.975] [main/DEBUG] [mixin/]: Renaming @Accessor method getContainerMixes()Ljava/util/List; to getContainerMixes_$md$7b373c$0 in mixins.hammerlib.json:PotionBrewingAccessor
[20Aug2025 20:20:36.975] [main/DEBUG] [mixin/]: Renaming @Accessor method getAllowedContainers()Ljava/util/List; to getAllowedContainers_$md$7b373c$1 in mixins.hammerlib.json:PotionBrewingAccessor
[20Aug2025 20:20:36.975] [main/DEBUG] [mixin/]: Mixing accessor.PotionBrewingForgeAccessor from puzzleslib.forge.mixins.json into net.minecraft.world.item.alchemy.PotionBrewing
[20Aug2025 20:20:36.975] [main/DEBUG] [mixin/]: Renaming @Accessor method puzzleslib$getAllowedContainers()Ljava/util/List; to puzzleslib$getAllowedContainers_$md$7b373c$2 in puzzleslib.forge.mixins.json:accessor.PotionBrewingForgeAccessor
[20Aug2025 20:20:37.038] [main/DEBUG] [mixin/]: Mixing potion.BrewingStandMenuMixin from securitycraft.mixins.json into net.minecraft.world.inventory.BrewingStandMenu
[20Aug2025 20:20:37.070] [main/DEBUG] [mixin/]: Mixing ChunkGeneratorMixin from citadel.mixins.json into net.minecraft.world.level.chunk.ChunkGenerator
[20Aug2025 20:20:37.072] [main/DEBUG] [mixin/]: Mixing DisableVanillaFortressesMixin from betterfortresses.mixins.json into net.minecraft.world.level.chunk.ChunkGenerator
[20Aug2025 20:20:37.073] [main/DEBUG] [net.minecraftforge.coremod.transformer.CoreModBaseTransformer/COREMOD]: Transforming net/minecraft/world/level/levelgen/structure/Structure
[20Aug2025 20:20:37.078] [main/DEBUG] [mixin/]: Mixing DisableVanillaStrongholdsMixin from betterstrongholds.mixins.json into net.minecraft.world.level.chunk.ChunkGenerator
[20Aug2025 20:20:37.114] [main/DEBUG] [mixin/]: Mixing InventoryMixin from carryon.mixins.json into net.minecraft.world.entity.player.Inventory
[20Aug2025 20:20:37.115] [main/DEBUG] [mixin/]: Mixing MixinInventory from curios.mixins.json into net.minecraft.world.entity.player.Inventory
[20Aug2025 20:20:37.115] [main/DEBUG] [mixin/]: Mixing MixinPlayerInventory from forge-mca.mixin.json into net.minecraft.world.entity.player.Inventory
[20Aug2025 20:20:37.123] [main/DEBUG] [mixin/]: Mixing SlotAccessor from balm.mixins.json into net.minecraft.world.inventory.Slot
[20Aug2025 20:20:37.129] [main/DEBUG] [mixin/]: Mixing accessors.inventory.AccessorTransientCraftingContainer from bookshelf.common.mixins.json into net.minecraft.world.inventory.TransientCraftingContainer
[20Aug2025 20:20:37.138] [main/DEBUG] [mixin/]: Mixing MerchantResultSlotMixin from goblintraders.common.mixins.json into net.minecraft.world.inventory.MerchantResultSlot
[20Aug2025 20:20:37.152] [main/DEBUG] [mixin/]: Mixing accessors.item.crafting.AccessorShapedRecipe from bookshelf.common.mixins.json into net.minecraft.world.item.crafting.ShapedRecipe
[20Aug2025 20:20:37.152] [main/DEBUG] [mixin/]: Renaming @Invoker method bookshelf$keyFromJson(Lcom/google/gson/JsonObject;)Ljava/util/Map; to bookshelf$keyFromJson_$md$7b373c$0 in bookshelf.common.mixins.json:accessors.item.crafting.AccessorShapedRecipe
[20Aug2025 20:20:37.152] [main/DEBUG] [mixin/]: Renaming @Invoker method bookshelf$shrink([Ljava/lang/String;)[Ljava/lang/String; to bookshelf$shrink_$md$7b373c$1 in bookshelf.common.mixins.json:accessors.item.crafting.AccessorShapedRecipe
[20Aug2025 20:20:37.152] [main/DEBUG] [mixin/]: Renaming @Invoker method bookshelf$patternFromJson(Lcom/google/gson/JsonArray;)[Ljava/lang/String; to bookshelf$patternFromJson_$md$7b373c$2 in bookshelf.common.mixins.json:accessors.item.crafting.AccessorShapedRecipe
[20Aug2025 20:20:37.153] [main/DEBUG] [mixin/]: Renaming @Invoker method bookshelf$dissolvePattern([Ljava/lang/String;Ljava/util/Map;II)Lnet/minecraft/core/NonNullList; to bookshelf$dissolvePattern_$md$7b373c$3 in bookshelf.common.mixins.json:accessors.item.crafting.AccessorShapedRecipe
[20Aug2025 20:20:37.153] [main/DEBUG] [mixin/]: Mixing accessor.ShapedRecipeAccessor from tombstone.mixins.json into net.minecraft.world.item.crafting.ShapedRecipe
[20Aug2025 20:20:37.268] [main/DEBUG] [mixin/]: Mixing MixinApplyBonusCount from curios.mixins.json into net.minecraft.world.level.storage.loot.functions.ApplyBonusCount
[20Aug2025 20:20:37.306] [main/DEBUG] [mixin/]: Mixing accessors.util.random.AccessorWeightedRandomList from bookshelf.common.mixins.json into net.minecraft.util.random.WeightedRandomList
[20Aug2025 20:20:37.372] [main/DEBUG] [mixin/]: Mixing SpikeFeatureMixin from betterendisland.mixins.json into net.minecraft.world.level.levelgen.feature.SpikeFeature
[20Aug2025 20:20:37.375] [main/DEBUG] [mixin/]: Mixing EndGatewayFeatureMixin from betterendisland.mixins.json into net.minecraft.world.level.levelgen.feature.EndGatewayFeature
[20Aug2025 20:20:37.382] [main/DEBUG] [mixin/]: Mixing NoBasaltColumnsInStructuresMixin from betterfortresses.mixins.json into net.minecraft.world.level.levelgen.feature.BasaltColumnsFeature
[20Aug2025 20:20:37.385] [main/DEBUG] [mixin/]: Mixing NoDeltasInStructuresMixin from betterfortresses.mixins.json into net.minecraft.world.level.levelgen.feature.DeltaFeature
[20Aug2025 20:20:37.401] [main/DEBUG] [mixin/]: Mixing common.PlacedFeatureAccessor from lithostitched.mixins.json into net.minecraft.world.level.levelgen.placement.PlacedFeature
[20Aug2025 20:20:37.413] [main/DEBUG] [mixin/]: Mixing common.StructureProcessorListAccessor from lithostitched.mixins.json into net.minecraft.world.level.levelgen.structure.templatesystem.StructureProcessorList
[20Aug2025 20:20:37.449] [main/DEBUG] [mixin/]: Mixing EndSpikeMixin from betterendisland.mixins.json into net.minecraft.world.level.levelgen.feature.SpikeFeature$EndSpike
[20Aug2025 20:20:37.498] [main/DEBUG] [mixin/]: Mixing common.StructureSetAccessor from lithostitched.mixins.json into net.minecraft.world.level.levelgen.structure.StructureSet
[20Aug2025 20:20:37.500] [main/DEBUG] [net.minecraftforge.coremod.transformer.CoreModBaseTransformer/COREMOD]: Transforming net/minecraft/world/level/levelgen/structure/Structure
[20Aug2025 20:20:37.531] [main/DEBUG] [net.minecraftforge.coremod.transformer.CoreModBaseTransformer/COREMOD]: Transforming net/minecraft/world/level/levelgen/structure/structures/OceanRuinPieces$OceanRuinPiece
[20Aug2025 20:20:37.543] [main/DEBUG] [net.minecraftforge.coremod.transformer.CoreModBaseTransformer/COREMOD]: Transforming net/minecraft/world/level/levelgen/structure/structures/SwampHutPiece
[20Aug2025 20:20:37.560] [main/DEBUG] [net.minecraftforge.coremod.transformer.CoreModBaseTransformer/COREMOD]: Transforming net/minecraft/world/level/levelgen/structure/structures/OceanMonumentPieces$OceanMonumentPiece
[20Aug2025 20:20:37.580] [main/DEBUG] [net.minecraftforge.coremod.transformer.CoreModBaseTransformer/COREMOD]: Transforming net/minecraft/world/level/levelgen/structure/structures/WoodlandMansionPieces$WoodlandMansionPiece
[20Aug2025 20:20:37.592] [main/DEBUG] [mixin/]: Mixing common.ShipwreckPieceMixin from lithostitched.mixins.json into net.minecraft.world.level.levelgen.structure.structures.ShipwreckPieces$ShipwreckPiece
[20Aug2025 20:20:37.611] [main/DEBUG] [mixin/]: Mixing common.JigsawStructureMixin from lithostitched.mixins.json into net.minecraft.world.level.levelgen.structure.structures.JigsawStructure
[20Aug2025 20:20:37.615] [main/DEBUG] [mixin/]: Mixing accessor.StructureTemplatePoolAccessor from yungsapi.mixins.json into net.minecraft.world.level.levelgen.structure.pools.StructureTemplatePool
[20Aug2025 20:20:37.616] [main/DEBUG] [mixin/]: Mixing IncreaseStructureWeightLimitMixinForge from yungsapi_forge.mixins.json into net.minecraft.world.level.levelgen.structure.pools.StructureTemplatePool
[20Aug2025 20:20:37.616] [main/DEBUG] [mixin/]: Mixing accessors.world.AccessorStructureTemplatePool from bookshelf.common.mixins.json into net.minecraft.world.level.levelgen.structure.pools.StructureTemplatePool
[20Aug2025 20:20:37.616] [main/DEBUG] [mixin/]: Mixing common.StructureTemplatePoolAccessor from lithostitched.mixins.json into net.minecraft.world.level.levelgen.structure.pools.StructureTemplatePool
[20Aug2025 20:20:37.616] [main/DEBUG] [mixin/]: Mixing common.StructureTemplatePoolMixin from lithostitched.mixins.json into net.minecraft.world.level.levelgen.structure.pools.StructureTemplatePool
[20Aug2025 20:20:37.617] [main/DEBUG] [mixin/]: Renaming synthetic method lambda$compileRawTemplates$0(Lcom/mojang/datafixers/util/Pair;)V to md7b373c$lambda$compileRawTemplates$0$0 in lithostitched.mixins.json:common.StructureTemplatePoolMixin
[20Aug2025 20:20:37.617] [main/DEBUG] [mixin/]: Mixing StructureTemplatePoolAccessor from waystones.mixins.json into net.minecraft.world.level.levelgen.structure.pools.StructureTemplatePool
[20Aug2025 20:20:37.619] [main/DEBUG] [mixin/]: Unexpected: Registered method setRawTemplates(Ljava/util/List;)V in net.minecraft.world.level.levelgen.structure.pools.StructureTemplatePool was not merged
[20Aug2025 20:20:37.619] [main/DEBUG] [mixin/]: Unexpected: Registered method getRawTemplates()Ljava/util/List; in net.minecraft.world.level.levelgen.structure.pools.StructureTemplatePool was not merged
[20Aug2025 20:20:37.619] [main/DEBUG] [mixin/]: Unexpected: Registered method getRawTemplates()Ljava/util/List; in net.minecraft.world.level.levelgen.structure.pools.StructureTemplatePool was not merged
[20Aug2025 20:20:37.701] [main/DEBUG] [mixin/]: Mixing MixinBiomeSource from terrablender.mixins.json into net.minecraft.world.level.biome.BiomeSource
[20Aug2025 20:20:37.701] [main/DEBUG] [mixin/]: Renaming synthetic method lambda$appendDeferredBiomesList$0(Lcom/google/common/collect/ImmutableList;)Ljava/util/Set; to md7b373c$lambda$appendDeferredBiomesList$0$0 in terrablender.mixins.json:MixinBiomeSource
[20Aug2025 20:20:37.709] [main/DEBUG] [net.minecraftforge.coremod.transformer.CoreModBaseTransformer/COREMOD]: Transforming net/minecraft/world/level/biome/Biome
[20Aug2025 20:20:37.730] [main/DEBUG] [mixin/]: Mixing accessor.MobSpawnSettingsBuilderForgeAccessor from puzzleslib.forge.mixins.json into net.minecraft.world.level.biome.MobSpawnSettings$Builder
[20Aug2025 20:20:37.740] [main/DEBUG] [mixin/]: Mixing MixinMultiNoiseBiomeSource from terrablender.mixins.json into net.minecraft.world.level.biome.MultiNoiseBiomeSource
[20Aug2025 20:20:37.742] [main/DEBUG] [mixin/]: Mixing MixinParameterList from terrablender.mixins.json into net.minecraft.world.level.biome.Climate$ParameterList
[20Aug2025 20:20:37.742] [main/DEBUG] [mixin/]: Renaming synthetic method lambda$initializeForTerraBlender$0(Lnet/minecraft/core/Registry;Lcom/google/common/collect/ImmutableList$Builder;Lcom/mojang/datafixers/util/Pair;)V to md7b373c$lambda$initializeForTerraBlender$0$0 in terrablender.mixins.json:MixinParameterList
[20Aug2025 20:20:37.765] [main/DEBUG] [mixin/]: Mixing NoiseGeneratorSettingsMixin from citadel.mixins.json into net.minecraft.world.level.levelgen.NoiseGeneratorSettings
[20Aug2025 20:20:37.765] [main/DEBUG] [mixin/]: Mixing common.NoiseGeneratorSettingsAccessor from lithostitched.mixins.json into net.minecraft.world.level.levelgen.NoiseGeneratorSettings
[20Aug2025 20:20:37.766] [main/DEBUG] [mixin/]: Mixing MixinNoiseGeneratorSettings from terrablender.mixins.json into net.minecraft.world.level.levelgen.NoiseGeneratorSettings
[20Aug2025 20:20:37.834] [main/DEBUG] [mixin/]: Mixing accessor.SinglePoolElementAccessor from yungsapi.mixins.json into net.minecraft.world.level.levelgen.structure.pools.SinglePoolElement
[20Aug2025 20:20:37.835] [main/DEBUG] [mixin/]: Mixing common.SinglePoolElementAccessor from lithostitched.mixins.json into net.minecraft.world.level.levelgen.structure.pools.SinglePoolElement
[20Aug2025 20:20:37.835] [main/DEBUG] [mixin/]: Mixing SinglePoolElementMixin from waystones.mixins.json into net.minecraft.world.level.levelgen.structure.pools.SinglePoolElement
[20Aug2025 20:20:37.836] [main/DEBUG] [mixin/]: Renaming synthetic method lambda$waystones$isWaystone$1(Lnet/minecraft/world/level/levelgen/structure/templatesystem/StructureTemplate;)V to md7b373c$lambda$waystones$isWaystone$1$0 in waystones.mixins.json:SinglePoolElementMixin
[20Aug2025 20:20:37.836] [main/DEBUG] [mixin/]: Renaming synthetic method lambda$waystones$isWaystone$0(Lnet/minecraft/resources/ResourceLocation;)V to md7b373c$lambda$waystones$isWaystone$0$1 in waystones.mixins.json:SinglePoolElementMixin
[20Aug2025 20:20:37.838] [main/DEBUG] [mixin/]: Unexpected: Registered method getTemplate()Lcom/mojang/datafixers/util/Either; in net.minecraft.world.level.levelgen.structure.pools.SinglePoolElement was not merged
[20Aug2025 20:20:37.842] [main/DEBUG] [mixin/]: Mixing accessor.ListPoolElementAccessor from yungsapi.mixins.json into net.minecraft.world.level.levelgen.structure.pools.ListPoolElement
[20Aug2025 20:20:37.844] [main/DEBUG] [mixin/]: Mixing accessor.FeaturePoolElementAccessor from yungsapi.mixins.json into net.minecraft.world.level.levelgen.structure.pools.FeaturePoolElement
[20Aug2025 20:20:37.943] [main/DEBUG] [net.minecraftforge.common.ForgeI18n/CORE]: Loading I18N data entries: 6430
[20Aug2025 20:20:37.960] [main/DEBUG] [net.minecraftforge.fml.ModWorkManager/LOADING]: Using 4 threads for parallel mod-loading
[20Aug2025 20:20:37.964] [main/DEBUG] [net.minecraftforge.fml.javafmlmod.FMLJavaModLanguageProvider/LOADING]: Loading FMLModContainer from classloader cpw.mods.modlauncher.TransformingClassLoader@c4d2c44 - got cpw.mods.cl.ModuleClassLoader@46d9aec8
[20Aug2025 20:20:37.965] [main/DEBUG] [net.minecraftforge.fml.javafmlmod.FMLModContainer/LOADING]: Creating FMLModContainer instance for net.blay09.mods.kuma.forge.ForgeKumaAPI
[20Aug2025 20:20:37.969] [main/DEBUG] [net.minecraftforge.fml.javafmlmod.FMLJavaModLanguageProvider/LOADING]: Loading FMLModContainer from classloader cpw.mods.modlauncher.TransformingClassLoader@c4d2c44 - got cpw.mods.cl.ModuleClassLoader@46d9aec8
[20Aug2025 20:20:37.969] [main/DEBUG] [net.minecraftforge.fml.javafmlmod.FMLModContainer/LOADING]: Creating FMLModContainer instance for earth.terrarium.botarium.forge.BotariumForge
[20Aug2025 20:20:37.969] [main/DEBUG] [net.minecraftforge.fml.javafmlmod.FMLJavaModLanguageProvider/LOADING]: Loading FMLModContainer from classloader cpw.mods.modlauncher.TransformingClassLoader@c4d2c44 - got cpw.mods.cl.ModuleClassLoader@46d9aec8
[20Aug2025 20:20:37.970] [main/DEBUG] [net.minecraftforge.fml.javafmlmod.FMLModContainer/LOADING]: Creating FMLModContainer instance for einstein.subtle_effects.SubtleEffectsForge
[20Aug2025 20:20:37.970] [main/DEBUG] [net.minecraftforge.fml.javafmlmod.FMLJavaModLanguageProvider/LOADING]: Loading FMLModContainer from classloader cpw.mods.modlauncher.TransformingClassLoader@c4d2c44 - got cpw.mods.cl.ModuleClassLoader@46d9aec8
[20Aug2025 20:20:37.970] [main/DEBUG] [net.minecraftforge.fml.javafmlmod.FMLModContainer/LOADING]: Creating FMLModContainer instance for org.zeith.hammerlib.HammerLib
[20Aug2025 20:20:37.972] [main/DEBUG] [net.minecraftforge.fml.javafmlmod.FMLJavaModLanguageProvider/LOADING]: Loading FMLModContainer from classloader cpw.mods.modlauncher.TransformingClassLoader@c4d2c44 - got cpw.mods.cl.ModuleClassLoader@46d9aec8
[20Aug2025 20:20:37.972] [main/DEBUG] [net.minecraftforge.fml.javafmlmod.FMLModContainer/LOADING]: Creating FMLModContainer instance for net.darkhax.tipsmod.TipsModForge
[20Aug2025 20:20:37.973] [main/DEBUG] [net.minecraftforge.fml.javafmlmod.FMLJavaModLanguageProvider/LOADING]: Loading FMLModContainer from classloader cpw.mods.modlauncher.TransformingClassLoader@c4d2c44 - got cpw.mods.cl.ModuleClassLoader@46d9aec8
[20Aug2025 20:20:37.973] [main/DEBUG] [net.minecraftforge.fml.javafmlmod.FMLModContainer/LOADING]: Creating FMLModContainer instance for net.p3pp3rf1y.sophisticatedcore.SophisticatedCore
[20Aug2025 20:20:37.973] [main/DEBUG] [net.minecraftforge.fml.javafmlmod.FMLJavaModLanguageProvider/LOADING]: Loading FMLModContainer from classloader cpw.mods.modlauncher.TransformingClassLoader@c4d2c44 - got cpw.mods.cl.ModuleClassLoader@46d9aec8
[20Aug2025 20:20:37.973] [main/DEBUG] [net.minecraftforge.fml.javafmlmod.FMLModContainer/LOADING]: Creating FMLModContainer instance for com.anthonyhilyard.prism.Prism
[20Aug2025 20:20:37.974] [main/DEBUG] [net.minecraftforge.fml.javafmlmod.FMLJavaModLanguageProvider/LOADING]: Loading FMLModContainer from classloader cpw.mods.modlauncher.TransformingClassLoader@c4d2c44 - got cpw.mods.cl.ModuleClassLoader@46d9aec8
[20Aug2025 20:20:37.974] [main/DEBUG] [net.minecraftforge.fml.javafmlmod.FMLModContainer/LOADING]: Creating FMLModContainer instance for dev.shadowsoffire.placebo.Placebo
[20Aug2025 20:20:37.974] [main/DEBUG] [net.minecraftforge.fml.javafmlmod.FMLJavaModLanguageProvider/LOADING]: Loading FMLModContainer from classloader cpw.mods.modlauncher.TransformingClassLoader@c4d2c44 - got cpw.mods.cl.ModuleClassLoader@46d9aec8
[20Aug2025 20:20:37.974] [main/DEBUG] [net.minecraftforge.fml.javafmlmod.FMLModContainer/LOADING]: Creating FMLModContainer instance for com.github.alexthe666.citadel.Citadel
[20Aug2025 20:20:37.975] [main/DEBUG] [net.minecraftforge.fml.javafmlmod.FMLJavaModLanguageProvider/LOADING]: Loading FMLModContainer from classloader cpw.mods.modlauncher.TransformingClassLoader@c4d2c44 - got cpw.mods.cl.ModuleClassLoader@46d9aec8
[20Aug2025 20:20:37.975] [main/DEBUG] [net.minecraftforge.fml.javafmlmod.FMLModContainer/LOADING]: Creating FMLModContainer instance for com.github.alexthe666.alexsmobs.AlexsMobs
[20Aug2025 20:20:37.976] [main/DEBUG] [net.minecraftforge.fml.javafmlmod.FMLJavaModLanguageProvider/LOADING]: Loading FMLModContainer from classloader cpw.mods.modlauncher.TransformingClassLoader@c4d2c44 - got cpw.mods.cl.ModuleClassLoader@46d9aec8
[20Aug2025 20:20:37.976] [main/DEBUG] [net.minecraftforge.fml.javafmlmod.FMLModContainer/LOADING]: Creating FMLModContainer instance for com.yungnickyoung.minecraft.yungsapi.YungsApiForge
[20Aug2025 20:20:37.977] [main/DEBUG] [net.minecraftforge.fml.javafmlmod.FMLJavaModLanguageProvider/LOADING]: Loading FMLModContainer from classloader cpw.mods.modlauncher.TransformingClassLoader@c4d2c44 - got cpw.mods.cl.ModuleClassLoader@46d9aec8
[20Aug2025 20:20:37.977] [main/DEBUG] [net.minecraftforge.fml.javafmlmod.FMLModContainer/LOADING]: Creating FMLModContainer instance for com.llamalad7.mixinextras.platform.forge.MixinExtrasMod
[20Aug2025 20:20:37.977] [main/DEBUG] [net.minecraftforge.fml.javafmlmod.FMLJavaModLanguageProvider/LOADING]: Loading FMLModContainer from classloader cpw.mods.modlauncher.TransformingClassLoader@c4d2c44 - got cpw.mods.cl.ModuleClassLoader@46d9aec8
[20Aug2025 20:20:37.977] [main/DEBUG] [net.minecraftforge.fml.javafmlmod.FMLModContainer/LOADING]: Creating FMLModContainer instance for net.darkhax.bookshelf.BookshelfForge
[20Aug2025 20:20:37.978] [main/DEBUG] [net.minecraftforge.fml.javafmlmod.FMLJavaModLanguageProvider/LOADING]: Loading FMLModContainer from classloader cpw.mods.modlauncher.TransformingClassLoader@c4d2c44 - got cpw.mods.cl.ModuleClassLoader@46d9aec8
[20Aug2025 20:20:37.978] [main/DEBUG] [net.minecraftforge.fml.javafmlmod.FMLModContainer/LOADING]: Creating FMLModContainer instance for net.p3pp3rf1y.sophisticatedbackpacks.SophisticatedBackpacks
[20Aug2025 20:20:37.978] [main/DEBUG] [net.minecraftforge.fml.javafmlmod.FMLJavaModLanguageProvider/LOADING]: Loading FMLModContainer from classloader cpw.mods.modlauncher.TransformingClassLoader@c4d2c44 - got cpw.mods.cl.ModuleClassLoader@46d9aec8
[20Aug2025 20:20:37.978] [main/DEBUG] [net.minecraftforge.fml.javafmlmod.FMLModContainer/LOADING]: Creating FMLModContainer instance for com.mcwdoors.kikoz.MacawsDoors
[20Aug2025 20:20:37.979] [main/DEBUG] [net.minecraftforge.fml.javafmlmod.FMLJavaModLanguageProvider/LOADING]: Loading FMLModContainer from classloader cpw.mods.modlauncher.TransformingClassLoader@c4d2c44 - got cpw.mods.cl.ModuleClassLoader@46d9aec8
[20Aug2025 20:20:37.979] [main/DEBUG] [net.minecraftforge.fml.javafmlmod.FMLModContainer/LOADING]: Creating FMLModContainer instance for fuzs.pickupnotifier.PickUpNotifierForge
[20Aug2025 20:20:37.979] [main/DEBUG] [net.minecraftforge.fml.javafmlmod.FMLJavaModLanguageProvider/LOADING]: Loading FMLModContainer from classloader cpw.mods.modlauncher.TransformingClassLoader@c4d2c44 - got cpw.mods.cl.ModuleClassLoader@46d9aec8
[20Aug2025 20:20:37.979] [main/DEBUG] [net.minecraftforge.fml.javafmlmod.FMLModContainer/LOADING]: Creating FMLModContainer instance for xxrexraptorxx.minetraps.main.MineTraps
[20Aug2025 20:20:37.980] [main/DEBUG] [net.minecraftforge.fml.javafmlmod.FMLJavaModLanguageProvider/LOADING]: Loading FMLModContainer from classloader cpw.mods.modlauncher.TransformingClassLoader@c4d2c44 - got cpw.mods.cl.ModuleClassLoader@46d9aec8
[20Aug2025 20:20:37.980] [main/DEBUG] [net.minecraftforge.fml.javafmlmod.FMLModContainer/LOADING]: Creating FMLModContainer instance for net.blay09.mods.balm.forge.ForgeBalm
[20Aug2025 20:20:37.980] [main/DEBUG] [net.minecraftforge.fml.javafmlmod.FMLJavaModLanguageProvider/LOADING]: Loading FMLModContainer from classloader cpw.mods.modlauncher.TransformingClassLoader@c4d2c44 - got cpw.mods.cl.ModuleClassLoader@46d9aec8
[20Aug2025 20:20:37.980] [main/DEBUG] [net.minecraftforge.fml.javafmlmod.FMLModContainer/LOADING]: Creating FMLModContainer instance for tschipp.carryon.CarryOnForge
[20Aug2025 20:20:37.981] [main/DEBUG] [net.minecraftforge.fml.javafmlmod.FMLJavaModLanguageProvider/LOADING]: Loading FMLModContainer from classloader cpw.mods.modlauncher.TransformingClassLoader@c4d2c44 - got cpw.mods.cl.ModuleClassLoader@46d9aec8
[20Aug2025 20:20:37.981] [main/DEBUG] [net.minecraftforge.fml.javafmlmod.FMLModContainer/LOADING]: Creating FMLModContainer instance for dzwdz.chat_heads.forge.ChatHeadsForge
[20Aug2025 20:20:37.981] [main/DEBUG] [net.minecraftforge.fml.javafmlmod.FMLJavaModLanguageProvider/LOADING]: Loading FMLModContainer from classloader cpw.mods.modlauncher.TransformingClassLoader@c4d2c44 - got cpw.mods.cl.ModuleClassLoader@46d9aec8
[20Aug2025 20:20:37.981] [main/DEBUG] [net.minecraftforge.fml.javafmlmod.FMLModContainer/LOADING]: Creating FMLModContainer instance for org.infernalstudios.shieldexp.ShieldExpansion
[20Aug2025 20:20:37.982] [main/DEBUG] [net.minecraftforge.fml.javafmlmod.FMLJavaModLanguageProvider/LOADING]: Loading FMLModContainer from classloader cpw.mods.modlauncher.TransformingClassLoader@c4d2c44 - got cpw.mods.cl.ModuleClassLoader@46d9aec8
[20Aug2025 20:20:37.982] [main/DEBUG] [net.minecraftforge.fml.javafmlmod.FMLModContainer/LOADING]: Creating FMLModContainer instance for com.yungnickyoung.minecraft.betterfortresses.BetterFortressesForge
[20Aug2025 20:20:37.982] [main/DEBUG] [net.minecraftforge.fml.javafmlmod.FMLJavaModLanguageProvider/LOADING]: Loading FMLModContainer from classloader cpw.mods.modlauncher.TransformingClassLoader@c4d2c44 - got cpw.mods.cl.ModuleClassLoader@46d9aec8
[20Aug2025 20:20:37.982] [main/DEBUG] [net.minecraftforge.fml.javafmlmod.FMLModContainer/LOADING]: Creating FMLModContainer instance for tictim.paraglider.ParagliderMod
[20Aug2025 20:20:37.983] [main/DEBUG] [net.minecraftforge.fml.javafmlmod.FMLJavaModLanguageProvider/LOADING]: Loading FMLModContainer from classloader cpw.mods.modlauncher.TransformingClassLoader@c4d2c44 - got cpw.mods.cl.ModuleClassLoader@46d9aec8
[20Aug2025 20:20:37.983] [main/DEBUG] [net.minecraftforge.fml.javafmlmod.FMLModContainer/LOADING]: Creating FMLModContainer instance for me.shedaniel.clothconfig.ClothConfigForge
[20Aug2025 20:20:37.983] [main/DEBUG] [net.minecraftforge.fml.javafmlmod.FMLJavaModLanguageProvider/LOADING]: Loading FMLModContainer from classloader cpw.mods.modlauncher.TransformingClassLoader@c4d2c44 - got cpw.mods.cl.ModuleClassLoader@46d9aec8
[20Aug2025 20:20:37.983] [main/DEBUG] [net.minecraftforge.fml.javafmlmod.FMLModContainer/LOADING]: Creating FMLModContainer instance for com.natamus.stackrefill.ModForge
[20Aug2025 20:20:37.984] [main/DEBUG] [net.minecraftforge.fml.javafmlmod.FMLJavaModLanguageProvider/LOADING]: Loading FMLModContainer from classloader cpw.mods.modlauncher.TransformingClassLoader@c4d2c44 - got cpw.mods.cl.ModuleClassLoader@46d9aec8
[20Aug2025 20:20:37.984] [main/DEBUG] [net.minecraftforge.fml.javafmlmod.FMLModContainer/LOADING]: Creating FMLModContainer instance for net.ctov.forge.ctovForge
[20Aug2025 20:20:37.984] [main/DEBUG] [net.minecraftforge.fml.javafmlmod.FMLJavaModLanguageProvider/LOADING]: Loading FMLModContainer from classloader cpw.mods.modlauncher.TransformingClassLoader@c4d2c44 - got cpw.mods.cl.ModuleClassLoader@46d9aec8
[20Aug2025 20:20:37.984] [main/DEBUG] [net.minecraftforge.fml.javafmlmod.FMLModContainer/LOADING]: Creating FMLModContainer instance for me.fzzyhmstrs.fzzy_config.FzzyConfigForge
[20Aug2025 20:20:37.985] [main/DEBUG] [net.minecraftforge.fml.javafmlmod.FMLJavaModLanguageProvider/LOADING]: Loading FMLModContainer from classloader cpw.mods.modlauncher.TransformingClassLoader@c4d2c44 - got cpw.mods.cl.ModuleClassLoader@46d9aec8
[20Aug2025 20:20:37.985] [main/DEBUG] [net.minecraftforge.fml.javafmlmod.FMLModContainer/LOADING]: Creating FMLModContainer instance for de.keksuccino.konkrete.Konkrete
[20Aug2025 20:20:37.985] [main/DEBUG] [net.minecraftforge.fml.javafmlmod.FMLJavaModLanguageProvider/LOADING]: Loading FMLModContainer from classloader cpw.mods.modlauncher.TransformingClassLoader@c4d2c44 - got cpw.mods.cl.ModuleClassLoader@46d9aec8
[20Aug2025 20:20:37.985] [main/DEBUG] [net.minecraftforge.fml.javafmlmod.FMLModContainer/LOADING]: Creating FMLModContainer instance for com.anthonyhilyard.advancementplaques.Loader
[20Aug2025 20:20:37.986] [main/DEBUG] [net.minecraftforge.fml.javafmlmod.FMLJavaModLanguageProvider/LOADING]: Loading FMLModContainer from classloader cpw.mods.modlauncher.TransformingClassLoader@c4d2c44 - got cpw.mods.cl.ModuleClassLoader@46d9aec8
[20Aug2025 20:20:37.986] [main/DEBUG] [net.minecraftforge.fml.javafmlmod.FMLModContainer/LOADING]: Creating FMLModContainer instance for com.vladmarica.betterpingdisplay.BetterPingDisplayMod
[20Aug2025 20:20:37.986] [main/DEBUG] [net.minecraftforge.fml.javafmlmod.FMLJavaModLanguageProvider/LOADING]: Loading FMLModContainer from classloader cpw.mods.modlauncher.TransformingClassLoader@c4d2c44 - got cpw.mods.cl.ModuleClassLoader@46d9aec8
[20Aug2025 20:20:37.986] [main/DEBUG] [net.minecraftforge.fml.javafmlmod.FMLModContainer/LOADING]: Creating FMLModContainer instance for com.mcwbridges.kikoz.MacawsBridges
[20Aug2025 20:20:37.987] [main/DEBUG] [net.minecraftforge.fml.javafmlmod.FMLJavaModLanguageProvider/LOADING]: Loading FMLModContainer from classloader cpw.mods.modlauncher.TransformingClassLoader@c4d2c44 - got cpw.mods.cl.ModuleClassLoader@46d9aec8
[20Aug2025 20:20:37.987] [main/DEBUG] [net.minecraftforge.fml.javafmlmod.FMLModContainer/LOADING]: Creating FMLModContainer instance for com.modrinth.Cw8IlnGM.ModrinthWrapper
[20Aug2025 20:20:37.987] [main/DEBUG] [net.minecraftforge.fml.lowcodemod.LowCodeModLanguageProvider.LowCodeModTarget/LOADING]: Loading LowCodeModContainer from classloader cpw.mods.modlauncher.TransformingClassLoader@c4d2c44 - got cpw.mods.cl.ModuleClassLoader@46d9aec8
[20Aug2025 20:20:37.988] [main/DEBUG] [net.minecraftforge.fml.lowcodemod.LowCodeModContainer/LOADING]: Creating LowCodeModContainer for explorify
[20Aug2025 20:20:37.988] [main/DEBUG] [net.minecraftforge.fml.javafmlmod.FMLJavaModLanguageProvider/LOADING]: Loading FMLModContainer from classloader cpw.mods.modlauncher.TransformingClassLoader@c4d2c44 - got cpw.mods.cl.ModuleClassLoader@46d9aec8
[20Aug2025 20:20:37.988] [main/DEBUG] [net.minecraftforge.fml.javafmlmod.FMLModContainer/LOADING]: Creating FMLModContainer instance for com.supermartijn642.core.CoreLib
[20Aug2025 20:20:37.988] [main/DEBUG] [net.minecraftforge.fml.javafmlmod.FMLJavaModLanguageProvider/LOADING]: Loading FMLModContainer from classloader cpw.mods.modlauncher.TransformingClassLoader@c4d2c44 - got cpw.mods.cl.ModuleClassLoader@46d9aec8
[20Aug2025 20:20:37.988] [main/DEBUG] [net.minecraftforge.fml.javafmlmod.FMLModContainer/LOADING]: Creating FMLModContainer instance for com.yungnickyoung.minecraft.yungsbridges.YungsBridgesForge
[20Aug2025 20:20:37.989] [main/DEBUG] [net.minecraftforge.fml.javafmlmod.FMLJavaModLanguageProvider/LOADING]: Loading FMLModContainer from classloader cpw.mods.modlauncher.TransformingClassLoader@c4d2c44 - got cpw.mods.cl.ModuleClassLoader@46d9aec8
[20Aug2025 20:20:37.989] [main/DEBUG] [net.minecraftforge.fml.javafmlmod.FMLModContainer/LOADING]: Creating FMLModContainer instance for com.teamresourceful.resourcefulconfig.forge.ResourcefulconfigForge
[20Aug2025 20:20:37.989] [main/DEBUG] [net.minecraftforge.fml.javafmlmod.FMLJavaModLanguageProvider/LOADING]: Loading FMLModContainer from classloader cpw.mods.modlauncher.TransformingClassLoader@c4d2c44 - got cpw.mods.cl.ModuleClassLoader@46d9aec8
[20Aug2025 20:20:37.989] [main/DEBUG] [net.minecraftforge.fml.javafmlmod.FMLModContainer/LOADING]: Creating FMLModContainer instance for com.github.L_Ender.lionfishapi.LionfishAPI
[20Aug2025 20:20:37.990] [main/DEBUG] [net.minecraftforge.fml.javafmlmod.FMLJavaModLanguageProvider/LOADING]: Loading FMLModContainer from classloader cpw.mods.modlauncher.TransformingClassLoader@c4d2c44 - got cpw.mods.cl.ModuleClassLoader@46d9aec8
[20Aug2025 20:20:37.990] [main/DEBUG] [net.minecraftforge.fml.javafmlmod.FMLModContainer/LOADING]: Creating FMLModContainer instance for com.anthonyhilyard.highlighter.Loader
[20Aug2025 20:20:37.990] [main/DEBUG] [net.minecraftforge.fml.javafmlmod.FMLJavaModLanguageProvider/LOADING]: Loading FMLModContainer from classloader cpw.mods.modlauncher.TransformingClassLoader@c4d2c44 - got cpw.mods.cl.ModuleClassLoader@46d9aec8
[20Aug2025 20:20:37.990] [main/DEBUG] [net.minecraftforge.fml.javafmlmod.FMLModContainer/LOADING]: Creating FMLModContainer instance for org.zeith.improvableskills.ImprovableSkills
[20Aug2025 20:20:37.991] [main/DEBUG] [net.minecraftforge.fml.javafmlmod.FMLJavaModLanguageProvider/LOADING]: Loading FMLModContainer from classloader cpw.mods.modlauncher.TransformingClassLoader@c4d2c44 - got cpw.mods.cl.ModuleClassLoader@46d9aec8
[20Aug2025 20:20:37.991] [main/DEBUG] [net.minecraftforge.fml.javafmlmod.FMLModContainer/LOADING]: Creating FMLModContainer instance for top.theillusivec4.curios.Curios
[20Aug2025 20:20:37.992] [main/DEBUG] [net.minecraftforge.fml.javafmlmod.FMLJavaModLanguageProvider/LOADING]: Loading FMLModContainer from classloader cpw.mods.modlauncher.TransformingClassLoader@c4d2c44 - got cpw.mods.cl.ModuleClassLoader@46d9aec8
[20Aug2025 20:20:37.992] [main/DEBUG] [net.minecraftforge.fml.javafmlmod.FMLModContainer/LOADING]: Creating FMLModContainer instance for com.natamus.collective.CollectiveForge
[20Aug2025 20:20:37.992] [main/DEBUG] [net.minecraftforge.fml.javafmlmod.FMLJavaModLanguageProvider/LOADING]: Loading FMLModContainer from classloader cpw.mods.modlauncher.TransformingClassLoader@c4d2c44 - got cpw.mods.cl.ModuleClassLoader@46d9aec8
[20Aug2025 20:20:37.992] [main/DEBUG] [net.minecraftforge.fml.javafmlmod.FMLModContainer/LOADING]: Creating FMLModContainer instance for de.maxhenkel.camera.Main
[20Aug2025 20:20:37.993] [main/DEBUG] [net.minecraftforge.fml.lowcodemod.LowCodeModLanguageProvider.LowCodeModTarget/LOADING]: Loading LowCodeModContainer from classloader cpw.mods.modlauncher.TransformingClassLoader@c4d2c44 - got cpw.mods.cl.ModuleClassLoader@46d9aec8
[20Aug2025 20:20:37.993] [main/DEBUG] [net.minecraftforge.fml.lowcodemod.LowCodeModContainer/LOADING]: Creating LowCodeModContainer for mr_dungeons_andtaverns
[20Aug2025 20:20:37.993] [main/DEBUG] [net.minecraftforge.fml.javafmlmod.FMLJavaModLanguageProvider/LOADING]: Loading FMLModContainer from classloader cpw.mods.modlauncher.TransformingClassLoader@c4d2c44 - got cpw.mods.cl.ModuleClassLoader@46d9aec8
[20Aug2025 20:20:37.993] [main/DEBUG] [net.minecraftforge.fml.javafmlmod.FMLModContainer/LOADING]: Creating FMLModContainer instance for com.kwpugh.gobber2.Gobber2
[20Aug2025 20:20:37.994] [main/DEBUG] [net.minecraftforge.fml.javafmlmod.FMLJavaModLanguageProvider/LOADING]: Loading FMLModContainer from classloader cpw.mods.modlauncher.TransformingClassLoader@c4d2c44 - got cpw.mods.cl.ModuleClassLoader@46d9aec8
[20Aug2025 20:20:37.994] [main/DEBUG] [net.minecraftforge.fml.javafmlmod.FMLModContainer/LOADING]: Creating FMLModContainer instance for com.yungnickyoung.minecraft.betterstrongholds.BetterStrongholdsForge
[20Aug2025 20:20:37.994] [main/DEBUG] [net.minecraftforge.fml.javafmlmod.FMLJavaModLanguageProvider/LOADING]: Loading FMLModContainer from classloader cpw.mods.modlauncher.TransformingClassLoader@c4d2c44 - got cpw.mods.cl.ModuleClassLoader@46d9aec8
[20Aug2025 20:20:37.994] [main/DEBUG] [net.minecraftforge.fml.javafmlmod.FMLModContainer/LOADING]: Creating FMLModContainer instance for ovh.corail.tombstone.ModTombstone
[20Aug2025 20:20:37.995] [main/DEBUG] [net.minecraftforge.fml.javafmlmod.FMLJavaModLanguageProvider/LOADING]: Loading FMLModContainer from classloader cpw.mods.modlauncher.TransformingClassLoader@c4d2c44 - got cpw.mods.cl.ModuleClassLoader@46d9aec8
[20Aug2025 20:20:37.995] [main/DEBUG] [net.minecraftforge.fml.javafmlmod.FMLModContainer/LOADING]: Creating FMLModContainer instance for dev.architectury.forge.ArchitecturyForge
[20Aug2025 20:20:37.995] [main/DEBUG] [net.minecraftforge.fml.javafmlmod.FMLJavaModLanguageProvider/LOADING]: Loading FMLModContainer from classloader cpw.mods.modlauncher.TransformingClassLoader@c4d2c44 - got cpw.mods.cl.ModuleClassLoader@46d9aec8
[20Aug2025 20:20:37.995] [main/DEBUG] [net.minecraftforge.fml.javafmlmod.FMLModContainer/LOADING]: Creating FMLModContainer instance for com.builtbroken.ai.improvements.AIImprovements
[20Aug2025 20:20:37.996] [main/DEBUG] [net.minecraftforge.fml.javafmlmod.FMLJavaModLanguageProvider/LOADING]: Loading FMLModContainer from classloader cpw.mods.modlauncher.TransformingClassLoader@c4d2c44 - got cpw.mods.cl.ModuleClassLoader@46d9aec8
[20Aug2025 20:20:37.996] [main/DEBUG] [net.minecraftforge.fml.javafmlmod.FMLModContainer/LOADING]: Creating FMLModContainer instance for bl4ckscor3.mod.globalxp.GlobalXP
[20Aug2025 20:20:37.996] [main/DEBUG] [net.minecraftforge.fml.javafmlmod.FMLJavaModLanguageProvider/LOADING]: Loading FMLModContainer from classloader cpw.mods.modlauncher.TransformingClassLoader@c4d2c44 - got cpw.mods.cl.ModuleClassLoader@46d9aec8
[20Aug2025 20:20:37.996] [main/DEBUG] [net.minecraftforge.fml.javafmlmod.FMLModContainer/LOADING]: Creating FMLModContainer instance for com.cupboard.Cupboard
[20Aug2025 20:20:37.997] [main/DEBUG] [net.minecraftforge.fml.javafmlmod.FMLJavaModLanguageProvider/LOADING]: Loading FMLModContainer from classloader cpw.mods.modlauncher.TransformingClassLoader@c4d2c44 - got cpw.mods.cl.ModuleClassLoader@46d9aec8
[20Aug2025 20:20:37.997] [main/DEBUG] [net.minecraftforge.fml.javafmlmod.FMLModContainer/LOADING]: Creating FMLModContainer instance for dev.tr7zw.transition.TRansitionBootstrap
[20Aug2025 20:20:37.997] [main/DEBUG] [net.minecraftforge.fml.javafmlmod.FMLJavaModLanguageProvider/LOADING]: Loading FMLModContainer from classloader cpw.mods.modlauncher.TransformingClassLoader@c4d2c44 - got cpw.mods.cl.ModuleClassLoader@46d9aec8
[20Aug2025 20:20:37.997] [main/DEBUG] [net.minecraftforge.fml.javafmlmod.FMLModContainer/LOADING]: Creating FMLModContainer instance for com.mrcrayfish.furniture.refurbished.FurnitureMod
[20Aug2025 20:20:37.998] [main/DEBUG] [net.minecraftforge.fml.javafmlmod.FMLJavaModLanguageProvider/LOADING]: Loading FMLModContainer from classloader cpw.mods.modlauncher.TransformingClassLoader@c4d2c44 - got cpw.mods.cl.ModuleClassLoader@46d9aec8
[20Aug2025 20:20:37.998] [main/DEBUG] [net.minecraftforge.fml.javafmlmod.FMLModContainer/LOADING]: Creating FMLModContainer instance for com.yungnickyoung.minecraft.betterendisland.BetterEndIslandForge
[20Aug2025 20:20:37.998] [main/DEBUG] [net.minecraftforge.fml.javafmlmod.FMLJavaModLanguageProvider/LOADING]: Loading FMLModContainer from classloader cpw.mods.modlauncher.TransformingClassLoader@c4d2c44 - got cpw.mods.cl.ModuleClassLoader@46d9aec8
[20Aug2025 20:20:37.998] [main/DEBUG] [net.minecraftforge.fml.javafmlmod.FMLModContainer/LOADING]: Creating FMLModContainer instance for com.mrcrayfish.framework.FrameworkForge
[20Aug2025 20:20:37.999] [main/DEBUG] [net.minecraftforge.fml.javafmlmod.FMLJavaModLanguageProvider/LOADING]: Loading FMLModContainer from classloader cpw.mods.modlauncher.TransformingClassLoader@c4d2c44 - got cpw.mods.cl.ModuleClassLoader@46d9aec8
[20Aug2025 20:20:37.999] [main/DEBUG] [net.minecraftforge.fml.javafmlmod.FMLModContainer/LOADING]: Creating FMLModContainer instance for de.cristelknight999.t_and_t.TT
[20Aug2025 20:20:37.999] [main/DEBUG] [net.minecraftforge.fml.javafmlmod.FMLJavaModLanguageProvider/LOADING]: Loading FMLModContainer from classloader cpw.mods.modlauncher.TransformingClassLoader@c4d2c44 - got cpw.mods.cl.ModuleClassLoader@46d9aec8
[20Aug2025 20:20:37.999] [main/DEBUG] [net.minecraftforge.fml.javafmlmod.FMLModContainer/LOADING]: Creating FMLModContainer instance for team.creative.playerrevive.PlayerRevive
[20Aug2025 20:20:38.000] [main/DEBUG] [net.minecraftforge.fml.javafmlmod.FMLJavaModLanguageProvider/LOADING]: Loading FMLModContainer from classloader cpw.mods.modlauncher.TransformingClassLoader@c4d2c44 - got cpw.mods.cl.ModuleClassLoader@46d9aec8
[20Aug2025 20:20:38.000] [main/DEBUG] [net.minecraftforge.fml.javafmlmod.FMLModContainer/LOADING]: Creating FMLModContainer instance for fuzs.enchantinginfuser.EnchantingInfuserForge
[20Aug2025 20:20:38.000] [main/DEBUG] [net.minecraftforge.fml.javafmlmod.FMLJavaModLanguageProvider/LOADING]: Loading FMLModContainer from classloader cpw.mods.modlauncher.TransformingClassLoader@c4d2c44 - got cpw.mods.cl.ModuleClassLoader@46d9aec8
[20Aug2025 20:20:38.001] [main/DEBUG] [net.minecraftforge.fml.javafmlmod.FMLModContainer/LOADING]: Creating FMLModContainer instance for com.mcwlights.kikoz.MacawsLights
[20Aug2025 20:20:38.001] [main/DEBUG] [net.minecraftforge.fml.javafmlmod.FMLJavaModLanguageProvider/LOADING]: Loading FMLModContainer from classloader cpw.mods.modlauncher.TransformingClassLoader@c4d2c44 - got cpw.mods.cl.ModuleClassLoader@46d9aec8
[20Aug2025 20:20:38.001] [main/DEBUG] [net.minecraftforge.fml.javafmlmod.FMLModContainer/LOADING]: Creating FMLModContainer instance for com.natamus.doubledoors.ModForge
[20Aug2025 20:20:38.001] [main/DEBUG] [net.minecraftforge.fml.javafmlmod.FMLJavaModLanguageProvider/LOADING]: Loading FMLModContainer from classloader cpw.mods.modlauncher.TransformingClassLoader@c4d2c44 - got cpw.mods.cl.ModuleClassLoader@46d9aec8
[20Aug2025 20:20:38.001] [main/DEBUG] [net.minecraftforge.fml.javafmlmod.FMLModContainer/LOADING]: Creating FMLModContainer instance for io.github.bumblesoftware.fastload.init.Fastload
[20Aug2025 20:20:38.002] [main/DEBUG] [net.minecraftforge.fml.javafmlmod.FMLJavaModLanguageProvider/LOADING]: Loading FMLModContainer from classloader cpw.mods.modlauncher.TransformingClassLoader@c4d2c44 - got cpw.mods.cl.ModuleClassLoader@46d9aec8
[20Aug2025 20:20:38.002] [main/DEBUG] [net.minecraftforge.fml.javafmlmod.FMLModContainer/LOADING]: Creating FMLModContainer instance for forge.net.mca.forge.MCAForge
[20Aug2025 20:20:38.002] [main/DEBUG] [net.minecraftforge.fml.javafmlmod.FMLJavaModLanguageProvider/LOADING]: Loading FMLModContainer from classloader cpw.mods.modlauncher.TransformingClassLoader@c4d2c44 - got cpw.mods.cl.ModuleClassLoader@46d9aec8
[20Aug2025 20:20:38.002] [main/DEBUG] [net.minecraftforge.fml.javafmlmod.FMLModContainer/LOADING]: Creating FMLModContainer instance for mezz.jei.forge.JustEnoughItems
[20Aug2025 20:20:38.003] [main/DEBUG] [net.minecraftforge.fml.javafmlmod.FMLJavaModLanguageProvider/LOADING]: Loading FMLModContainer from classloader cpw.mods.modlauncher.TransformingClassLoader@c4d2c44 - got cpw.mods.cl.ModuleClassLoader@46d9aec8
[20Aug2025 20:20:38.003] [main/DEBUG] [net.minecraftforge.fml.javafmlmod.FMLModContainer/LOADING]: Creating FMLModContainer instance for dev.worldgen.lithostitched.LithostitchedForge
[20Aug2025 20:20:38.003] [main/DEBUG] [net.minecraftforge.fml.javafmlmod.FMLJavaModLanguageProvider/LOADING]: Loading FMLModContainer from classloader cpw.mods.modlauncher.TransformingClassLoader@c4d2c44 - got cpw.mods.cl.ModuleClassLoader@46d9aec8
[20Aug2025 20:20:38.003] [main/DEBUG] [net.minecraftforge.fml.javafmlmod.FMLModContainer/LOADING]: Creating FMLModContainer instance for com.mrcrayfish.goblintraders.GoblinTraders
[20Aug2025 20:20:38.004] [main/DEBUG] [net.minecraftforge.fml.javafmlmod.FMLJavaModLanguageProvider/LOADING]: Loading FMLModContainer from classloader cpw.mods.modlauncher.TransformingClassLoader@c4d2c44 - got cpw.mods.cl.ModuleClassLoader@46d9aec8
[20Aug2025 20:20:38.004] [main/DEBUG] [net.minecraftforge.fml.javafmlmod.FMLModContainer/LOADING]: Creating FMLModContainer instance for dev.tr7zw.trender.gui.impl.client.LibGuiBootstrap
[20Aug2025 20:20:38.004] [main/DEBUG] [net.minecraftforge.fml.javafmlmod.FMLJavaModLanguageProvider/LOADING]: Loading FMLModContainer from classloader cpw.mods.modlauncher.TransformingClassLoader@c4d2c44 - got cpw.mods.cl.ModuleClassLoader@46d9aec8
[20Aug2025 20:20:38.004] [main/DEBUG] [net.minecraftforge.fml.javafmlmod.FMLModContainer/LOADING]: Creating FMLModContainer instance for net.blay09.mods.waystones.ForgeWaystones
[20Aug2025 20:20:38.005] [main/DEBUG] [net.minecraftforge.fml.lowcodemod.LowCodeModLanguageProvider.LowCodeModTarget/LOADING]: Loading LowCodeModContainer from classloader cpw.mods.modlauncher.TransformingClassLoader@c4d2c44 - got cpw.mods.cl.ModuleClassLoader@46d9aec8
[20Aug2025 20:20:38.005] [main/DEBUG] [net.minecraftforge.fml.lowcodemod.LowCodeModContainer/LOADING]: Creating LowCodeModContainer for structory
[20Aug2025 20:20:38.005] [main/DEBUG] [net.minecraftforge.fml.javafmlmod.FMLJavaModLanguageProvider/LOADING]: Loading FMLModContainer from classloader cpw.mods.modlauncher.TransformingClassLoader@c4d2c44 - got cpw.mods.cl.ModuleClassLoader@46d9aec8
[20Aug2025 20:20:38.005] [main/DEBUG] [net.minecraftforge.fml.javafmlmod.FMLModContainer/LOADING]: Creating FMLModContainer instance for com.blamejared.clumps.Clumps
[20Aug2025 20:20:38.005] [main/DEBUG] [net.minecraftforge.fml.javafmlmod.FMLJavaModLanguageProvider/LOADING]: Loading FMLModContainer from classloader cpw.mods.modlauncher.TransformingClassLoader@c4d2c44 - got cpw.mods.cl.ModuleClassLoader@46d9aec8
[20Aug2025 20:20:38.005] [main/DEBUG] [net.minecraftforge.fml.javafmlmod.FMLModContainer/LOADING]: Creating FMLModContainer instance for journeymap.common.Journeymap
[20Aug2025 20:20:38.006] [main/DEBUG] [net.minecraftforge.fml.javafmlmod.FMLJavaModLanguageProvider/LOADING]: Loading FMLModContainer from classloader cpw.mods.modlauncher.TransformingClassLoader@c4d2c44 - got cpw.mods.cl.ModuleClassLoader@46d9aec8
[20Aug2025 20:20:38.006] [main/DEBUG] [net.minecraftforge.fml.javafmlmod.FMLModContainer/LOADING]: Creating FMLModContainer instance for artifacts.forge.ArtifactsForge
[20Aug2025 20:20:38.006] [main/DEBUG] [net.minecraftforge.fml.lowcodemod.LowCodeModLanguageProvider.LowCodeModTarget/LOADING]: Loading LowCodeModContainer from classloader cpw.mods.modlauncher.TransformingClassLoader@c4d2c44 - got cpw.mods.cl.ModuleClassLoader@46d9aec8
[20Aug2025 20:20:38.007] [main/DEBUG] [net.minecraftforge.fml.lowcodemod.LowCodeModContainer/LOADING]: Creating LowCodeModContainer for mr_lukis_grandcapitals
[20Aug2025 20:20:38.007] [main/DEBUG] [net.minecraftforge.fml.javafmlmod.FMLJavaModLanguageProvider/LOADING]: Loading FMLModContainer from classloader cpw.mods.modlauncher.TransformingClassLoader@c4d2c44 - got cpw.mods.cl.ModuleClassLoader@46d9aec8
[20Aug2025 20:20:38.007] [main/DEBUG] [net.minecraftforge.fml.javafmlmod.FMLModContainer/LOADING]: Creating FMLModContainer instance for glitchcore.forge.GlitchCoreForge
[20Aug2025 20:20:38.007] [main/DEBUG] [net.minecraftforge.fml.javafmlmod.FMLJavaModLanguageProvider/LOADING]: Loading FMLModContainer from classloader cpw.mods.modlauncher.TransformingClassLoader@c4d2c44 - got cpw.mods.cl.ModuleClassLoader@46d9aec8
[20Aug2025 20:20:38.007] [main/DEBUG] [net.minecraftforge.fml.javafmlmod.FMLModContainer/LOADING]: Creating FMLModContainer instance for com.supermartijn642.fusion.Fusion
[20Aug2025 20:20:38.007] [main/DEBUG] [net.minecraftforge.fml.javafmlmod.FMLJavaModLanguageProvider/LOADING]: Loading FMLModContainer from classloader cpw.mods.modlauncher.TransformingClassLoader@c4d2c44 - got cpw.mods.cl.ModuleClassLoader@46d9aec8
[20Aug2025 20:20:38.007] [main/DEBUG] [net.minecraftforge.fml.javafmlmod.FMLModContainer/LOADING]: Creating FMLModContainer instance for dev.tr7zw.skinlayers.SkinLayersBootstrap
[20Aug2025 20:20:38.008] [main/DEBUG] [net.minecraftforge.fml.javafmlmod.FMLJavaModLanguageProvider/LOADING]: Loading FMLModContainer from classloader cpw.mods.modlauncher.TransformingClassLoader@c4d2c44 - got cpw.mods.cl.ModuleClassLoader@46d9aec8
[20Aug2025 20:20:38.008] [main/DEBUG] [net.minecraftforge.fml.javafmlmod.FMLModContainer/LOADING]: Creating FMLModContainer instance for net.minecraftforge.common.ForgeMod
[20Aug2025 20:20:38.010] [main/DEBUG] [net.minecraftforge.fml.javafmlmod.FMLJavaModLanguageProvider/LOADING]: Loading FMLModContainer from classloader cpw.mods.modlauncher.TransformingClassLoader@c4d2c44 - got cpw.mods.cl.ModuleClassLoader@46d9aec8
[20Aug2025 20:20:38.010] [main/DEBUG] [net.minecraftforge.fml.javafmlmod.FMLModContainer/LOADING]: Creating FMLModContainer instance for org.tlauncher.forge.ForgeMod
[20Aug2025 20:20:38.010] [main/DEBUG] [net.minecraftforge.fml.javafmlmod.FMLJavaModLanguageProvider/LOADING]: Loading FMLModContainer from classloader cpw.mods.modlauncher.TransformingClassLoader@c4d2c44 - got cpw.mods.cl.ModuleClassLoader@46d9aec8
[20Aug2025 20:20:38.010] [main/DEBUG] [net.minecraftforge.fml.javafmlmod.FMLModContainer/LOADING]: Creating FMLModContainer instance for atomicstryker.infernalmobs.common.InfernalMobsCore
[20Aug2025 20:20:38.011] [main/DEBUG] [net.minecraftforge.fml.javafmlmod.FMLJavaModLanguageProvider/LOADING]: Loading FMLModContainer from classloader cpw.mods.modlauncher.TransformingClassLoader@c4d2c44 - got cpw.mods.cl.ModuleClassLoader@46d9aec8
[20Aug2025 20:20:38.012] [main/DEBUG] [net.minecraftforge.fml.javafmlmod.FMLModContainer/LOADING]: Creating FMLModContainer instance for net.aurelj.dungeons_arise.DungeonsAriseMain
[20Aug2025 20:20:38.012] [main/DEBUG] [net.minecraftforge.fml.javafmlmod.FMLJavaModLanguageProvider/LOADING]: Loading FMLModContainer from classloader cpw.mods.modlauncher.TransformingClassLoader@c4d2c44 - got cpw.mods.cl.ModuleClassLoader@46d9aec8
[20Aug2025 20:20:38.012] [main/DEBUG] [net.minecraftforge.fml.javafmlmod.FMLModContainer/LOADING]: Creating FMLModContainer instance for net.mcreator.useless_sword.UselessSwordMod
[20Aug2025 20:20:38.013] [main/DEBUG] [net.minecraftforge.fml.javafmlmod.FMLJavaModLanguageProvider/LOADING]: Loading FMLModContainer from classloader cpw.mods.modlauncher.TransformingClassLoader@c4d2c44 - got cpw.mods.cl.ModuleClassLoader@46d9aec8
[20Aug2025 20:20:38.013] [main/DEBUG] [net.minecraftforge.fml.javafmlmod.FMLModContainer/LOADING]: Creating FMLModContainer instance for net.mcreator.sonsofsins.SonsOfSinsMod
[20Aug2025 20:20:38.013] [main/DEBUG] [net.minecraftforge.fml.javafmlmod.FMLJavaModLanguageProvider/LOADING]: Loading FMLModContainer from classloader cpw.mods.modlauncher.TransformingClassLoader@c4d2c44 - got cpw.mods.cl.ModuleClassLoader@46d9aec8
[20Aug2025 20:20:38.013] [main/DEBUG] [net.minecraftforge.fml.javafmlmod.FMLModContainer/LOADING]: Creating FMLModContainer instance for net.darkhax.enchdesc.EnchDescForge
[20Aug2025 20:20:38.014] [main/DEBUG] [net.minecraftforge.fml.javafmlmod.FMLJavaModLanguageProvider/LOADING]: Loading FMLModContainer from classloader cpw.mods.modlauncher.TransformingClassLoader@c4d2c44 - got cpw.mods.cl.ModuleClassLoader@46d9aec8
[20Aug2025 20:20:38.014] [main/DEBUG] [net.minecraftforge.fml.javafmlmod.FMLModContainer/LOADING]: Creating FMLModContainer instance for terrablender.core.TerraBlenderForge
[20Aug2025 20:20:38.014] [main/DEBUG] [net.minecraftforge.fml.javafmlmod.FMLJavaModLanguageProvider/LOADING]: Loading FMLModContainer from classloader cpw.mods.modlauncher.TransformingClassLoader@c4d2c44 - got cpw.mods.cl.ModuleClassLoader@46d9aec8
[20Aug2025 20:20:38.014] [main/DEBUG] [net.minecraftforge.fml.javafmlmod.FMLModContainer/LOADING]: Creating FMLModContainer instance for snownee.jade.util.CommonProxy
[20Aug2025 20:20:38.015] [main/DEBUG] [net.minecraftforge.fml.javafmlmod.FMLJavaModLanguageProvider/LOADING]: Loading FMLModContainer from classloader cpw.mods.modlauncher.TransformingClassLoader@c4d2c44 - got cpw.mods.cl.ModuleClassLoader@46d9aec8
[20Aug2025 20:20:38.016] [main/DEBUG] [net.minecraftforge.fml.javafmlmod.FMLModContainer/LOADING]: Creating FMLModContainer instance for team.creative.creativecore.CreativeCore
[20Aug2025 20:20:38.017] [main/DEBUG] [thedarkcolour.kotlinforforge.LoggerKt/LOADING]: Loading KotlinModContainer from classloader cpw.mods.modlauncher.TransformingClassLoader@c4d2c44 - got cpw.mods.cl.ModuleClassLoader@46d9aec8}
[20Aug2025 20:20:38.017] [main/DEBUG] [thedarkcolour.kotlinforforge.LoggerKt/LOADING]: Creating KotlinModContainer instance for thedarkcolour.kotlinforforge.test.KotlinForForge
[20Aug2025 20:20:38.018] [main/DEBUG] [net.minecraftforge.fml.javafmlmod.FMLJavaModLanguageProvider/LOADING]: Loading FMLModContainer from classloader cpw.mods.modlauncher.TransformingClassLoader@c4d2c44 - got cpw.mods.cl.ModuleClassLoader@46d9aec8
[20Aug2025 20:20:38.019] [main/DEBUG] [net.minecraftforge.fml.javafmlmod.FMLModContainer/LOADING]: Creating FMLModContainer instance for dev.tr7zw.notenoughanimations.NEABootstrap
[20Aug2025 20:20:38.019] [main/DEBUG] [net.minecraftforge.fml.javafmlmod.FMLJavaModLanguageProvider/LOADING]: Loading FMLModContainer from classloader cpw.mods.modlauncher.TransformingClassLoader@c4d2c44 - got cpw.mods.cl.ModuleClassLoader@46d9aec8
[20Aug2025 20:20:38.019] [main/DEBUG] [net.minecraftforge.fml.javafmlmod.FMLModContainer/LOADING]: Creating FMLModContainer instance for com.anthonyhilyard.iceberg.Loader
[20Aug2025 20:20:38.019] [main/DEBUG] [net.minecraftforge.fml.javafmlmod.FMLJavaModLanguageProvider/LOADING]: Loading FMLModContainer from classloader cpw.mods.modlauncher.TransformingClassLoader@c4d2c44 - got cpw.mods.cl.ModuleClassLoader@46d9aec8
[20Aug2025 20:20:38.019] [main/DEBUG] [net.minecraftforge.fml.javafmlmod.FMLModContainer/LOADING]: Creating FMLModContainer instance for com.brutalbosses.BrutalBosses
[20Aug2025 20:20:38.020] [main/DEBUG] [net.minecraftforge.fml.javafmlmod.FMLJavaModLanguageProvider/LOADING]: Loading FMLModContainer from classloader cpw.mods.modlauncher.TransformingClassLoader@c4d2c44 - got cpw.mods.cl.ModuleClassLoader@46d9aec8
[20Aug2025 20:20:38.020] [main/DEBUG] [net.minecraftforge.fml.javafmlmod.FMLModContainer/LOADING]: Creating FMLModContainer instance for dev.shadowsoffire.fastbench.FastBench
[20Aug2025 20:20:38.021] [main/DEBUG] [net.minecraftforge.fml.javafmlmod.FMLJavaModLanguageProvider/LOADING]: Loading FMLModContainer from classloader cpw.mods.modlauncher.TransformingClassLoader@c4d2c44 - got cpw.mods.cl.ModuleClassLoader@46d9aec8
[20Aug2025 20:20:38.021] [main/DEBUG] [net.minecraftforge.fml.javafmlmod.FMLModContainer/LOADING]: Creating FMLModContainer instance for net.geforcemods.securitycraft.SecurityCraft
[20Aug2025 20:20:38.022] [main/DEBUG] [net.minecraftforge.fml.javafmlmod.FMLJavaModLanguageProvider/LOADING]: Loading FMLModContainer from classloader cpw.mods.modlauncher.TransformingClassLoader@c4d2c44 - got cpw.mods.cl.ModuleClassLoader@46d9aec8
[20Aug2025 20:20:38.022] [main/DEBUG] [net.minecraftforge.fml.javafmlmod.FMLModContainer/LOADING]: Creating FMLModContainer instance for com.corosus.coroutil.loader.forge.ConfigModForge
[20Aug2025 20:20:38.022] [main/DEBUG] [net.minecraftforge.fml.javafmlmod.FMLJavaModLanguageProvider/LOADING]: Loading FMLModContainer from classloader cpw.mods.modlauncher.TransformingClassLoader@c4d2c44 - got cpw.mods.cl.ModuleClassLoader@46d9aec8
[20Aug2025 20:20:38.023] [main/DEBUG] [net.minecraftforge.fml.javafmlmod.FMLModContainer/LOADING]: Creating FMLModContainer instance for dev.shadowsoffire.fastfurnace.FastFurnace
[20Aug2025 20:20:38.023] [main/DEBUG] [net.minecraftforge.fml.javafmlmod.FMLJavaModLanguageProvider/LOADING]: Loading FMLModContainer from classloader cpw.mods.modlauncher.TransformingClassLoader@c4d2c44 - got cpw.mods.cl.ModuleClassLoader@46d9aec8
[20Aug2025 20:20:38.023] [main/DEBUG] [net.minecraftforge.fml.javafmlmod.FMLModContainer/LOADING]: Creating FMLModContainer instance for squeek.appleskin.AppleSkin
[20Aug2025 20:20:38.023] [main/DEBUG] [net.minecraftforge.fml.javafmlmod.FMLJavaModLanguageProvider/LOADING]: Loading FMLModContainer from classloader cpw.mods.modlauncher.TransformingClassLoader@c4d2c44 - got cpw.mods.cl.ModuleClassLoader@46d9aec8
[20Aug2025 20:20:38.023] [main/DEBUG] [net.minecraftforge.fml.javafmlmod.FMLModContainer/LOADING]: Creating FMLModContainer instance for malte0811.ferritecore.ModMainForge
[20Aug2025 20:20:38.024] [main/DEBUG] [net.minecraftforge.fml.javafmlmod.FMLJavaModLanguageProvider/LOADING]: Loading FMLModContainer from classloader cpw.mods.modlauncher.TransformingClassLoader@c4d2c44 - got cpw.mods.cl.ModuleClassLoader@46d9aec8
[20Aug2025 20:20:38.024] [main/DEBUG] [net.minecraftforge.fml.javafmlmod.FMLModContainer/LOADING]: Creating FMLModContainer instance for com.supermartijn642.connectedglass.ConnectedGlass
[20Aug2025 20:20:38.024] [main/DEBUG] [net.minecraftforge.fml.javafmlmod.FMLJavaModLanguageProvider/LOADING]: Loading FMLModContainer from classloader cpw.mods.modlauncher.TransformingClassLoader@c4d2c44 - got cpw.mods.cl.ModuleClassLoader@46d9aec8
[20Aug2025 20:20:38.024] [main/DEBUG] [net.minecraftforge.fml.javafmlmod.FMLModContainer/LOADING]: Creating FMLModContainer instance for fuzs.puzzleslib.impl.PuzzlesLibForge
[20Aug2025 20:20:38.025] [main/DEBUG] [net.minecraftforge.fml.javafmlmod.FMLJavaModLanguageProvider/LOADING]: Loading FMLModContainer from classloader cpw.mods.modlauncher.TransformingClassLoader@c4d2c44 - got cpw.mods.cl.ModuleClassLoader@46d9aec8
[20Aug2025 20:20:38.025] [main/DEBUG] [net.minecraftforge.fml.javafmlmod.FMLModContainer/LOADING]: Creating FMLModContainer instance for de.keksuccino.justzoom.JustZoomForge
[20Aug2025 20:20:38.025] [main/DEBUG] [net.minecraftforge.fml.javafmlmod.FMLJavaModLanguageProvider/LOADING]: Loading FMLModContainer from classloader cpw.mods.modlauncher.TransformingClassLoader@c4d2c44 - got cpw.mods.cl.ModuleClassLoader@46d9aec8
[20Aug2025 20:20:38.025] [main/DEBUG] [net.minecraftforge.fml.javafmlmod.FMLModContainer/LOADING]: Creating FMLModContainer instance for me.treyruffy.betterf3.BetterF3Forge
[20Aug2025 20:20:38.026] [main/DEBUG] [net.minecraftforge.fml.javafmlmod.FMLJavaModLanguageProvider/LOADING]: Loading FMLModContainer from classloader cpw.mods.modlauncher.TransformingClassLoader@c4d2c44 - got cpw.mods.cl.ModuleClassLoader@46d9aec8
[20Aug2025 20:20:38.026] [main/DEBUG] [net.minecraftforge.fml.javafmlmod.FMLModContainer/LOADING]: Creating FMLModContainer instance for be.florens.expandability.forge.ExpandAbilityForge
[20Aug2025 20:20:38.026] [main/DEBUG] [net.minecraftforge.fml.javafmlmod.FMLJavaModLanguageProvider/LOADING]: Loading FMLModContainer from classloader cpw.mods.modlauncher.TransformingClassLoader@c4d2c44 - got cpw.mods.cl.ModuleClassLoader@46d9aec8
[20Aug2025 20:20:38.026] [main/DEBUG] [net.minecraftforge.fml.javafmlmod.FMLModContainer/LOADING]: Creating FMLModContainer instance for fuzs.overflowingbars.OverflowingBarsForge
[20Aug2025 20:20:38.027] [main/DEBUG] [net.minecraftforge.fml.javafmlmod.FMLJavaModLanguageProvider/LOADING]: Loading FMLModContainer from classloader cpw.mods.modlauncher.TransformingClassLoader@c4d2c44 - got cpw.mods.cl.ModuleClassLoader@46d9aec8
[20Aug2025 20:20:38.027] [main/DEBUG] [net.minecraftforge.fml.javafmlmod.FMLModContainer/LOADING]: Creating FMLModContainer instance for lekavar.lma.drinkbeer.DrinkBeer
[20Aug2025 20:20:38.027] [main/DEBUG] [net.minecraftforge.fml.javafmlmod.FMLJavaModLanguageProvider/LOADING]: Loading FMLModContainer from classloader cpw.mods.modlauncher.TransformingClassLoader@c4d2c44 - got cpw.mods.cl.ModuleClassLoader@46d9aec8
[20Aug2025 20:20:38.027] [main/DEBUG] [net.minecraftforge.fml.javafmlmod.FMLModContainer/LOADING]: Creating FMLModContainer instance for net.cristellib.forge.CristelLibForge
[20Aug2025 20:20:38.038] [modloading-worker-0/DEBUG] [net.minecraftforge.fml.javafmlmod.AutomaticEventSubscriber/LOADING]: Attempting to inject @EventBusSubscriber classes into the eventbus for kuma_api
[20Aug2025 20:20:38.042] [modloading-worker-0/DEBUG] [Subtle Effects/]: Loaded einstein.subtle_effects.platform.ForgePlatformHelper@487f4fce for service interface einstein.subtle_effects.platform.services.IPlatformHelper
[20Aug2025 20:20:38.043] [modloading-worker-0/DEBUG] [Subtle Effects/]: Loaded einstein.subtle_effects.platform.ForgeRegistryHelper@31f4022 for service interface einstein.subtle_effects.platform.services.RegistryHelper
[20Aug2025 20:20:38.044] [modloading-worker-0/DEBUG] [Subtle Effects/]: Loaded einstein.subtle_effects.platform.ForgeParticleHelper@32d0b2d5 for service interface einstein.subtle_effects.platform.services.ParticleHelper
[20Aug2025 20:20:38.057] [modloading-worker-0/DEBUG] [net.minecraftforge.fml.javafmlmod.AutomaticEventSubscriber/LOADING]: Attempting to inject @EventBusSubscriber classes into the eventbus for botarium
[20Aug2025 20:20:38.057] [modloading-worker-0/DEBUG] [Bookshelf/]: Loaded net.darkhax.bookshelf.impl.util.PlatformHelperForge@597cb790 for service interface net.darkhax.bookshelf.api.util.IPlatformHelper.
[20Aug2025 20:20:38.062] [modloading-worker-0/DEBUG] [Bookshelf/]: Loaded net.darkhax.bookshelf.impl.event.EventHelperForge@51695ae6 for service interface net.darkhax.bookshelf.api.event.IEventHelper.
[20Aug2025 20:20:38.064] [modloading-worker-0/DEBUG] [Bookshelf/]: Loaded net.darkhax.bookshelf.impl.registry.ContentLoaderForge@2bdf70c9 for service interface net.darkhax.bookshelf.api.registry.IContentLoader.
[20Aug2025 20:20:38.067] [modloading-worker-0/DEBUG] [Bookshelf/]: Loaded net.darkhax.bookshelf.impl.data.TagHelperForge@35b50bdb for service interface net.darkhax.bookshelf.api.data.ITagHelper.
[20Aug2025 20:20:38.072] [modloading-worker-0/DEBUG] [Bookshelf/]: Loaded net.darkhax.bookshelf.impl.util.InventoryHelperForge@3d18db8d for service interface net.darkhax.bookshelf.api.util.IInventoryHelper.
[20Aug2025 20:20:38.073] [modloading-worker-0/DEBUG] [Bookshelf/]: Loaded net.darkhax.bookshelf.impl.util.ConstructHelperForge@615e2201 for service interface net.darkhax.bookshelf.api.util.IConstructHelper.
[20Aug2025 20:20:38.073] [modloading-worker-0/DEBUG] [net.minecraftforge.fml.javafmlmod.AutomaticEventSubscriber/LOADING]: Attempting to inject @EventBusSubscriber classes into the eventbus for tipsmod
[20Aug2025 20:20:38.077] [modloading-worker-0/DEBUG] [net.minecraftforge.fml.javafmlmod.AutomaticEventSubscriber/LOADING]: Attempting to inject @EventBusSubscriber classes into the eventbus for prism
[20Aug2025 20:20:38.080] [modloading-worker-0/DEBUG] [Subtle Effects/]: Loaded einstein.subtle_effects.platform.ForgeNetworkHelper@380ef869 for service interface einstein.subtle_effects.platform.services.NetworkHelper
[20Aug2025 20:20:38.084] [modloading-worker-0/DEBUG] [net.minecraftforge.fml.config.ConfigTracker/CONFIG]: Config file sophisticatedcore-common.toml for sophisticatedcore tracking
[20Aug2025 20:20:38.088] [modloading-worker-0/DEBUG] [net.minecraftforge.fml.config.ConfigTracker/CONFIG]: Config file sophisticatedcore-client.toml for sophisticatedcore tracking
[20Aug2025 20:20:38.107] [modloading-worker-0/DEBUG] [net.minecraftforge.fml.javafmlmod.AutomaticEventSubscriber/LOADING]: Attempting to inject @EventBusSubscriber classes into the eventbus for placebo
[20Aug2025 20:20:38.110] [modloading-worker-0/DEBUG] [net.minecraftforge.fml.javafmlmod.AutomaticEventSubscriber/LOADING]: Auto-subscribing dev.shadowsoffire.placebo.util.PlaceboTaskQueue to FORGE
[20Aug2025 20:20:38.116] [modloading-worker-0/DEBUG] [mixin/]: Mixing ServerResourcesMixin from placebo.mixins.json into net.minecraft.server.ReloadableServerResources
[20Aug2025 20:20:38.118] [modloading-worker-0/DEBUG] [mixin/]: Mixing ReloadableServerResourcesMixin from balm.mixins.json into net.minecraft.server.ReloadableServerResources
[20Aug2025 20:20:38.118] [modloading-worker-0/DEBUG] [mixin/]: Renaming synthetic method lambda$loadResources$0(Lnet/minecraft/server/ReloadableServerResources;)V to md7b373c$lambda$loadResources$0$0 in balm.mixins.json:ReloadableServerResourcesMixin
[20Aug2025 20:20:38.139] [modloading-worker-0/DEBUG] [mixin/]: Mixing PlayerListMixin from balm.mixins.json into net.minecraft.server.players.PlayerList
[20Aug2025 20:20:38.141] [modloading-worker-0/DEBUG] [mixin/]: Mixing camera.PlayerListMixin from securitycraft.mixins.json into net.minecraft.server.players.PlayerList
[20Aug2025 20:20:38.152] [modloading-worker-0/DEBUG] [mixin/]: Mixing RecipeManagerAccessor from mixins.hammerlib.json into net.minecraft.world.item.crafting.RecipeManager
[20Aug2025 20:20:38.152] [modloading-worker-0/DEBUG] [mixin/]: Mixing RecipeManagerMixin from mixins.hammerlib.json into net.minecraft.world.item.crafting.RecipeManager
[20Aug2025 20:20:38.190] [modloading-worker-0/DEBUG] [mixin/]: Mixing accessors.world.AccessorRecipeManager from bookshelf.common.mixins.json into net.minecraft.world.item.crafting.RecipeManager
[20Aug2025 20:20:38.190] [modloading-worker-0/DEBUG] [mixin/]: Mixing RecipeManagerAccessor from drinkbeer.mixins.json into net.minecraft.world.item.crafting.RecipeManager
[20Aug2025 20:20:38.190] [modloading-worker-0/DEBUG] [mixin/]: drinkbeer.mixins.json:RecipeManagerAccessor: Class version 61 required is higher than the class version supported by the current version of Mixin (JAVA_16 supports class version 60)
[20Aug2025 20:20:38.207] [modloading-worker-0/DEBUG] [net.minecraftforge.fml.javafmlmod.AutomaticEventSubscriber/LOADING]: Attempting to inject @EventBusSubscriber classes into the eventbus for subtle_effects
[20Aug2025 20:20:38.215] [modloading-worker-0/DEBUG] [mixin/]: Mixing patches.packs.resources.MixinSimpleJsonResourceReloadListener from bookshelf.common.mixins.json into net.minecraft.server.packs.resources.SimpleJsonResourceReloadListener
[20Aug2025 20:20:38.215] [modloading-worker-0/DEBUG] [mixin/]: Renaming synthetic method lambda$prepare$0(Ljava/util/Map$Entry;)Z to md7b373c$lambda$prepare$0$0 in bookshelf.common.mixins.json:patches.packs.resources.MixinSimpleJsonResourceReloadListener
[20Aug2025 20:20:38.237] [modloading-worker-0/DEBUG] [net.minecraftforge.fml.config.ConfigTracker/CONFIG]: Config file citadel-common.toml for citadel tracking
[20Aug2025 20:20:38.238] [modloading-worker-0/DEBUG] [net.minecraftforge.fml.javafmlmod.AutomaticEventSubscriber/LOADING]: Attempting to inject @EventBusSubscriber classes into the eventbus for sophisticatedcore
[20Aug2025 20:20:38.269] [modloading-worker-0/DEBUG] [net.minecraftforge.fml.javafmlmod.AutomaticEventSubscriber/LOADING]: Attempting to inject @EventBusSubscriber classes into the eventbus for citadel
[20Aug2025 20:20:38.269] [modloading-worker-0/DEBUG] [net.minecraftforge.fml.javafmlmod.AutomaticEventSubscriber/LOADING]: Auto-subscribing com.github.alexthe666.citadel.ServerProxy to MOD
[20Aug2025 20:20:38.270] [modloading-worker-0/DEBUG] [net.minecraftforge.fml.javafmlmod.AutomaticEventSubscriber/LOADING]: Attempting to inject @EventBusSubscriber classes into the eventbus for mixinextras
[20Aug2025 20:20:38.330] [modloading-worker-0/DEBUG] [betterfortresses/]: Loaded com.yungnickyoung.minecraft.betterfortresses.services.ForgePlatformHelper@1257a230 for service interface com.yungnickyoung.minecraft.betterfortresses.services.IPlatformHelper
[20Aug2025 20:20:38.333] [modloading-worker-0/INFO] [Bookshelf/]: Fixing MC-151457. Crafting remainder for minecraft:pufferfish_bucket is now minecraft:bucket.
[20Aug2025 20:20:38.333] [modloading-worker-0/INFO] [Bookshelf/]: Fixing MC-151457. Crafting remainder for minecraft:salmon_bucket is now minecraft:bucket.
[20Aug2025 20:20:38.333] [modloading-worker-0/INFO] [Bookshelf/]: Fixing MC-151457. Crafting remainder for minecraft:cod_bucket is now minecraft:bucket.
[20Aug2025 20:20:38.333] [modloading-worker-0/INFO] [Bookshelf/]: Fixing MC-151457. Crafting remainder for minecraft:tropical_fish_bucket is now minecraft:bucket.
[20Aug2025 20:20:38.333] [modloading-worker-0/INFO] [Bookshelf/]: Fixing MC-151457. Crafting remainder for minecraft:axolotl_bucket is now minecraft:bucket.
[20Aug2025 20:20:38.334] [modloading-worker-0/INFO] [Bookshelf/]: Fixing MC-151457. Crafting remainder for minecraft:powder_snow_bucket is now minecraft:bucket.
[20Aug2025 20:20:38.334] [modloading-worker-0/INFO] [Bookshelf/]: Fixing MC-151457. Crafting remainder for minecraft:tadpole_bucket is now minecraft:bucket.
[20Aug2025 20:20:38.334] [modloading-worker-0/DEBUG] [betterfortresses/]: Loaded com.yungnickyoung.minecraft.betterfortresses.services.ForgeModulesLoader@5b4070c2 for service interface com.yungnickyoung.minecraft.betterfortresses.services.IModulesLoader
[20Aug2025 20:20:38.336] [modloading-worker-0/DEBUG] [betterfortresses/]: Loaded com.yungnickyoung.minecraft.betterfortresses.services.ForgeProcessorProvider@4bbf8ef2 for service interface com.yungnickyoung.minecraft.betterfortresses.services.IProcessorProvider
[20Aug2025 20:20:38.342] [modloading-worker-0/DEBUG] [net.minecraftforge.fml.javafmlmod.AutomaticEventSubscriber/LOADING]: Attempting to inject @EventBusSubscriber classes into the eventbus for bookshelf
[20Aug2025 20:20:38.342] [modloading-worker-0/DEBUG] [net.minecraftforge.fml.javafmlmod.AutomaticEventSubscriber/LOADING]: Auto-subscribing net.darkhax.bookshelf.impl.gametest.BookshelfForgeGameTests to MOD
[20Aug2025 20:20:38.488] [modloading-worker-0/DEBUG] [net.minecraftforge.fml.config.ConfigTracker/CONFIG]: Config file sophisticatedbackpacks-server.toml for sophisticatedbackpacks tracking
[20Aug2025 20:20:38.488] [modloading-worker-0/DEBUG] [net.minecraftforge.fml.config.ConfigTracker/CONFIG]: Config file sophisticatedbackpacks-common.toml for sophisticatedbackpacks tracking
[20Aug2025 20:20:38.588] [modloading-worker-0/DEBUG] [net.minecraftforge.fml.config.ConfigTracker/CONFIG]: Config file alexsmobs.toml for alexsmobs tracking
[20Aug2025 20:20:38.637] [modloading-worker-0/DEBUG] [net.minecraftforge.fml.javafmlmod.AutomaticEventSubscriber/LOADING]: Attempting to inject @EventBusSubscriber classes into the eventbus for alexsmobs
[20Aug2025 20:20:38.637] [modloading-worker-0/DEBUG] [net.minecraftforge.fml.javafmlmod.AutomaticEventSubscriber/LOADING]: Auto-subscribing com.github.alexthe666.alexsmobs.world.AMWorldRegistry to MOD
[20Aug2025 20:20:38.642] [modloading-worker-0/DEBUG] [net.minecraftforge.fml.javafmlmod.AutomaticEventSubscriber/LOADING]: Auto-subscribing com.github.alexthe666.alexsmobs.tileentity.AMTileEntityRegistry to MOD
[20Aug2025 20:20:38.642] [modloading-worker-0/DEBUG] [net.minecraftforge.fml.javafmlmod.AutomaticEventSubscriber/LOADING]: Auto-subscribing com.github.alexthe666.alexsmobs.event.ServerEvents to FORGE
[20Aug2025 20:20:38.645] [modloading-worker-0/DEBUG] [net.minecraftforge.fml.javafmlmod.AutomaticEventSubscriber/LOADING]: Auto-subscribing com.github.alexthe666.alexsmobs.entity.AMEntityRegistry to MOD
[20Aug2025 20:20:38.649] [modloading-worker-0/DEBUG] [net.minecraftforge.fml.javafmlmod.AutomaticEventSubscriber/LOADING]: Auto-subscribing com.github.alexthe666.alexsmobs.CommonProxy to MOD
[20Aug2025 20:20:38.650] [modloading-worker-0/DEBUG] [net.minecraftforge.fml.javafmlmod.AutomaticEventSubscriber/LOADING]: Auto-subscribing com.github.alexthe666.alexsmobs.AlexsMobs to FORGE
[20Aug2025 20:20:38.655] [modloading-worker-0/DEBUG] [net.minecraftforge.fml.javafmlmod.AutomaticEventSubscriber/LOADING]: Attempting to inject @EventBusSubscriber classes into the eventbus for sophisticatedbackpacks
[20Aug2025 20:20:38.655] [modloading-worker-0/DEBUG] [net.minecraftforge.fml.javafmlmod.AutomaticEventSubscriber/LOADING]: Attempting to inject @EventBusSubscriber classes into the eventbus for pickupnotifier
[20Aug2025 20:20:38.655] [modloading-worker-0/DEBUG] [net.minecraftforge.fml.javafmlmod.AutomaticEventSubscriber/LOADING]: Auto-subscribing fuzs.pickupnotifier.PickUpNotifierForge to MOD
[20Aug2025 20:20:38.711] [modloading-worker-0/INFO] [Puzzles Lib/]: Constructing common components for pickupnotifier:main
[20Aug2025 20:20:38.727] [modloading-worker-0/DEBUG] [net.minecraftforge.fml.javafmlmod.AutomaticEventSubscriber/LOADING]: Attempting to inject @EventBusSubscriber classes into the eventbus for yungsapi
[20Aug2025 20:20:38.731] [modloading-worker-0/DEBUG] [net.minecraftforge.fml.config.ConfigTracker/CONFIG]: Config file pickupnotifier/pickupnotifier-server.toml for pickupnotifier tracking
[20Aug2025 20:20:38.902] [modloading-worker-0/DEBUG] [net.minecraftforge.fml.config.ConfigTracker/CONFIG]: Config file minetraps-client.toml for minetraps tracking
[20Aug2025 20:20:38.908] [modloading-worker-0/DEBUG] [net.minecraftforge.fml.config.ConfigTracker/CONFIG]: Config file minetraps-server.toml for minetraps tracking
[20Aug2025 20:20:38.909] [modloading-worker-0/DEBUG] [net.minecraftforge.fml.javafmlmod.AutomaticEventSubscriber/LOADING]: Attempting to inject @EventBusSubscriber classes into the eventbus for minetraps
[20Aug2025 20:20:38.909] [modloading-worker-0/DEBUG] [net.minecraftforge.fml.javafmlmod.AutomaticEventSubscriber/LOADING]: Auto-subscribing xxrexraptorxx.minetraps.world.Events to FORGE
[20Aug2025 20:20:38.913] [modloading-worker-0/DEBUG] [net.minecraftforge.fml.javafmlmod.AutomaticEventSubscriber/LOADING]: Auto-subscribing xxrexraptorxx.minetraps.utils.Config to FORGE
[20Aug2025 20:20:38.913] [modloading-worker-0/DEBUG] [net.minecraftforge.fml.javafmlmod.AutomaticEventSubscriber/LOADING]: Auto-subscribing xxrexraptorxx.minetraps.datagen.DataGenerators to MOD
[20Aug2025 20:20:38.938] [modloading-worker-0/DEBUG] [Carry On/]: Loaded tschipp.carryon.platform.ForgePlatformHelper@3387165d for service interface tschipp.carryon.platform.services.IPlatformHelper
[20Aug2025 20:20:38.938] [modloading-worker-0/DEBUG] [Carry On/]: Loaded tschipp.carryon.platform.ForgeGamestagesHelper@317f05c3 for service interface tschipp.carryon.platform.services.IGamestagePlatformHelper
[20Aug2025 20:20:38.956] [modloading-worker-0/DEBUG] [net.minecraftforge.fml.config.ConfigTracker/CONFIG]: Config file carryon-common.toml for carryon tracking
[20Aug2025 20:20:38.956] [modloading-worker-0/DEBUG] [net.minecraftforge.fml.config.ConfigTracker/CONFIG]: Config file carryon-client.toml for carryon tracking
[20Aug2025 20:20:38.956] [modloading-worker-0/DEBUG] [net.minecraftforge.fml.javafmlmod.AutomaticEventSubscriber/LOADING]: Attempting to inject @EventBusSubscriber classes into the eventbus for carryon
[20Aug2025 20:20:38.956] [modloading-worker-0/DEBUG] [net.minecraftforge.fml.javafmlmod.AutomaticEventSubscriber/LOADING]: Auto-subscribing tschipp.carryon.CarryOnForge to MOD
[20Aug2025 20:20:38.956] [modloading-worker-0/DEBUG] [net.minecraftforge.fml.javafmlmod.AutomaticEventSubscriber/LOADING]: Auto-subscribing tschipp.carryon.events.CommonEvents to FORGE
[20Aug2025 20:20:38.988] [modloading-worker-0/DEBUG] [net.minecraftforge.fml.javafmlmod.AutomaticEventSubscriber/LOADING]: Auto-subscribing tschipp.carryon.events.ModBusEvents to MOD
[20Aug2025 20:20:38.991] [modloading-worker-0/DEBUG] [net.minecraftforge.fml.javafmlmod.AutomaticEventSubscriber/LOADING]: Attempting to inject @EventBusSubscriber classes into the eventbus for chat_heads
[20Aug2025 20:20:38.995] [modloading-worker-0/DEBUG] [net.minecraftforge.fml.javafmlmod.AutomaticEventSubscriber/LOADING]: Attempting to inject @EventBusSubscriber classes into the eventbus for mcwdoors
[20Aug2025 20:20:38.998] [modloading-worker-0/DEBUG] [net.minecraftforge.fml.javafmlmod.AutomaticEventSubscriber/LOADING]: Auto-subscribing com.mcwdoors.kikoz.MacawsDoors to MOD
[20Aug2025 20:20:39.002] [modloading-worker-0/DEBUG] [net.minecraftforge.fml.config.ConfigTracker/CONFIG]: Config file ShieldExpansion-common.toml for shieldexp tracking
[20Aug2025 20:20:39.012] [modloading-worker-0/DEBUG] [net.minecraftforge.fml.javafmlmod.AutomaticEventSubscriber/LOADING]: Attempting to inject @EventBusSubscriber classes into the eventbus for shieldexp
[20Aug2025 20:20:39.012] [modloading-worker-0/DEBUG] [net.minecraftforge.fml.javafmlmod.AutomaticEventSubscriber/LOADING]: Auto-subscribing org.infernalstudios.shieldexp.init.SoundsInit to MOD
[20Aug2025 20:20:39.012] [modloading-worker-0/DEBUG] [net.minecraftforge.fml.javafmlmod.AutomaticEventSubscriber/LOADING]: Auto-subscribing org.infernalstudios.shieldexp.init.ShieldDataLoader to FORGE
[20Aug2025 20:20:39.012] [modloading-worker-0/DEBUG] [net.minecraftforge.fml.javafmlmod.AutomaticEventSubscriber/LOADING]: Auto-subscribing org.infernalstudios.shieldexp.init.ItemsInit to MOD
[20Aug2025 20:20:39.012] [modloading-worker-0/DEBUG] [net.minecraftforge.fml.javafmlmod.AutomaticEventSubscriber/LOADING]: Auto-subscribing org.infernalstudios.shieldexp.events.ShieldExpansionEvents to MOD
[20Aug2025 20:20:39.012] [modloading-worker-0/DEBUG] [net.minecraftforge.fml.javafmlmod.AutomaticEventSubscriber/LOADING]: Auto-subscribing org.infernalstudios.shieldexp.events.CreativeTabEvents to FORGE
[20Aug2025 20:20:39.015] [modloading-worker-0/DEBUG] [net.minecraftforge.fml.config.ConfigTracker/CONFIG]: Config file betterfortresses-forge-1_20.toml for betterfortresses tracking
[20Aug2025 20:20:39.017] [modloading-worker-0/DEBUG] [mixin/]: Mixing MixinLevelEvent from architectury.mixins.json into net.minecraftforge.event.level.LevelEvent
[20Aug2025 20:20:39.024] [modloading-worker-0/DEBUG] [net.minecraftforge.fml.javafmlmod.AutomaticEventSubscriber/LOADING]: Attempting to inject @EventBusSubscriber classes into the eventbus for betterfortresses
[20Aug2025 20:20:39.025] [modloading-worker-0/DEBUG] [net.minecraftforge.fml.javafmlmod.AutomaticEventSubscriber/LOADING]: Attempting to inject @EventBusSubscriber classes into the eventbus for cloth_config
[20Aug2025 20:20:39.030] [modloading-worker-0/DEBUG] [net.minecraftforge.fml.javafmlmod.AutomaticEventSubscriber/LOADING]: Attempting to inject @EventBusSubscriber classes into the eventbus for stackrefill
[20Aug2025 20:20:39.030] [modloading-worker-0/DEBUG] [net.minecraftforge.fml.javafmlmod.AutomaticEventSubscriber/LOADING]: Auto-subscribing com.natamus.stackrefill.forge.events.ForgeRefillEvent to FORGE
[20Aug2025 20:20:39.038] [modloading-worker-0/DEBUG] [net.minecraftforge.fml.javafmlmod.AutomaticEventSubscriber/LOADING]: Attempting to inject @EventBusSubscriber classes into the eventbus for ctov
[20Aug2025 20:20:39.063] [modloading-worker-0/DEBUG] [net.minecraftforge.fml.config.ConfigTracker/CONFIG]: Config file paraglider-server.toml for paraglider tracking
[20Aug2025 20:20:39.064] [modloading-worker-0/DEBUG] [net.minecraftforge.fml.config.ConfigTracker/CONFIG]: Config file paraglider-common.toml for paraglider tracking
[20Aug2025 20:20:39.102] [modloading-worker-0/DEBUG] [net.minecraftforge.fml.javafmlmod.AutomaticEventSubscriber/LOADING]: Attempting to inject @EventBusSubscriber classes into the eventbus for fzzy_config
[20Aug2025 20:20:39.104] [modloading-worker-0/INFO] [de.keksuccino.konkrete.Konkrete/]: [KONKRETE] Successfully initialized!
[20Aug2025 20:20:39.104] [modloading-worker-0/INFO] [de.keksuccino.konkrete.Konkrete/]: [KONKRETE] Server-side libs ready to use!
[20Aug2025 20:20:39.104] [modloading-worker-0/DEBUG] [net.minecraftforge.fml.javafmlmod.AutomaticEventSubscriber/LOADING]: Attempting to inject @EventBusSubscriber classes into the eventbus for konkrete
[20Aug2025 20:20:39.115] [modloading-worker-0/DEBUG] [net.minecraftforge.fml.javafmlmod.AutomaticEventSubscriber/LOADING]: Attempting to inject @EventBusSubscriber classes into the eventbus for advancementplaques
[20Aug2025 20:20:39.116] [modloading-worker-0/DEBUG] [net.minecraftforge.fml.javafmlmod.AutomaticEventSubscriber/LOADING]: Auto-subscribing com.anthonyhilyard.advancementplaques.config.AdvancementPlaquesConfig to MOD
[20Aug2025 20:20:39.124] [modloading-worker-0/DEBUG] [net.minecraftforge.fml.javafmlmod.AutomaticEventSubscriber/LOADING]: Auto-subscribing com.anthonyhilyard.advancementplaques.AdvancementPlaques to MOD
[20Aug2025 20:20:39.126] [modloading-worker-0/DEBUG] [net.minecraftforge.fml.config.ConfigTracker/CONFIG]: Config file betterpingdisplay-client.toml for betterpingdisplay tracking
[20Aug2025 20:20:39.126] [modloading-worker-0/DEBUG] [net.minecraftforge.fml.javafmlmod.AutomaticEventSubscriber/LOADING]: Attempting to inject @EventBusSubscriber classes into the eventbus for betterpingdisplay
[20Aug2025 20:20:39.127] [modloading-worker-0/DEBUG] [net.minecraftforge.fml.javafmlmod.AutomaticEventSubscriber/LOADING]: Auto-subscribing com.vladmarica.betterpingdisplay.Config to MOD
[20Aug2025 20:20:39.133] [modloading-worker-0/DEBUG] [mixin/]: Mixing CraftingHelperMixin from supermartijn642corelib.mixins.json into net.minecraftforge.common.crafting.CraftingHelper
[20Aug2025 20:20:39.159] [modloading-worker-0/DEBUG] [net.minecraftforge.fml.javafmlmod.AutomaticEventSubscriber/LOADING]: Attempting to inject @EventBusSubscriber classes into the eventbus for paraglider
[20Aug2025 20:20:39.160] [modloading-worker-0/DEBUG] [net.minecraftforge.fml.javafmlmod.AutomaticEventSubscriber/LOADING]: Auto-subscribing tictim.paraglider.ParagliderMod to MOD
[20Aug2025 20:20:39.161] [modloading-worker-0/DEBUG] [net.minecraftforge.fml.javafmlmod.AutomaticEventSubscriber/LOADING]: Auto-subscribing tictim.paraglider.ModCfg to MOD
[20Aug2025 20:20:39.161] [modloading-worker-0/DEBUG] [net.minecraftforge.fml.javafmlmod.AutomaticEventSubscriber/LOADING]: Auto-subscribing tictim.paraglider.event.WindEventHandler to FORGE
[20Aug2025 20:20:39.175] [modloading-worker-0/DEBUG] [net.minecraftforge.fml.javafmlmod.AutomaticEventSubscriber/LOADING]: Auto-subscribing tictim.paraglider.event.ParagliderEventHandler to FORGE
[20Aug2025 20:20:39.180] [modloading-worker-0/DEBUG] [net.minecraftforge.fml.config.ConfigTracker/CONFIG]: Config file balm-client.toml for balm tracking
[20Aug2025 20:20:39.190] [modloading-worker-0/DEBUG] [net.minecraftforge.fml.javafmlmod.AutomaticEventSubscriber/LOADING]: Auto-subscribing tictim.paraglider.contents.ModVillageStructures to FORGE
[20Aug2025 20:20:39.191] [modloading-worker-0/DEBUG] [net.minecraftforge.fml.javafmlmod.AutomaticEventSubscriber/LOADING]: Attempting to inject @EventBusSubscriber classes into the eventbus for mr_serversleep
[20Aug2025 20:20:39.198] [modloading-worker-0/DEBUG] [net.minecraftforge.fml.config.ConfigTracker/CONFIG]: Config file balm-common.toml for balm tracking
[20Aug2025 20:20:39.215] [modloading-worker-0/DEBUG] [net.minecraftforge.fml.javafmlmod.AutomaticEventSubscriber/LOADING]: Attempting to inject @EventBusSubscriber classes into the eventbus for balm
[20Aug2025 20:20:39.219] [modloading-worker-0/DEBUG] [yungsbridges/]: Loaded com.yungnickyoung.minecraft.yungsbridges.services.ForgePlatformHelper@213d1be4 for service interface com.yungnickyoung.minecraft.yungsbridges.services.IPlatformHelper
[20Aug2025 20:20:39.220] [modloading-worker-0/DEBUG] [yungsbridges/]: Loaded com.yungnickyoung.minecraft.yungsbridges.services.ForgeModulesLoader@1c5da1d2 for service interface com.yungnickyoung.minecraft.yungsbridges.services.IModulesLoader
[20Aug2025 20:20:39.220] [modloading-worker-0/DEBUG] [net.minecraftforge.fml.javafmlmod.AutomaticEventSubscriber/LOADING]: Attempting to inject @EventBusSubscriber classes into the eventbus for yungsbridges
[20Aug2025 20:20:39.242] [modloading-worker-0/DEBUG] [net.minecraftforge.fml.javafmlmod.AutomaticEventSubscriber/LOADING]: Attempting to inject @EventBusSubscriber classes into the eventbus for supermartijn642corelib
[20Aug2025 20:20:39.244] [modloading-worker-0/DEBUG] [net.minecraftforge.fml.javafmlmod.AutomaticEventSubscriber/LOADING]: Auto-subscribing com.supermartijn642.core.CommonUtils to MOD
[20Aug2025 20:20:39.245] [modloading-worker-0/DEBUG] [net.minecraftforge.fml.javafmlmod.AutomaticEventSubscriber/LOADING]: Attempting to inject @EventBusSubscriber classes into the eventbus for mcwbridges
[20Aug2025 20:20:39.246] [modloading-worker-0/DEBUG] [net.minecraftforge.fml.javafmlmod.AutomaticEventSubscriber/LOADING]: Auto-subscribing com.mcwbridges.kikoz.MacawsBridges to MOD
[20Aug2025 20:20:39.254] [modloading-worker-0/DEBUG] [net.minecraftforge.fml.javafmlmod.AutomaticEventSubscriber/LOADING]: Attempting to inject @EventBusSubscriber classes into the eventbus for lionfishapi
[20Aug2025 20:20:39.254] [modloading-worker-0/DEBUG] [net.minecraftforge.fml.javafmlmod.AutomaticEventSubscriber/LOADING]: Auto-subscribing com.github.L_Ender.lionfishapi.LionfishAPI to FORGE
[20Aug2025 20:20:39.254] [modloading-worker-0/DEBUG] [net.minecraftforge.fml.javafmlmod.AutomaticEventSubscriber/LOADING]: Auto-subscribing com.github.L_Ender.lionfishapi.CommonProxy to MOD
[20Aug2025 20:20:39.255] [modloading-worker-0/DEBUG] [net.minecraftforge.fml.javafmlmod.AutomaticEventSubscriber/LOADING]: Attempting to inject @EventBusSubscriber classes into the eventbus for highlighter
[20Aug2025 20:20:39.255] [modloading-worker-0/DEBUG] [net.minecraftforge.fml.javafmlmod.AutomaticEventSubscriber/LOADING]: Auto-subscribing com.anthonyhilyard.highlighter.HighlighterConfig to MOD
[20Aug2025 20:20:39.275] [modloading-worker-0/DEBUG] [net.minecraftforge.fml.javafmlmod.AutomaticEventSubscriber/LOADING]: Attempting to inject @EventBusSubscriber classes into the eventbus for resourcefulconfig
[20Aug2025 20:20:39.281] [modloading-worker-0/DEBUG] [net.minecraftforge.fml.config.ConfigTracker/CONFIG]: Config file curios-client.toml for curios tracking
[20Aug2025 20:20:39.285] [modloading-worker-0/INFO] [Collective/]: Loading Collective version 7.91.
[20Aug2025 20:20:39.287] [modloading-worker-0/DEBUG] [net.minecraftforge.fml.config.ConfigTracker/CONFIG]: Config file curios-common.toml for curios tracking
[20Aug2025 20:20:39.289] [modloading-worker-0/DEBUG] [net.minecraftforge.fml.config.ConfigTracker/CONFIG]: Config file curios-server.toml for curios tracking
[20Aug2025 20:20:39.289] [modloading-worker-0/DEBUG] [net.minecraftforge.fml.javafmlmod.AutomaticEventSubscriber/LOADING]: Attempting to inject @EventBusSubscriber classes into the eventbus for curios
[20Aug2025 20:20:39.289] [modloading-worker-0/DEBUG] [mixin/]: Mixing EnchantmentHelperMixin from mixins.improvableskills.json into net.minecraft.world.item.enchantment.EnchantmentHelper
[20Aug2025 20:20:39.291] [modloading-worker-0/DEBUG] [mixin/]: Mixing item.wearable.charmofsinking.EnchantmentHelperMixin from mixins.artifacts.common.json into net.minecraft.world.item.enchantment.EnchantmentHelper
[20Aug2025 20:20:39.316] [modloading-worker-0/DEBUG] [net.minecraftforge.fml.config.ConfigTracker/CONFIG]: Config file camera-server.toml for camera tracking
[20Aug2025 20:20:39.319] [modloading-worker-0/DEBUG] [net.minecraftforge.fml.config.ConfigTracker/CONFIG]: Config file camera-client.toml for camera tracking
[20Aug2025 20:20:39.324] [modloading-worker-0/DEBUG] [net.minecraftforge.fml.javafmlmod.AutomaticEventSubscriber/LOADING]: Attempting to inject @EventBusSubscriber classes into the eventbus for camera
[20Aug2025 20:20:39.324] [modloading-worker-0/DEBUG] [net.minecraftforge.fml.javafmlmod.AutomaticEventSubscriber/LOADING]: Auto-subscribing de.maxhenkel.camera.ServerEvents to FORGE
[20Aug2025 20:20:39.327] [modloading-worker-0/INFO] [HammerLib/]: Registered charge handler for type org.zeith.hammerlib.util.charging.fluid.FluidCharge - org.zeith.hammerlib.util.charging.impl.FluidChargeHandler@2f47d702
[20Aug2025 20:20:39.332] [modloading-worker-0/INFO] [HammerLib/]: Registered charge handler for type org.zeith.hammerlib.util.charging.fe.FECharge - org.zeith.hammerlib.util.charging.impl.FEChargeHandler@45ac5761
[20Aug2025 20:20:39.339] [modloading-worker-0/INFO] [HammerLib/]: Registered inventory lister org.zeith.hammerlib.util.charging.impl.VanillaPlayerInvLister
[20Aug2025 20:20:39.362] [modloading-worker-0/DEBUG] [net.minecraftforge.fml.javafmlmod.AutomaticEventSubscriber/LOADING]: Attempting to inject @EventBusSubscriber classes into the eventbus for collective
[20Aug2025 20:20:39.362] [modloading-worker-0/DEBUG] [net.minecraftforge.fml.javafmlmod.AutomaticEventSubscriber/LOADING]: Auto-subscribing com.natamus.collective.forge.events.RegisterCollectiveForgeEvents to FORGE
[20Aug2025 20:20:39.369] [modloading-worker-0/DEBUG] [betterstrongholds/]: Loaded com.yungnickyoung.minecraft.betterstrongholds.services.ForgePlatformHelper@25af6398 for service interface com.yungnickyoung.minecraft.betterstrongholds.services.IPlatformHelper
[20Aug2025 20:20:39.370] [modloading-worker-0/DEBUG] [betterstrongholds/]: Loaded com.yungnickyoung.minecraft.betterstrongholds.services.ForgeModulesLoader@28adc32d for service interface com.yungnickyoung.minecraft.betterstrongholds.services.IModulesLoader
[20Aug2025 20:20:39.370] [modloading-worker-0/DEBUG] [betterstrongholds/]: Loaded com.yungnickyoung.minecraft.betterstrongholds.services.ForgeProcessorProvider@6c4cdae8 for service interface com.yungnickyoung.minecraft.betterstrongholds.services.IProcessorProvider
[20Aug2025 20:20:39.378] [modloading-worker-0/WARN] [yungsapi/]: WARNING: block Block{minecraft:coal_ore} added to BlockStateRandomizer exceeds max probabiltiy of 1!
[20Aug2025 20:20:39.384] [modloading-worker-0/DEBUG] [net.minecraftforge.fml.config.ConfigTracker/CONFIG]: Config file betterstrongholds-forge-1_20.toml for betterstrongholds tracking
[20Aug2025 20:20:39.385] [modloading-worker-0/DEBUG] [net.minecraftforge.fml.javafmlmod.AutomaticEventSubscriber/LOADING]: Attempting to inject @EventBusSubscriber classes into the eventbus for betterstrongholds
[20Aug2025 20:20:39.399] [modloading-worker-0/INFO] [HammerLib/]: Hooked Lorg/zeith/hammerlib/core/test/machine/TileTestMachine; from hammerlib to register it's stuff.
[20Aug2025 20:20:39.401] [modloading-worker-0/INFO] [HammerLib/]: Hooked Lorg/zeith/hammerlib/core/test/machine/RecipeTestMachine; from hammerlib to register it's stuff.
[20Aug2025 20:20:39.402] [modloading-worker-0/INFO] [HammerLib/]: Hooked Lorg/zeith/hammerlib/core/test/machine/BlockTestMachine; from hammerlib to register it's stuff.
[20Aug2025 20:20:39.403] [modloading-worker-0/INFO] [HammerLib/]: Hooked Lorg/zeith/hammerlib/core/recipes/replacers/WaterBottleReplacer; from hammerlib to register it's stuff.
[20Aug2025 20:20:39.403] [modloading-worker-0/INFO] [HammerLib/]: Hooked Lorg/zeith/hammerlib/core/recipes/replacers/RemainingReplacerRegistrar; from hammerlib to register it's stuff.
[20Aug2025 20:20:39.403] [modloading-worker-0/INFO] [HammerLib/]: Hooked Lorg/zeith/hammerlib/core/init/SourceTypesHL; from hammerlib to register it's stuff.
[20Aug2025 20:20:39.404] [modloading-worker-0/INFO] [HammerLib/]: Hooked Lorg/zeith/hammerlib/core/init/RecipesHL; from hammerlib to register it's stuff.
[20Aug2025 20:20:39.404] [modloading-worker-0/INFO] [HammerLib/]: Hooked Lorg/zeith/hammerlib/core/init/LevelActionTypesHL; from hammerlib to register it's stuff.
[20Aug2025 20:20:39.404] [modloading-worker-0/INFO] [HammerLib/]: Hooked Lorg/zeith/hammerlib/core/init/ItemsHL; from hammerlib to register it's stuff.
[20Aug2025 20:20:39.404] [modloading-worker-0/INFO] [HammerLib/]: Hooked Lorg/zeith/hammerlib/core/init/GearsHL; from hammerlib to register it's stuff.
[20Aug2025 20:20:39.404] [modloading-worker-0/INFO] [HammerLib/]: Hooked Lorg/zeith/hammerlib/api/forge/ContainerAPI; from hammerlib to register it's stuff.
[20Aug2025 20:20:39.404] [modloading-worker-0/INFO] [HammerLib/]: Hooked Lorg/zeith/improvableskills/init/SkillsIS; from improvableskills to register it's stuff.
[20Aug2025 20:20:39.404] [modloading-worker-0/INFO] [HammerLib/]: Hooked Lorg/zeith/improvableskills/init/RecipeTypesIS; from improvableskills to register it's stuff.
[20Aug2025 20:20:39.405] [modloading-worker-0/INFO] [HammerLib/]: Hooked Lorg/zeith/improvableskills/init/ParticleTypesIS; from improvableskills to register it's stuff.
[20Aug2025 20:20:39.406] [modloading-worker-0/INFO] [HammerLib/]: Hooked Lorg/zeith/improvableskills/init/PageletsIS; from improvableskills to register it's stuff.
[20Aug2025 20:20:39.406] [modloading-worker-0/INFO] [HammerLib/]: Hooked Lorg/zeith/improvableskills/init/ItemsIS; from improvableskills to register it's stuff.
[20Aug2025 20:20:39.406] [modloading-worker-0/INFO] [HammerLib/]: Hooked Lorg/zeith/improvableskills/init/GuiHooksIS; from improvableskills to register it's stuff.
[20Aug2025 20:20:39.407] [modloading-worker-0/INFO] [HammerLib/]: Hooked Lorg/zeith/improvableskills/init/AbilitiesIS; from improvableskills to register it's stuff.
[20Aug2025 20:20:39.430] [modloading-worker-0/INFO] [HammerLib/]: Injecting config setup into class org.zeith.improvableskills.cfg.ConfigsIS
[20Aug2025 20:20:39.435] [modloading-worker-0/DEBUG] [mixin/]: Mixing LootTableAccessor from mixins.hammerlib.json into net.minecraft.world.level.storage.loot.LootTable
[20Aug2025 20:20:39.435] [modloading-worker-0/DEBUG] [mixin/]: Mixing LootTableMixin from balm.mixins.json into net.minecraft.world.level.storage.loot.LootTable
[20Aug2025 20:20:39.436] [modloading-worker-0/DEBUG] [net.minecraftforge.fml.config.ConfigTracker/CONFIG]: Config file tombstone-client.toml for tombstone tracking
[20Aug2025 20:20:39.436] [modloading-worker-0/DEBUG] [net.minecraftforge.fml.config.ConfigTracker/CONFIG]: Config file tombstone-common.toml for tombstone tracking
[20Aug2025 20:20:39.437] [modloading-worker-0/DEBUG] [mixin/]: Mixing accessor.LootTableForgeAccessor from puzzleslib.forge.mixins.json into net.minecraft.world.level.storage.loot.LootTable
[20Aug2025 20:20:39.444] [modloading-worker-0/DEBUG] [net.minecraftforge.fml.javafmlmod.AutomaticEventSubscriber/LOADING]: Attempting to inject @EventBusSubscriber classes into the eventbus for improvableskills
[20Aug2025 20:20:39.444] [modloading-worker-0/DEBUG] [net.minecraftforge.fml.javafmlmod.AutomaticEventSubscriber/LOADING]: Auto-subscribing org.zeith.improvableskills.data.PlayerDataManager to FORGE
[20Aug2025 20:20:39.453] [modloading-worker-0/DEBUG] [net.minecraftforge.fml.javafmlmod.AutomaticEventSubscriber/LOADING]: Auto-subscribing org.zeith.improvableskills.api.loot.GlobalSkillLootModifier to MOD
[20Aug2025 20:20:39.454] [modloading-worker-0/DEBUG] [net.minecraftforge.fml.config.ConfigTracker/CONFIG]: Config file tombstone-server.toml for tombstone tracking
[20Aug2025 20:20:39.458] [modloading-worker-0/DEBUG] [net.minecraftforge.fml.javafmlmod.AutomaticEventSubscriber/LOADING]: Attempting to inject @EventBusSubscriber classes into the eventbus for tombstone
[20Aug2025 20:20:39.458] [modloading-worker-0/DEBUG] [net.minecraftforge.fml.javafmlmod.AutomaticEventSubscriber/LOADING]: Auto-subscribing ovh.corail.tombstone.registry.Registration to MOD
[20Aug2025 20:20:39.460] [modloading-worker-0/DEBUG] [net.minecraftforge.fml.javafmlmod.AutomaticEventSubscriber/LOADING]: Auto-subscribing ovh.corail.tombstone.perk.PerkRegistry to MOD
[20Aug2025 20:20:39.461] [modloading-worker-0/DEBUG] [net.minecraftforge.fml.javafmlmod.AutomaticEventSubscriber/LOADING]: Auto-subscribing ovh.corail.tombstone.helper.LootHelper to FORGE
[20Aug2025 20:20:39.463] [modloading-worker-0/DEBUG] [net.minecraftforge.fml.javafmlmod.AutomaticEventSubscriber/LOADING]: Auto-subscribing org.zeith.improvableskills.SkillEvents to FORGE
[20Aug2025 20:20:39.497] [modloading-worker-0/DEBUG] [net.minecraftforge.fml.javafmlmod.AutomaticEventSubscriber/LOADING]: Auto-subscribing ovh.corail.tombstone.event.EventHandler to FORGE
[20Aug2025 20:20:39.526] [modloading-worker-0/INFO] [HammerLib/]: Injecting setup into org.zeith.hammerlib.net.Network
[20Aug2025 20:20:39.526] [modloading-worker-0/DEBUG] [net.minecraftforge.fml.javafmlmod.AutomaticEventSubscriber/LOADING]: Attempting to inject @EventBusSubscriber classes into the eventbus for gobber2
[20Aug2025 20:20:39.526] [modloading-worker-0/DEBUG] [net.minecraftforge.fml.javafmlmod.AutomaticEventSubscriber/LOADING]: Auto-subscribing com.kwpugh.gobber2.util.PlayerSpecialAbilities to FORGE
[20Aug2025 20:20:39.530] [modloading-worker-0/DEBUG] [net.minecraftforge.fml.javafmlmod.AutomaticEventSubscriber/LOADING]: Auto-subscribing com.kwpugh.gobber2.util.handlers.AbilityEventHandler to FORGE
[20Aug2025 20:20:39.536] [modloading-worker-0/DEBUG] [net.minecraftforge.fml.javafmlmod.AutomaticEventSubscriber/LOADING]: Auto-subscribing com.kwpugh.gobber2.util.handlers.RepairTickEventHandler to FORGE
[20Aug2025 20:20:39.538] [modloading-worker-0/DEBUG] [net.minecraftforge.fml.javafmlmod.AutomaticEventSubscriber/LOADING]: Auto-subscribing com.kwpugh.gobber2.util.handlers.AnvilEventHandler to FORGE
[20Aug2025 20:20:39.539] [modloading-worker-0/DEBUG] [net.minecraftforge.fml.javafmlmod.AutomaticEventSubscriber/LOADING]: Auto-subscribing com.kwpugh.gobber2.util.handlers.MinerBlockManager to FORGE
[20Aug2025 20:20:39.546] [modloading-worker-0/DEBUG] [net.minecraftforge.fml.config.ConfigTracker/CONFIG]: Config file aiimprovements-common.toml for aiimprovements tracking
[20Aug2025 20:20:39.546] [modloading-worker-0/DEBUG] [net.minecraftforge.fml.javafmlmod.AutomaticEventSubscriber/LOADING]: Attempting to inject @EventBusSubscriber classes into the eventbus for aiimprovements
[20Aug2025 20:20:39.546] [modloading-worker-0/DEBUG] [net.minecraftforge.fml.javafmlmod.AutomaticEventSubscriber/LOADING]: Auto-subscribing com.builtbroken.ai.improvements.modifier.ModifierSystem to FORGE
[20Aug2025 20:20:39.555] [modloading-worker-0/DEBUG] [net.minecraftforge.fml.javafmlmod.AutomaticEventSubscriber/LOADING]: Auto-subscribing ovh.corail.tombstone.config.ConfigTombstone$ConfigEvent to MOD
[20Aug2025 20:20:39.556] [modloading-worker-0/DEBUG] [HammerLib/]: Registered NBT serializer for type class net.minecraft.world.phys.Vec3: org.zeith.hammerlib.api.io.serializers.Vec3Serializer@5828dccb
[20Aug2025 20:20:39.557] [modloading-worker-0/DEBUG] [net.minecraftforge.fml.javafmlmod.AutomaticEventSubscriber/LOADING]: Auto-subscribing com.builtbroken.ai.improvements.AIImprovements to MOD
[20Aug2025 20:20:39.557] [modloading-worker-0/DEBUG] [net.minecraftforge.fml.javafmlmod.AutomaticEventSubscriber/LOADING]: Attempting to inject @EventBusSubscriber classes into the eventbus for architectury
[20Aug2025 20:20:39.558] [modloading-worker-0/DEBUG] [net.minecraftforge.fml.javafmlmod.AutomaticEventSubscriber/LOADING]: Auto-subscribing dev.architectury.registry.level.entity.trade.forge.TradeRegistryImpl to FORGE
[20Aug2025 20:20:39.558] [modloading-worker-0/DEBUG] [HammerLib/]: Registered NBT serializer for type class java.util.UUID: org.zeith.hammerlib.api.io.serializers.UUIDSerializer@4142c15a
[20Aug2025 20:20:39.560] [modloading-worker-0/DEBUG] [net.minecraftforge.fml.javafmlmod.AutomaticEventSubscriber/LOADING]: Auto-subscribing dev.architectury.registry.forge.ReloadListenerRegistryImpl to FORGE
[20Aug2025 20:20:39.561] [modloading-worker-0/DEBUG] [HammerLib/]: Registered NBT serializer for type class java.lang.String: org.zeith.hammerlib.api.io.serializers.StringSerializer@ea1150b
[20Aug2025 20:20:39.561] [modloading-worker-0/DEBUG] [net.minecraftforge.fml.config.ConfigTracker/CONFIG]: Config file globalxp-client.toml for globalxp tracking
[20Aug2025 20:20:39.562] [modloading-worker-0/DEBUG] [net.minecraftforge.fml.config.ConfigTracker/CONFIG]: Config file globalxp-server.toml for globalxp tracking
[20Aug2025 20:20:39.562] [modloading-worker-0/DEBUG] [net.minecraftforge.fml.javafmlmod.AutomaticEventSubscriber/LOADING]: Attempting to inject @EventBusSubscriber classes into the eventbus for globalxp
[20Aug2025 20:20:39.562] [modloading-worker-0/DEBUG] [net.minecraftforge.fml.javafmlmod.AutomaticEventSubscriber/LOADING]: Auto-subscribing bl4ckscor3.mod.globalxp.GlobalXP to MOD
[20Aug2025 20:20:39.562] [modloading-worker-0/DEBUG] [net.minecraftforge.fml.javafmlmod.AutomaticEventSubscriber/LOADING]: Auto-subscribing dev.architectury.networking.forge.NetworkManagerImpl to FORGE
[20Aug2025 20:20:39.564] [modloading-worker-0/DEBUG] [HammerLib/]: Registered NBT serializer for type class org.zeith.hammerlib.util.java.reflection.SerializableMethodHandle: org.zeith.hammerlib.api.io.serializers.SerializableMethodHandleSerializer@2c8e1b81
[20Aug2025 20:20:39.565] [modloading-worker-0/DEBUG] [HammerLib/]: Registered NBT serializer for type class net.minecraft.resources.ResourceLocation: org.zeith.hammerlib.api.io.serializers.ResourceLocationSerializer@5b5e9158
[20Aug2025 20:20:39.566] [modloading-worker-0/DEBUG] [net.minecraftforge.fml.javafmlmod.AutomaticEventSubscriber/LOADING]: Attempting to inject @EventBusSubscriber classes into the eventbus for transition
[20Aug2025 20:20:39.566] [modloading-worker-0/DEBUG] [HammerLib/]: Registered NBT serializer for type class net.minecraft.resources.ResourceKey: org.zeith.hammerlib.api.io.serializers.ResourceKeySerializer@74fb64c4
[20Aug2025 20:20:39.567] [modloading-worker-0/INFO] [com.cupboard.Cupboard/]: Loaded config for: cupboard.json
[20Aug2025 20:20:39.569] [modloading-worker-0/DEBUG] [net.minecraftforge.fml.javafmlmod.AutomaticEventSubscriber/LOADING]: Attempting to inject @EventBusSubscriber classes into the eventbus for cupboard
[20Aug2025 20:20:39.570] [modloading-worker-0/DEBUG] [HammerLib/]: Registered NBT serializer for type interface net.minecraft.core.particles.ParticleOptions: org.zeith.hammerlib.api.io.serializers.ParticleOptionsSerializer@6c937209
[20Aug2025 20:20:39.570] [modloading-worker-0/DEBUG] [HammerLib/]: Registered NBT serializer for type class [J: org.zeith.hammerlib.api.io.serializers.LongArraySerializer@62cddbef
[20Aug2025 20:20:39.571] [modloading-worker-0/DEBUG] [net.minecraftforge.fml.javafmlmod.AutomaticEventSubscriber/LOADING]: Attempting to inject @EventBusSubscriber classes into the eventbus for refurbished_furniture
[20Aug2025 20:20:39.572] [modloading-worker-0/DEBUG] [net.minecraftforge.fml.javafmlmod.AutomaticEventSubscriber/LOADING]: Auto-subscribing com.mrcrayfish.furniture.refurbished.ForgeEvents to FORGE
[20Aug2025 20:20:39.572] [modloading-worker-0/DEBUG] [HammerLib/]: Registered NBT serializer for type class net.minecraft.world.item.ItemStack: org.zeith.hammerlib.api.io.serializers.ItemStackSerializer@306e300a
[20Aug2025 20:20:39.572] [modloading-worker-0/DEBUG] [betterendisland/]: Loaded com.yungnickyoung.minecraft.betterendisland.services.ForgePlatformHelper@1632951c for service interface com.yungnickyoung.minecraft.betterendisland.services.IPlatformHelper
[20Aug2025 20:20:39.573] [modloading-worker-0/DEBUG] [betterendisland/]: Loaded com.yungnickyoung.minecraft.betterendisland.services.ForgeModulesLoader@3d3c2d42 for service interface com.yungnickyoung.minecraft.betterendisland.services.IModulesLoader
[20Aug2025 20:20:39.574] [modloading-worker-0/INFO] [dev.architectury.networking.forge.NetworkManagerImpl/]: Registering C2S receiver with id architectury:sync_ids
[20Aug2025 20:20:39.575] [modloading-worker-0/DEBUG] [HammerLib/]: Registered NBT serializer for type class [I: org.zeith.hammerlib.api.io.serializers.IntArraySerializer@32eeb248
[20Aug2025 20:20:39.575] [modloading-worker-0/DEBUG] [HammerLib/]: Registered NBT serializer for type interface net.minecraft.network.chat.Component: org.zeith.hammerlib.api.io.serializers.ComponentSerializer@69b3e2f7
[20Aug2025 20:20:39.576] [modloading-worker-0/DEBUG] [HammerLib/]: Registered NBT serializer for type class [B: org.zeith.hammerlib.api.io.serializers.ByteArraySerializer@62e2d2c1
[20Aug2025 20:20:39.576] [modloading-worker-0/DEBUG] [HammerLib/]: Registered NBT serializer for type class net.minecraft.core.BlockPos: org.zeith.hammerlib.api.io.serializers.BlockPosSerializer@ec7b88d
[20Aug2025 20:20:39.577] [modloading-worker-0/DEBUG] [net.minecraftforge.fml.config.ConfigTracker/CONFIG]: Config file betterendisland-forge-1_20.toml for betterendisland tracking
[20Aug2025 20:20:39.579] [modloading-worker-0/DEBUG] [net.minecraftforge.fml.javafmlmod.AutomaticEventSubscriber/LOADING]: Attempting to inject @EventBusSubscriber classes into the eventbus for betterendisland
[20Aug2025 20:20:39.579] [modloading-worker-0/DEBUG] [net.minecraftforge.fml.javafmlmod.AutomaticEventSubscriber/LOADING]: Attempting to inject @EventBusSubscriber classes into the eventbus for t_and_t
[20Aug2025 20:20:39.581] [modloading-worker-0/DEBUG] [net.minecraftforge.fml.javafmlmod.AutomaticEventSubscriber/LOADING]: Attempting to inject @EventBusSubscriber classes into the eventbus for enchantinginfuser
[20Aug2025 20:20:39.584] [modloading-worker-0/DEBUG] [net.minecraftforge.fml.javafmlmod.AutomaticEventSubscriber/LOADING]: Auto-subscribing fuzs.enchantinginfuser.EnchantingInfuserForge to MOD
[20Aug2025 20:20:39.585] [modloading-worker-0/DEBUG] [Framework/]: Loaded com.mrcrayfish.framework.platform.ForgePlatformHelper@4809e12a for service interface com.mrcrayfish.framework.platform.services.IPlatformHelper
[20Aug2025 20:20:39.586] [modloading-worker-0/DEBUG] [Framework/]: Loaded com.mrcrayfish.framework.platform.ForgeNetworkHelper@2ea8ff0c for service interface com.mrcrayfish.framework.platform.services.INetworkHelper
[20Aug2025 20:20:39.586] [modloading-worker-0/DEBUG] [playerrevive/]: Created network playerrevive:main
[20Aug2025 20:20:39.588] [modloading-worker-0/DEBUG] [net.minecraftforge.fml.javafmlmod.AutomaticEventSubscriber/LOADING]: Attempting to inject @EventBusSubscriber classes into the eventbus for playerrevive
[20Aug2025 20:20:39.589] [modloading-worker-0/DEBUG] [Framework/]: Loaded com.mrcrayfish.framework.platform.ForgeRegistrationHelper@79fc159a for service interface com.mrcrayfish.framework.platform.services.IRegistrationHelper
[20Aug2025 20:20:39.591] [modloading-worker-0/DEBUG] [Framework/]: Loaded com.mrcrayfish.framework.platform.ForgeEntityHelper@15bfccfa for service interface com.mrcrayfish.framework.platform.services.IEntityHelper
[20Aug2025 20:20:39.592] [modloading-worker-0/DEBUG] [Framework/]: Loaded com.mrcrayfish.framework.platform.ForgeItemHelper@1da5857b for service interface com.mrcrayfish.framework.platform.services.IItemHelper
[20Aug2025 20:20:39.594] [modloading-worker-0/DEBUG] [Framework/]: Loaded com.mrcrayfish.framework.platform.ForgeConfigHelper@16c89f6d for service interface com.mrcrayfish.framework.platform.services.IConfigHelper
[20Aug2025 20:20:39.594] [modloading-worker-0/INFO] [Puzzles Lib/]: Constructing common components for enchantinginfuser:main
[20Aug2025 20:20:39.605] [modloading-worker-0/DEBUG] [HammerLib/]: Registered NBT serializer for type class net.minecraft.world.level.ChunkPos: org.zeith.hammerlib.api.io.serializers.BaseCodecSerializer@5f149865
[20Aug2025 20:20:39.608] [modloading-worker-0/DEBUG] [HammerLib/]: Registered NBT serializer for type class org.zeith.hammerlib.util.mcf.fluid.FluidIngredientStack: org.zeith.hammerlib.api.io.serializers.BaseCodecSerializer@29cd9992
[20Aug2025 20:20:39.608] [modloading-worker-0/DEBUG] [HammerLib/]: Registered NBT serializer for type class org.zeith.hammerlib.util.mcf.fluid.FluidIngredient: org.zeith.hammerlib.api.io.serializers.BaseCodecSerializer@4bc66d
[20Aug2025 20:20:39.608] [modloading-worker-0/DEBUG] [HammerLib/]: Registered NBT serializer for type class net.minecraft.core.GlobalPos: org.zeith.hammerlib.api.io.serializers.BaseCodecSerializer@4ca40bd0
[20Aug2025 20:20:39.608] [modloading-worker-0/DEBUG] [HammerLib/]: Registered NBT serializer for type class net.minecraftforge.fluids.FluidStack: org.zeith.hammerlib.api.io.serializers.BaseCodecSerializer@54d54a13
[20Aug2025 20:20:39.608] [modloading-worker-0/DEBUG] [HammerLib/]: Registered NBT serializer for type class net.minecraft.world.level.block.state.BlockState: org.zeith.hammerlib.api.io.serializers.BaseCodecSerializer@3139f3aa
[20Aug2025 20:20:39.608] [modloading-worker-0/DEBUG] [net.minecraftforge.fml.javafmlmod.AutomaticEventSubscriber/LOADING]: Attempting to inject @EventBusSubscriber classes into the eventbus for hammerlib
[20Aug2025 20:20:39.608] [modloading-worker-0/DEBUG] [net.minecraftforge.fml.javafmlmod.AutomaticEventSubscriber/LOADING]: Auto-subscribing org.zeith.hammerlib.event.listeners.TagsUpdateListener to FORGE
[20Aug2025 20:20:39.613] [modloading-worker-0/DEBUG] [net.minecraftforge.fml.config.ConfigTracker/CONFIG]: Config file enchantinginfuser-server.toml for enchantinginfuser tracking
[20Aug2025 20:20:39.621] [modloading-worker-0/DEBUG] [net.minecraftforge.fml.javafmlmod.AutomaticEventSubscriber/LOADING]: Auto-subscribing org.zeith.hammerlib.event.listeners.ServerListener to FORGE
[20Aug2025 20:20:39.622] [modloading-worker-0/DEBUG] [net.minecraftforge.fml.javafmlmod.AutomaticEventSubscriber/LOADING]: Auto-subscribing org.zeith.hammerlib.core.recipes.replacers.RemainingReplacerRegistrar to MOD
[20Aug2025 20:20:39.627] [modloading-worker-0/DEBUG] [net.minecraftforge.fml.javafmlmod.AutomaticEventSubscriber/LOADING]: Auto-subscribing org.zeith.hammerlib.core.adapter.WrenchAdapter to FORGE
[20Aug2025 20:20:39.628] [modloading-worker-0/DEBUG] [net.minecraftforge.fml.javafmlmod.AutomaticEventSubscriber/LOADING]: Auto-subscribing org.zeith.hammerlib.core.adapter.CreativeTabAdapter to MOD
[20Aug2025 20:20:39.628] [modloading-worker-0/DEBUG] [net.minecraftforge.fml.javafmlmod.AutomaticEventSubscriber/LOADING]: Auto-subscribing org.zeith.hammerlib.core.adapter.ConfigAdapter to FORGE
[20Aug2025 20:20:39.631] [modloading-worker-0/DEBUG] [net.minecraftforge.fml.javafmlmod.AutomaticEventSubscriber/LOADING]: Auto-subscribing org.zeith.hammerlib.core.RegistriesHL to MOD
[20Aug2025 20:20:39.632] [modloading-worker-0/DEBUG] [net.minecraftforge.fml.javafmlmod.AutomaticEventSubscriber/LOADING]: Auto-subscribing org.zeith.hammerlib.client.adapter.ResourcePackAdapter to MOD
[20Aug2025 20:20:39.636] [modloading-worker-0/DEBUG] [net.minecraftforge.fml.javafmlmod.AutomaticEventSubscriber/LOADING]: Attempting to inject @EventBusSubscriber classes into the eventbus for doubledoors
[20Aug2025 20:20:39.641] [modloading-worker-0/DEBUG] [net.minecraftforge.fml.javafmlmod.AutomaticEventSubscriber/LOADING]: Attempting to inject @EventBusSubscriber classes into the eventbus for fastload
[20Aug2025 20:20:39.647] [modloading-worker-0/DEBUG] [net.minecraftforge.fml.javafmlmod.AutomaticEventSubscriber/LOADING]: Auto-subscribing org.zeith.hammerlib.client.CustomFoilConfigs to MOD
[20Aug2025 20:20:39.649] [modloading-worker-0/DEBUG] [net.minecraftforge.fml.javafmlmod.AutomaticEventSubscriber/LOADING]: Auto-subscribing org.zeith.hammerlib.abstractions.actions.WorldSavedActions to FORGE
[20Aug2025 20:20:39.657] [modloading-worker-0/DEBUG] [net.minecraftforge.fml.config.ConfigTracker/CONFIG]: Config file jei-server.toml for jei tracking
[20Aug2025 20:20:39.661] [modloading-worker-0/DEBUG] [MrCrayfish's Furniture Mod: Refurbished/]: Loaded com.mrcrayfish.furniture.refurbished.platform.ForgePlatformHelper@183ae022 for service interface com.mrcrayfish.furniture.refurbished.platform.services.IPlatformHelper
[20Aug2025 20:20:39.662] [modloading-worker-0/DEBUG] [net.minecraftforge.fml.javafmlmod.AutomaticEventSubscriber/LOADING]: Attempting to inject @EventBusSubscriber classes into the eventbus for jei
[20Aug2025 20:20:39.673] [modloading-worker-0/DEBUG] [MrCrayfish's Furniture Mod: Refurbished/]: Loaded com.mrcrayfish.furniture.refurbished.platform.ForgeBlockHelper@1291c8b6 for service interface com.mrcrayfish.furniture.refurbished.platform.services.IBlockHelper
[20Aug2025 20:20:39.689] [modloading-worker-0/DEBUG] [net.minecraftforge.fml.javafmlmod.AutomaticEventSubscriber/LOADING]: Attempting to inject @EventBusSubscriber classes into the eventbus for mcwlights
[20Aug2025 20:20:39.689] [modloading-worker-0/DEBUG] [net.minecraftforge.fml.javafmlmod.AutomaticEventSubscriber/LOADING]: Auto-subscribing com.mcwlights.kikoz.MacawsLights to MOD
[20Aug2025 20:20:39.691] [modloading-worker-0/DEBUG] [net.minecraftforge.fml.javafmlmod.AutomaticEventSubscriber/LOADING]: Attempting to inject @EventBusSubscriber classes into the eventbus for goblintraders
[20Aug2025 20:20:39.695] [modloading-worker-0/DEBUG] [net.minecraftforge.fml.javafmlmod.AutomaticEventSubscriber/LOADING]: Attempting to inject @EventBusSubscriber classes into the eventbus for trender
[20Aug2025 20:20:39.699] [modloading-worker-0/DEBUG] [MrCrayfish's Furniture Mod: Refurbished/]: Loaded com.mrcrayfish.furniture.refurbished.platform.ForgeBlockEntityHelper@593900c9 for service interface com.mrcrayfish.furniture.refurbished.platform.services.IBlockEntityHelper
[20Aug2025 20:20:39.700] [modloading-worker-0/DEBUG] [MrCrayfish's Furniture Mod: Refurbished/]: Loaded com.mrcrayfish.furniture.refurbished.platform.ForgeItemHelper@6baecc6e for service interface com.mrcrayfish.furniture.refurbished.platform.services.IItemHelper
[20Aug2025 20:20:39.701] [modloading-worker-0/DEBUG] [MrCrayfish's Furniture Mod: Refurbished/]: Loaded com.mrcrayfish.furniture.refurbished.platform.ForgeEntityHelper@2bba6424 for service interface com.mrcrayfish.furniture.refurbished.platform.services.IEntityHelper
[20Aug2025 20:20:39.705] [modloading-worker-0/DEBUG] [MrCrayfish's Furniture Mod: Refurbished/]: Loaded com.mrcrayfish.furniture.refurbished.platform.ForgeRecipeHelper@727eaa41 for service interface com.mrcrayfish.furniture.refurbished.platform.services.IRecipeHelper
[20Aug2025 20:20:39.711] [modloading-worker-0/DEBUG] [MrCrayfish's Furniture Mod: Refurbished/]: Loaded com.mrcrayfish.furniture.refurbished.platform.ForgeFluidHelper@562074a7 for service interface com.mrcrayfish.furniture.refurbished.platform.services.IFluidHelper
[20Aug2025 20:20:39.711] [modloading-worker-0/DEBUG] [MrCrayfish's Furniture Mod: Refurbished/]: Loaded com.mrcrayfish.furniture.refurbished.platform.ForgeTagHelper@e4ee60a for service interface com.mrcrayfish.furniture.refurbished.platform.services.ITagHelper
[20Aug2025 20:20:39.718] [modloading-worker-0/DEBUG] [MrCrayfish's Furniture Mod: Refurbished/]: Loaded com.mrcrayfish.furniture.refurbished.platform.ForgeMenuHelper@6093ccd0 for service interface com.mrcrayfish.furniture.refurbished.platform.services.IMenuHelper
[20Aug2025 20:20:39.722] [modloading-worker-0/DEBUG] [net.minecraftforge.fml.config.ConfigTracker/CONFIG]: Config file waystones-common.toml for waystones tracking
[20Aug2025 20:20:39.790] [modloading-worker-0/DEBUG] [mixin/]: Mixing accessor.CriteriaTriggersAccessor from yungsapi.mixins.json into net.minecraft.advancements.CriteriaTriggers
[20Aug2025 20:20:39.790] [modloading-worker-0/DEBUG] [mixin/]: Renaming @Accessor method getValues()Ljava/util/Map; to getValues_$md$7b373c$1 in yungsapi.mixins.json:accessor.CriteriaTriggersAccessor
[20Aug2025 20:20:39.791] [modloading-worker-0/DEBUG] [mixin/]: Mixing MixinCriteria from forge-mca.mixin.json into net.minecraft.advancements.CriteriaTriggers
[20Aug2025 20:20:39.799] [modloading-worker-0/DEBUG] [net.minecraftforge.fml.javafmlmod.AutomaticEventSubscriber/LOADING]: Attempting to inject @EventBusSubscriber classes into the eventbus for lithostitched
[20Aug2025 20:20:39.800] [modloading-worker-0/DEBUG] [net.minecraftforge.fml.javafmlmod.AutomaticEventSubscriber/LOADING]: Attempting to inject @EventBusSubscriber classes into the eventbus for clumps
[20Aug2025 20:20:39.807] [modloading-worker-0/DEBUG] [net.minecraftforge.fml.config.ConfigTracker/CONFIG]: Config file journeymap-server.toml for journeymap tracking
[20Aug2025 20:20:39.811] [modloading-worker-0/DEBUG] [net.minecraftforge.fml.javafmlmod.AutomaticEventSubscriber/LOADING]: Attempting to inject @EventBusSubscriber classes into the eventbus for journeymap
[20Aug2025 20:20:39.813] [modloading-worker-0/DEBUG] [net.minecraftforge.fml.javafmlmod.AutomaticEventSubscriber/LOADING]: Auto-subscribing journeymap.common.config.forge.ForgeConfig to MOD
[20Aug2025 20:20:39.813] [modloading-worker-0/DEBUG] [net.minecraftforge.fml.javafmlmod.AutomaticEventSubscriber/LOADING]: Auto-subscribing journeymap.common.Journeymap to FORGE
[20Aug2025 20:20:39.816] [modloading-worker-0/DEBUG] [net.minecraftforge.fml.javafmlmod.AutomaticEventSubscriber/LOADING]: Attempting to inject @EventBusSubscriber classes into the eventbus for waystones
[20Aug2025 20:20:39.818] [modloading-worker-0/DEBUG] [net.minecraftforge.fml.javafmlmod.AutomaticEventSubscriber/LOADING]: Attempting to inject @EventBusSubscriber classes into the eventbus for glitchcore
[20Aug2025 20:20:39.818] [modloading-worker-0/DEBUG] [net.minecraftforge.fml.javafmlmod.AutomaticEventSubscriber/LOADING]: Auto-subscribing glitchcore.forge.handlers.VillagerTradesEventHandler to FORGE
[20Aug2025 20:20:39.822] [modloading-worker-0/DEBUG] [net.minecraftforge.fml.javafmlmod.AutomaticEventSubscriber/LOADING]: Auto-subscribing glitchcore.forge.handlers.TooltipEventHandler to FORGE
[20Aug2025 20:20:39.823] [modloading-worker-0/DEBUG] [net.minecraftforge.fml.javafmlmod.AutomaticEventSubscriber/LOADING]: Auto-subscribing glitchcore.forge.handlers.ToolModificationEventHandler to FORGE
[20Aug2025 20:20:39.826] [modloading-worker-0/DEBUG] [net.minecraftforge.fml.javafmlmod.AutomaticEventSubscriber/LOADING]: Auto-subscribing glitchcore.forge.handlers.TickEventHandler to FORGE
[20Aug2025 20:20:39.828] [modloading-worker-0/DEBUG] [net.minecraftforge.fml.javafmlmod.AutomaticEventSubscriber/LOADING]: Auto-subscribing glitchcore.forge.handlers.TagsUpdatedEventHandler to FORGE
[20Aug2025 20:20:39.831] [modloading-worker-0/DEBUG] [net.minecraftforge.fml.javafmlmod.AutomaticEventSubscriber/LOADING]: Auto-subscribing glitchcore.forge.handlers.RegistryEventHandler to MOD
[20Aug2025 20:20:39.833] [modloading-worker-0/DEBUG] [net.minecraftforge.fml.javafmlmod.AutomaticEventSubscriber/LOADING]: Auto-subscribing glitchcore.forge.handlers.RegisterCommandsEventHandler to FORGE
[20Aug2025 20:20:39.835] [modloading-worker-0/DEBUG] [net.minecraftforge.fml.javafmlmod.AutomaticEventSubscriber/LOADING]: Auto-subscribing glitchcore.forge.handlers.InteractionEventHandler to FORGE
[20Aug2025 20:20:39.837] [modloading-worker-0/DEBUG] [net.minecraftforge.fml.javafmlmod.AutomaticEventSubscriber/LOADING]: Attempting to inject @EventBusSubscriber classes into the eventbus for fusion
[20Aug2025 20:20:39.838] [modloading-worker-0/DEBUG] [net.minecraftforge.fml.javafmlmod.AutomaticEventSubscriber/LOADING]: Attempting to inject @EventBusSubscriber classes into the eventbus for skinlayers3d
[20Aug2025 20:20:39.846] [modloading-worker-0/DEBUG] [net.minecraftforge.versions.forge.ForgeVersion/CORE]: Forge Version package package net.minecraftforge.versions.forge, Forge, version 47.3 from cpw.mods.modlauncher.TransformingClassLoader@c4d2c44
[20Aug2025 20:20:39.847] [modloading-worker-0/DEBUG] [net.minecraftforge.versions.forge.ForgeVersion/CORE]: Found Forge version 47.3.7
[20Aug2025 20:20:39.847] [modloading-worker-0/DEBUG] [net.minecraftforge.versions.forge.ForgeVersion/CORE]: Found Forge spec 47.3
[20Aug2025 20:20:39.847] [modloading-worker-0/DEBUG] [net.minecraftforge.versions.forge.ForgeVersion/CORE]: Found Forge group net.minecraftforge
[20Aug2025 20:20:39.848] [modloading-worker-0/DEBUG] [net.minecraftforge.versions.mcp.MCPVersion/CORE]: MCP Version package package net.minecraftforge.versions.mcp, Minecraft, version 1.20.1 from cpw.mods.modlauncher.TransformingClassLoader@c4d2c44
[20Aug2025 20:20:39.848] [modloading-worker-0/DEBUG] [net.minecraftforge.versions.mcp.MCPVersion/CORE]: Found MC version information 1.20.1
[20Aug2025 20:20:39.848] [modloading-worker-0/DEBUG] [net.minecraftforge.versions.mcp.MCPVersion/CORE]: Found MCP version information 20230612.114412
[20Aug2025 20:20:39.848] [modloading-worker-0/INFO] [net.minecraftforge.common.ForgeMod/FORGEMOD]: Forge mod loading, version 47.3.7, for MC 1.20.1 with MCP 20230612.114412
[20Aug2025 20:20:39.849] [modloading-worker-0/INFO] [net.minecraftforge.common.MinecraftForge/FORGE]: MinecraftForge v47.3.7 Initialized
[20Aug2025 20:20:39.874] [modloading-worker-0/DEBUG] [net.minecraftforge.fml.javafmlmod.AutomaticEventSubscriber/LOADING]: Attempting to inject @EventBusSubscriber classes into the eventbus for mca
[20Aug2025 20:20:39.874] [modloading-worker-0/DEBUG] [net.minecraftforge.fml.javafmlmod.AutomaticEventSubscriber/LOADING]: Auto-subscribing forge.net.mca.forge.MCAForge to MOD
[20Aug2025 20:20:39.875] [modloading-worker-0/DEBUG] [net.minecraftforge.fml.javafmlmod.AutomaticEventSubscriber/LOADING]: Auto-subscribing forge.net.mca.forge.ForgeBusEvents to FORGE
[20Aug2025 20:20:39.881] [modloading-worker-0/DEBUG] [net.minecraftforge.fml.javafmlmod.AutomaticEventSubscriber/LOADING]: Attempting to inject @EventBusSubscriber classes into the eventbus for tlskincape
[20Aug2025 20:20:39.896] [modloading-worker-0/DEBUG] [io.netty.util.internal.PlatformDependent0/]: -Dio.netty.noUnsafe: false
[20Aug2025 20:20:39.896] [modloading-worker-0/DEBUG] [io.netty.util.internal.PlatformDependent0/]: Java version: 17
[20Aug2025 20:20:39.897] [modloading-worker-0/DEBUG] [io.netty.util.internal.PlatformDependent0/]: sun.misc.Unsafe.theUnsafe: available
[20Aug2025 20:20:39.897] [modloading-worker-0/DEBUG] [io.netty.util.internal.PlatformDependent0/]: sun.misc.Unsafe.copyMemory: available
[20Aug2025 20:20:39.897] [modloading-worker-0/DEBUG] [io.netty.util.internal.PlatformDependent0/]: sun.misc.Unsafe.storeFence: available
[20Aug2025 20:20:39.901] [modloading-worker-0/DEBUG] [io.netty.util.internal.PlatformDependent0/]: java.nio.Buffer.address: available
[20Aug2025 20:20:39.901] [modloading-worker-0/DEBUG] [io.netty.util.internal.PlatformDependent0/]: direct buffer constructor: unavailable
java.lang.UnsupportedOperationException: Reflective setAccessible(true) disabled
	at io.netty.util.internal.ReflectionUtil.trySetAccessible(ReflectionUtil.java:31) ~[netty-common-4.1.82.Final.jar%2382!/:4.1.82.Final]
	at io.netty.util.internal.PlatformDependent0$5.run(PlatformDependent0.java:288) ~[netty-common-4.1.82.Final.jar%2382!/:4.1.82.Final]
	at java.security.AccessController.doPrivileged(AccessController.java:318) ~[?:?]
	at io.netty.util.internal.PlatformDependent0.<clinit>(PlatformDependent0.java:282) ~[netty-common-4.1.82.Final.jar%2382!/:4.1.82.Final]
	at io.netty.util.internal.PlatformDependent.isAndroid(PlatformDependent.java:333) ~[netty-common-4.1.82.Final.jar%2382!/:4.1.82.Final]
	at io.netty.util.internal.PlatformDependent.<clinit>(PlatformDependent.java:88) ~[netty-common-4.1.82.Final.jar%2382!/:4.1.82.Final]
	at io.netty.util.ConstantPool.<init>(ConstantPool.java:34) ~[netty-common-4.1.82.Final.jar%2382!/:4.1.82.Final]
	at io.netty.util.AttributeKey$1.<init>(AttributeKey.java:27) ~[netty-common-4.1.82.Final.jar%2382!/:4.1.82.Final]
	at io.netty.util.AttributeKey.<clinit>(AttributeKey.java:27) ~[netty-common-4.1.82.Final.jar%2382!/:4.1.82.Final]
	at net.minecraftforge.network.NetworkConstants.<clinit>(NetworkConstants.java:34) ~[forge-1.20.1-47.3.7-universal.jar%23304!/:?]
	at net.minecraftforge.common.ForgeMod.<init>(ForgeMod.java:429) ~[forge-1.20.1-47.3.7-universal.jar%23304!/:?]
	at jdk.internal.reflect.NativeConstructorAccessorImpl.newInstance0(Native Method) ~[?:?]
	at jdk.internal.reflect.NativeConstructorAccessorImpl.newInstance(NativeConstructorAccessorImpl.java:77) ~[?:?]
	at jdk.internal.reflect.DelegatingConstructorAccessorImpl.newInstance(DelegatingConstructorAccessorImpl.java:45) ~[?:?]
	at java.lang.reflect.Constructor.newInstanceWithCaller(Constructor.java:500) ~[?:?]
	at java.lang.reflect.Constructor.newInstance(Constructor.java:481) ~[?:?]
	at net.minecraftforge.fml.javafmlmod.FMLModContainer.constructMod(FMLModContainer.java:70) ~[javafmllanguage-1.20.1-47.3.7.jar%23301!/:?]
	at net.minecraftforge.fml.ModContainer.lambda$buildTransitionHandler$4(ModContainer.java:124) ~[fmlcore-1.20.1-47.3.7.jar%23300!/:?]
	at java.util.concurrent.CompletableFuture$AsyncRun.run(CompletableFuture.java:1804) ~[?:?]
	at java.util.concurrent.CompletableFuture$AsyncRun.exec(CompletableFuture.java:1796) ~[?:?]
	at java.util.concurrent.ForkJoinTask.doExec(ForkJoinTask.java:373) ~[?:?]
	at java.util.concurrent.ForkJoinPool$WorkQueue.topLevelExec(ForkJoinPool.java:1182) ~[?:?]
	at java.util.concurrent.ForkJoinPool.scan(ForkJoinPool.java:1655) ~[?:?]
	at java.util.concurrent.ForkJoinPool.runWorker(ForkJoinPool.java:1622) ~[?:?]
	at java.util.concurrent.ForkJoinWorkerThread.run(ForkJoinWorkerThread.java:165) ~[?:?]
[20Aug2025 20:20:39.903] [modloading-worker-0/DEBUG] [io.netty.util.internal.PlatformDependent0/]: java.nio.Bits.unaligned: available, true
[20Aug2025 20:20:39.904] [modloading-worker-0/DEBUG] [io.netty.util.internal.PlatformDependent0/]: jdk.internal.misc.Unsafe.allocateUninitializedArray(int): unavailable
java.lang.IllegalAccessException: class io.netty.util.internal.PlatformDependent0$7 (in module io.netty.common) cannot access class jdk.internal.misc.Unsafe (in module java.base) because module java.base does not export jdk.internal.misc to module io.netty.common
	at jdk.internal.reflect.Reflection.newIllegalAccessException(Reflection.java:392) ~[?:?]
	at java.lang.reflect.AccessibleObject.checkAccess(AccessibleObject.java:674) ~[?:?]
	at java.lang.reflect.Method.invoke(Method.java:561) ~[?:?]
	at io.netty.util.internal.PlatformDependent0$7.run(PlatformDependent0.java:410) ~[netty-common-4.1.82.Final.jar%2382!/:4.1.82.Final]
	at java.security.AccessController.doPrivileged(AccessController.java:318) ~[?:?]
	at io.netty.util.internal.PlatformDependent0.<clinit>(PlatformDependent0.java:401) ~[netty-common-4.1.82.Final.jar%2382!/:4.1.82.Final]
	at io.netty.util.internal.PlatformDependent.isAndroid(PlatformDependent.java:333) ~[netty-common-4.1.82.Final.jar%2382!/:4.1.82.Final]
	at io.netty.util.internal.PlatformDependent.<clinit>(PlatformDependent.java:88) ~[netty-common-4.1.82.Final.jar%2382!/:4.1.82.Final]
	at io.netty.util.ConstantPool.<init>(ConstantPool.java:34) ~[netty-common-4.1.82.Final.jar%2382!/:4.1.82.Final]
	at io.netty.util.AttributeKey$1.<init>(AttributeKey.java:27) ~[netty-common-4.1.82.Final.jar%2382!/:4.1.82.Final]
	at io.netty.util.AttributeKey.<clinit>(AttributeKey.java:27) ~[netty-common-4.1.82.Final.jar%2382!/:4.1.82.Final]
	at net.minecraftforge.network.NetworkConstants.<clinit>(NetworkConstants.java:34) ~[forge-1.20.1-47.3.7-universal.jar%23304!/:?]
	at net.minecraftforge.common.ForgeMod.<init>(ForgeMod.java:429) ~[forge-1.20.1-47.3.7-universal.jar%23304!/:?]
	at jdk.internal.reflect.NativeConstructorAccessorImpl.newInstance0(Native Method) ~[?:?]
	at jdk.internal.reflect.NativeConstructorAccessorImpl.newInstance(NativeConstructorAccessorImpl.java:77) ~[?:?]
	at jdk.internal.reflect.DelegatingConstructorAccessorImpl.newInstance(DelegatingConstructorAccessorImpl.java:45) ~[?:?]
	at java.lang.reflect.Constructor.newInstanceWithCaller(Constructor.java:500) ~[?:?]
	at java.lang.reflect.Constructor.newInstance(Constructor.java:481) ~[?:?]
	at net.minecraftforge.fml.javafmlmod.FMLModContainer.constructMod(FMLModContainer.java:70) ~[javafmllanguage-1.20.1-47.3.7.jar%23301!/:?]
	at net.minecraftforge.fml.ModContainer.lambda$buildTransitionHandler$4(ModContainer.java:124) ~[fmlcore-1.20.1-47.3.7.jar%23300!/:?]
	at java.util.concurrent.CompletableFuture$AsyncRun.run(CompletableFuture.java:1804) ~[?:?]
	at java.util.concurrent.CompletableFuture$AsyncRun.exec(CompletableFuture.java:1796) ~[?:?]
	at java.util.concurrent.ForkJoinTask.doExec(ForkJoinTask.java:373) ~[?:?]
	at java.util.concurrent.ForkJoinPool$WorkQueue.topLevelExec(ForkJoinPool.java:1182) ~[?:?]
	at java.util.concurrent.ForkJoinPool.scan(ForkJoinPool.java:1655) ~[?:?]
	at java.util.concurrent.ForkJoinPool.runWorker(ForkJoinPool.java:1622) ~[?:?]
	at java.util.concurrent.ForkJoinWorkerThread.run(ForkJoinWorkerThread.java:165) ~[?:?]
[20Aug2025 20:20:39.905] [modloading-worker-0/DEBUG] [io.netty.util.internal.PlatformDependent0/]: java.nio.DirectByteBuffer.<init>(long, int): unavailable
[20Aug2025 20:20:39.905] [modloading-worker-0/DEBUG] [io.netty.util.internal.PlatformDependent/]: sun.misc.Unsafe: available
[20Aug2025 20:20:39.909] [modloading-worker-0/DEBUG] [io.netty.util.internal.PlatformDependent/]: maxDirectMemory: 10737418240 bytes (maybe)
[20Aug2025 20:20:39.909] [modloading-worker-0/DEBUG] [io.netty.util.internal.PlatformDependent/]: -Dio.netty.tmpdir: /tmp (java.io.tmpdir)
[20Aug2025 20:20:39.909] [modloading-worker-0/DEBUG] [io.netty.util.internal.PlatformDependent/]: -Dio.netty.bitMode: 64 (sun.arch.data.model)
[20Aug2025 20:20:39.910] [modloading-worker-0/DEBUG] [io.netty.util.internal.PlatformDependent/]: -Dio.netty.maxDirectMemory: -1 bytes
[20Aug2025 20:20:39.910] [modloading-worker-0/DEBUG] [io.netty.util.internal.PlatformDependent/]: -Dio.netty.uninitializedArrayAllocationThreshold: -1
[20Aug2025 20:20:39.912] [modloading-worker-0/DEBUG] [io.netty.util.internal.CleanerJava9/]: java.nio.ByteBuffer.cleaner(): available
[20Aug2025 20:20:39.914] [modloading-worker-0/DEBUG] [io.netty.util.internal.PlatformDependent/]: -Dio.netty.noPreferDirect: false
[20Aug2025 20:20:39.918] [modloading-worker-0/DEBUG] [net.minecraftforge.fml.javafmlmod.AutomaticEventSubscriber/LOADING]: Attempting to inject @EventBusSubscriber classes into the eventbus for infernalmobs
[20Aug2025 20:20:39.922] [modloading-worker-0/DEBUG] [net.minecraftforge.fml.javafmlmod.AutomaticEventSubscriber/LOADING]: Auto-subscribing atomicstryker.infernalmobs.common.InfernalMobsCore to FORGE
[20Aug2025 20:20:39.923] [modloading-worker-0/DEBUG] [net.minecraftforge.fml.javafmlmod.AutomaticEventSubscriber/LOADING]: Attempting to inject @EventBusSubscriber classes into the eventbus for dungeons_arise
[20Aug2025 20:20:39.922] [modloading-worker-0/INFO] [dev.architectury.networking.forge.NetworkManagerImpl/]: Registering C2S receiver with id artifacts:networking_channel/42a7ad70b1cc371599a0eff744096b8a
[20Aug2025 20:20:39.924] [modloading-worker-0/INFO] [dev.architectury.networking.forge.NetworkManagerImpl/]: Registering C2S receiver with id artifacts:networking_channel/74a5e841822a3a87854ae896a33430d6
[20Aug2025 20:20:39.926] [modloading-worker-0/INFO] [dev.architectury.networking.forge.NetworkManagerImpl/]: Registering C2S receiver with id artifacts:networking_channel/eb3d1e2748533430848cadf0f37c7e9c
[20Aug2025 20:20:39.927] [modloading-worker-0/INFO] [dev.architectury.networking.forge.NetworkManagerImpl/]: Registering C2S receiver with id artifacts:networking_channel/91c8520f19f93b3e8b6a727568e194ab
[20Aug2025 20:20:39.929] [modloading-worker-0/INFO] [dev.architectury.networking.forge.NetworkManagerImpl/]: Registering C2S receiver with id artifacts:networking_channel/8c2784d778293fd482ed84b8aa5fedb9
[20Aug2025 20:20:39.938] [modloading-worker-0/INFO] [dev.architectury.networking.forge.NetworkManagerImpl/]: Registering C2S receiver with id artifacts:networking_channel/ea038224ea783d40b2863f52239e2604
[20Aug2025 20:20:39.939] [modloading-worker-0/INFO] [dev.architectury.networking.forge.NetworkManagerImpl/]: Registering C2S receiver with id artifacts:networking_channel/97ad64b7ecaf33209991c4f031501a58
[20Aug2025 20:20:39.964] [modloading-worker-0/DEBUG] [mixin/]: Mixing item.wearable.WearableArtifactItemMixin from mixins.artifacts.forge.json into artifacts.item.wearable.WearableArtifactItem
[20Aug2025 20:20:39.979] [modloading-worker-0/DEBUG] [mixin/]: Mixing item.umbrella.UmbrellaItemMixin from mixins.artifacts.forge.json into artifacts.item.UmbrellaItem
[20Aug2025 20:20:39.988] [modloading-worker-0/DEBUG] [net.minecraftforge.common.ForgeMod/FORGEMOD]: Loading Network data for FML net version: FML3
[20Aug2025 20:20:40.001] [modloading-worker-0/DEBUG] [net.minecraftforge.fml.config.ConfigTracker/CONFIG]: Config file forge-client.toml for forge tracking
[20Aug2025 20:20:40.001] [modloading-worker-0/DEBUG] [net.minecraftforge.fml.config.ConfigTracker/CONFIG]: Config file forge-server.toml for forge tracking
[20Aug2025 20:20:40.002] [modloading-worker-0/DEBUG] [net.minecraftforge.fml.ModLoadingContext/]: Attempted to register an empty config for type COMMON on mod forge
[20Aug2025 20:20:40.004] [modloading-worker-0/DEBUG] [net.minecraftforge.fml.javafmlmod.AutomaticEventSubscriber/LOADING]: Attempting to inject @EventBusSubscriber classes into the eventbus for useless_sword
[20Aug2025 20:20:40.004] [modloading-worker-0/DEBUG] [net.minecraftforge.fml.javafmlmod.AutomaticEventSubscriber/LOADING]: Auto-subscribing net.mcreator.useless_sword.procedures.TurtleShieldPrProcedure to FORGE
[20Aug2025 20:20:40.005] [modloading-worker-0/DEBUG] [net.minecraftforge.fml.javafmlmod.AutomaticEventSubscriber/LOADING]: Auto-subscribing net.mcreator.useless_sword.procedures.RavagerLeatherLootProcedure to FORGE
[20Aug2025 20:20:40.006] [modloading-worker-0/DEBUG] [net.minecraftforge.fml.javafmlmod.AutomaticEventSubscriber/LOADING]: Auto-subscribing net.mcreator.useless_sword.procedures.GuardianSpikesLootProcedure to FORGE
[20Aug2025 20:20:40.007] [modloading-worker-0/DEBUG] [net.minecraftforge.fml.javafmlmod.AutomaticEventSubscriber/LOADING]: Auto-subscribing net.mcreator.useless_sword.procedures.GoldIronAlloySwordProcedureProcedure to FORGE
[20Aug2025 20:20:40.008] [modloading-worker-0/DEBUG] [net.minecraftforge.fml.javafmlmod.AutomaticEventSubscriber/LOADING]: Auto-subscribing net.mcreator.useless_sword.init.UselessSwordModTabs to MOD
[20Aug2025 20:20:40.009] [modloading-worker-0/DEBUG] [net.minecraftforge.fml.javafmlmod.AutomaticEventSubscriber/LOADING]: Auto-subscribing net.mcreator.useless_sword.init.UselessSwordModEntities to MOD
[20Aug2025 20:20:40.016] [modloading-worker-0/DEBUG] [net.minecraftforge.fml.javafmlmod.AutomaticEventSubscriber/LOADING]: Attempting to inject @EventBusSubscriber classes into the eventbus for forge
[20Aug2025 20:20:40.017] [modloading-worker-0/DEBUG] [net.minecraftforge.fml.javafmlmod.AutomaticEventSubscriber/LOADING]: Auto-subscribing net.minecraftforge.common.ForgeSpawnEggItem$CommonHandler to MOD
[20Aug2025 20:20:40.021] [modloading-worker-0/DEBUG] [net.minecraftforge.fml.javafmlmod.AutomaticEventSubscriber/LOADING]: Attempting to inject @EventBusSubscriber classes into the eventbus for enchdesc
[20Aug2025 20:20:40.029] [modloading-worker-0/DEBUG] [net.minecraftforge.fml.javafmlmod.AutomaticEventSubscriber/LOADING]: Attempting to inject @EventBusSubscriber classes into the eventbus for terrablender
[20Aug2025 20:20:40.029] [modloading-worker-0/DEBUG] [net.minecraftforge.fml.javafmlmod.AutomaticEventSubscriber/LOADING]: Auto-subscribing terrablender.handler.InitializationHandler to FORGE
[20Aug2025 20:20:40.039] [modloading-worker-0/DEBUG] [net.minecraftforge.fml.javafmlmod.AutomaticEventSubscriber/LOADING]: Attempting to inject @EventBusSubscriber classes into the eventbus for jade
[20Aug2025 20:20:40.104] [modloading-worker-0/DEBUG] [net.minecraftforge.fml.javafmlmod.AutomaticEventSubscriber/LOADING]: Attempting to inject @EventBusSubscriber classes into the eventbus for artifacts
[20Aug2025 20:20:40.134] [modloading-worker-0/DEBUG] [creativecore/]: Created network creativecore:main
[20Aug2025 20:20:40.144] [modloading-worker-0/DEBUG] [net.minecraftforge.fml.javafmlmod.AutomaticEventSubscriber/LOADING]: Attempting to inject @EventBusSubscriber classes into the eventbus for creativecore
[20Aug2025 20:20:40.147] [modloading-worker-0/DEBUG] [net.minecraftforge.fml.javafmlmod.AutomaticEventSubscriber/LOADING]: Attempting to inject @EventBusSubscriber classes into the eventbus for notenoughanimations
[20Aug2025 20:20:40.148] [modloading-worker-0/DEBUG] [net.minecraftforge.fml.javafmlmod.AutomaticEventSubscriber/LOADING]: Attempting to inject @EventBusSubscriber classes into the eventbus for iceberg
[20Aug2025 20:20:40.149] [modloading-worker-0/DEBUG] [net.minecraftforge.fml.javafmlmod.AutomaticEventSubscriber/LOADING]: Auto-subscribing com.anthonyhilyard.iceberg.IcebergServer to MOD
[20Aug2025 20:20:40.163] [modloading-worker-0/DEBUG] [net.minecraftforge.fml.javafmlmod.AutomaticEventSubscriber/LOADING]: Attempting to inject @EventBusSubscriber classes into the eventbus for brutalbosses
[20Aug2025 20:20:40.174] [modloading-worker-0/DEBUG] [Framework/]: Started watching config: /workspaces/Los-Parceritos/servidor_minecraft/config/goblintraders-entities.toml
[20Aug2025 20:20:40.196] [modloading-worker-0/DEBUG] [net.minecraftforge.fml.javafmlmod.AutomaticEventSubscriber/LOADING]: Attempting to inject @EventBusSubscriber classes into the eventbus for fastbench
[20Aug2025 20:20:40.197] [modloading-worker-0/DEBUG] [net.minecraftforge.fml.javafmlmod.AutomaticEventSubscriber/LOADING]: Auto-subscribing dev.shadowsoffire.fastbench.util.SlotUpdateManager to FORGE
[20Aug2025 20:20:40.210] [modloading-worker-0/DEBUG] [net.minecraftforge.fml.config.ConfigTracker/CONFIG]: Config file securitycraft-client.toml for securitycraft tracking
[20Aug2025 20:20:40.210] [modloading-worker-0/DEBUG] [net.minecraftforge.fml.config.ConfigTracker/CONFIG]: Config file securitycraft-server.toml for securitycraft tracking
[20Aug2025 20:20:40.222] [modloading-worker-0/DEBUG] [net.minecraftforge.fml.javafmlmod.AutomaticEventSubscriber/LOADING]: Attempting to inject @EventBusSubscriber classes into the eventbus for framework
[20Aug2025 20:20:40.226] [modloading-worker-0/DEBUG] [net.minecraftforge.fml.javafmlmod.AutomaticEventSubscriber/LOADING]: Auto-subscribing com.mrcrayfish.framework.entity.sync.ForgeSyncedEntityDataHandler to FORGE
[20Aug2025 20:20:40.229] [modloading-worker-0/INFO] [coroutil/]: forge loader environment detected
[20Aug2025 20:20:40.233] [modloading-worker-0/DEBUG] [net.minecraftforge.fml.javafmlmod.AutomaticEventSubscriber/LOADING]: Attempting to inject @EventBusSubscriber classes into the eventbus for sons_of_sins
[20Aug2025 20:20:40.234] [modloading-worker-0/DEBUG] [net.minecraftforge.fml.javafmlmod.AutomaticEventSubscriber/LOADING]: Auto-subscribing net.mcreator.sonsofsins.world.inventory.PuppetOfStrifeGUIMenu to FORGE
[20Aug2025 20:20:40.241] [modloading-worker-0/DEBUG] [net.minecraftforge.fml.config.ConfigTracker/CONFIG]: Config file CoroUtil/General.toml for coroutil tracking
[20Aug2025 20:20:40.245] [modloading-worker-0/DEBUG] [net.minecraftforge.fml.javafmlmod.AutomaticEventSubscriber/LOADING]: Auto-subscribing net.mcreator.sonsofsins.world.inventory.FlessCarcassGUIMenu to FORGE
[20Aug2025 20:20:40.246] [modloading-worker-0/DEBUG] [net.minecraftforge.fml.javafmlmod.AutomaticEventSubscriber/LOADING]: Attempting to inject @EventBusSubscriber classes into the eventbus for coroutil
[20Aug2025 20:20:40.248] [modloading-worker-0/DEBUG] [net.minecraftforge.fml.javafmlmod.AutomaticEventSubscriber/LOADING]: Attempting to inject @EventBusSubscriber classes into the eventbus for fastfurnace
[20Aug2025 20:20:40.250] [modloading-worker-0/DEBUG] [net.minecraftforge.fml.config.ConfigTracker/CONFIG]: Config file appleskin-client.toml for appleskin tracking
[20Aug2025 20:20:40.253] [modloading-worker-0/DEBUG] [net.minecraftforge.fml.javafmlmod.AutomaticEventSubscriber/LOADING]: Attempting to inject @EventBusSubscriber classes into the eventbus for appleskin
[20Aug2025 20:20:40.256] [modloading-worker-0/DEBUG] [net.minecraftforge.fml.javafmlmod.AutomaticEventSubscriber/LOADING]: Attempting to inject @EventBusSubscriber classes into the eventbus for ferritecore
[20Aug2025 20:20:40.259] [modloading-worker-0/DEBUG] [net.minecraftforge.fml.javafmlmod.AutomaticEventSubscriber/LOADING]: Auto-subscribing net.mcreator.sonsofsins.procedures.WhenEntityDieProcedure to FORGE
[20Aug2025 20:20:40.260] [modloading-worker-0/DEBUG] [net.minecraftforge.fml.javafmlmod.AutomaticEventSubscriber/LOADING]: Auto-subscribing net.mcreator.sonsofsins.procedures.WhenEntityDie2Procedure to FORGE
[20Aug2025 20:20:40.263] [modloading-worker-0/DEBUG] [net.minecraftforge.fml.javafmlmod.AutomaticEventSubscriber/LOADING]: Auto-subscribing net.mcreator.sonsofsins.procedures.ShapeShiftingToolsBreakProcedure to FORGE
[20Aug2025 20:20:40.266] [modloading-worker-0/DEBUG] [net.minecraftforge.fml.javafmlmod.AutomaticEventSubscriber/LOADING]: Auto-subscribing net.mcreator.sonsofsins.procedures.ShapeShiftingToolChangeProcedure to FORGE
[20Aug2025 20:20:40.267] [modloading-worker-0/DEBUG] [net.minecraftforge.fml.javafmlmod.AutomaticEventSubscriber/LOADING]: Auto-subscribing net.mcreator.sonsofsins.procedures.NReach to FORGE
[20Aug2025 20:20:40.268] [modloading-worker-0/DEBUG] [net.minecraftforge.fml.javafmlmod.AutomaticEventSubscriber/LOADING]: Auto-subscribing net.mcreator.sonsofsins.procedures.InstinctHurtProcedure to FORGE
[20Aug2025 20:20:40.272] [modloading-worker-0/DEBUG] [net.minecraftforge.fml.javafmlmod.AutomaticEventSubscriber/LOADING]: Auto-subscribing net.mcreator.sonsofsins.procedures.DamageCancelPuppetProcedure to FORGE
[20Aug2025 20:20:40.276] [modloading-worker-0/DEBUG] [net.minecraftforge.fml.javafmlmod.AutomaticEventSubscriber/LOADING]: Auto-subscribing net.mcreator.sonsofsins.procedures.CancelJumpGreedProcedure to FORGE
[20Aug2025 20:20:40.277] [modloading-worker-0/DEBUG] [net.minecraftforge.fml.javafmlmod.AutomaticEventSubscriber/LOADING]: Auto-subscribing net.mcreator.sonsofsins.init.SonsOfSinsModTabs to MOD
[20Aug2025 20:20:40.278] [modloading-worker-0/DEBUG] [net.minecraftforge.fml.javafmlmod.AutomaticEventSubscriber/LOADING]: Auto-subscribing net.mcreator.sonsofsins.init.SonsOfSinsModGameRules to MOD
[20Aug2025 20:20:40.280] [modloading-worker-0/DEBUG] [mixin/]: Mixing gamerule.IntegerValueInvoker from mixins.artifacts.common.json into net.minecraft.world.level.GameRules$IntegerValue
[20Aug2025 20:20:40.285] [modloading-worker-0/DEBUG] [mixin/]: Renaming @Invoker method invokeCreate(ILjava/util/function/BiConsumer;)Lnet/minecraft/world/level/GameRules$Type; to invokeCreate_$md$7b373c$0 in mixins.artifacts.common.json:gamerule.IntegerValueInvoker
[20Aug2025 20:20:40.299] [modloading-worker-0/DEBUG] [mixin/]: Mixing gamerule.BooleanValueInvoker from mixins.artifacts.common.json into net.minecraft.world.level.GameRules$BooleanValue
[20Aug2025 20:20:40.299] [modloading-worker-0/DEBUG] [mixin/]: Renaming @Invoker method invokeCreate(ZLjava/util/function/BiConsumer;)Lnet/minecraft/world/level/GameRules$Type; to invokeCreate_$md$7b373c$0 in mixins.artifacts.common.json:gamerule.BooleanValueInvoker
[20Aug2025 20:20:40.303] [modloading-worker-0/DEBUG] [net.minecraftforge.fml.javafmlmod.AutomaticEventSubscriber/LOADING]: Auto-subscribing net.mcreator.sonsofsins.init.SonsOfSinsModFuels to FORGE
[20Aug2025 20:20:40.305] [modloading-worker-0/DEBUG] [net.minecraftforge.fml.javafmlmod.AutomaticEventSubscriber/LOADING]: Auto-subscribing net.mcreator.sonsofsins.init.SonsOfSinsModEntities to MOD
[20Aug2025 20:20:40.306] [modloading-worker-0/DEBUG] [net.minecraftforge.fml.javafmlmod.AutomaticEventSubscriber/LOADING]: Attempting to inject @EventBusSubscriber classes into the eventbus for puzzleslib
[20Aug2025 20:20:40.306] [modloading-worker-0/DEBUG] [net.minecraftforge.fml.javafmlmod.AutomaticEventSubscriber/LOADING]: Auto-subscribing fuzs.puzzleslib.impl.PuzzlesLibForge to MOD
[20Aug2025 20:20:40.309] [modloading-worker-0/INFO] [Puzzles Lib/]: Constructing common components for puzzleslib:main
[20Aug2025 20:20:40.312] [modloading-worker-0/DEBUG] [net.minecraftforge.fml.javafmlmod.AutomaticEventSubscriber/LOADING]: Attempting to inject @EventBusSubscriber classes into the eventbus for connectedglass
[20Aug2025 20:20:40.319] [modloading-worker-0/WARN] [de.keksuccino.justzoom.JustZoom/]: [JUST ZOOM] Disabling 'Just Zoom' since it's a client-side mod and current environment is server!
[20Aug2025 20:20:40.322] [modloading-worker-0/DEBUG] [net.minecraftforge.fml.javafmlmod.AutomaticEventSubscriber/LOADING]: Attempting to inject @EventBusSubscriber classes into the eventbus for justzoom
[20Aug2025 20:20:40.322] [modloading-worker-0/INFO] [me.treyruffy.betterf3.BetterF3Forge/]: [BetterF3] Starting...
[20Aug2025 20:20:40.322] [modloading-worker-0/WARN] [me.treyruffy.betterf3.BetterF3Forge/]: [BetterF3] Not supported on dedicated server!
[20Aug2025 20:20:40.322] [modloading-worker-0/DEBUG] [net.minecraftforge.fml.javafmlmod.AutomaticEventSubscriber/LOADING]: Attempting to inject @EventBusSubscriber classes into the eventbus for betterf3
[20Aug2025 20:20:40.323] [modloading-worker-0/INFO] [be.florens.expandability.ExpandAbility/]: ExpandAbility here, who dis?
[20Aug2025 20:20:40.323] [modloading-worker-0/DEBUG] [net.minecraftforge.fml.javafmlmod.AutomaticEventSubscriber/LOADING]: Attempting to inject @EventBusSubscriber classes into the eventbus for expandability
[20Aug2025 20:20:40.323] [modloading-worker-0/DEBUG] [net.minecraftforge.fml.javafmlmod.AutomaticEventSubscriber/LOADING]: Attempting to inject @EventBusSubscriber classes into the eventbus for overflowingbars
[20Aug2025 20:20:40.323] [modloading-worker-0/DEBUG] [net.minecraftforge.fml.javafmlmod.AutomaticEventSubscriber/LOADING]: Auto-subscribing fuzs.overflowingbars.OverflowingBarsForge to MOD
[20Aug2025 20:20:40.327] [modloading-worker-0/INFO] [Puzzles Lib/]: Constructing common components for overflowingbars:main
[20Aug2025 20:20:40.414] [modloading-worker-0/DEBUG] [net.minecraftforge.fml.javafmlmod.AutomaticEventSubscriber/LOADING]: Attempting to inject @EventBusSubscriber classes into the eventbus for drinkbeer
[20Aug2025 20:20:40.414] [modloading-worker-0/DEBUG] [net.minecraftforge.fml.javafmlmod.AutomaticEventSubscriber/LOADING]: Auto-subscribing lekavar.lma.drinkbeer.registries.MenuTypeRegistry to MOD
[20Aug2025 20:20:40.602] [modloading-worker-0/DEBUG] [net.minecraftforge.fml.javafmlmod.AutomaticEventSubscriber/LOADING]: Attempting to inject @EventBusSubscriber classes into the eventbus for securitycraft
[20Aug2025 20:20:40.603] [modloading-worker-0/DEBUG] [net.minecraftforge.fml.javafmlmod.AutomaticEventSubscriber/LOADING]: Auto-subscribing net.geforcemods.securitycraft.api.SecurityCraftAPI to MOD
[20Aug2025 20:20:40.604] [modloading-worker-0/DEBUG] [net.minecraftforge.fml.javafmlmod.AutomaticEventSubscriber/LOADING]: Auto-subscribing net.geforcemods.securitycraft.SecurityCraft to MOD
[20Aug2025 20:20:40.605] [modloading-worker-0/DEBUG] [net.minecraftforge.fml.javafmlmod.AutomaticEventSubscriber/LOADING]: Auto-subscribing net.geforcemods.securitycraft.SCEventHandler to FORGE
[20Aug2025 20:20:40.617] [modloading-worker-0/DEBUG] [net.minecraftforge.fml.javafmlmod.AutomaticEventSubscriber/LOADING]: Auto-subscribing net.geforcemods.securitycraft.RegistrationHandler to MOD
[20Aug2025 20:20:40.620] [modloading-worker-0/DEBUG] [net.minecraftforge.fml.javafmlmod.AutomaticEventSubscriber/LOADING]: Auto-subscribing net.geforcemods.securitycraft.ConfigHandler to MOD
[20Aug2025 20:20:40.898] [modloading-worker-0/INFO] [thedarkcolour.kotlinforforge.test.KotlinForForge/]: Kotlin For Forge Enabled!
[20Aug2025 20:20:40.900] [modloading-worker-0/DEBUG] [thedarkcolour.kotlinforforge.LoggerKt/LOADING]: Attempting to inject @EventBusSubscriber kotlin objects in to the event bus for kotlinforforge
[20Aug2025 20:20:41.056] [modloading-worker-0/DEBUG] [Cristel Lib/]: Couldn't parse: "T&T Waystone Patch Pack" to a component
com.mojang.brigadier.exceptions.CommandSyntaxException: Invalid chat component: Use JsonReader.setLenient(true) to accept malformed JSON at line 1 column 1 path $ at position 0: <--[HERE]
[20Aug2025 20:20:41.059] [modloading-worker-0/DEBUG] [mixin/]: Mixing PathPackResourcesAccessor from creativecore.mixins.json into net.minecraft.server.packs.PathPackResources
[20Aug2025 20:20:41.115] [modloading-worker-0/DEBUG] [net.minecraftforge.fml.javafmlmod.AutomaticEventSubscriber/LOADING]: Attempting to inject @EventBusSubscriber classes into the eventbus for cristellib
[20Aug2025 20:20:41.136] [main/DEBUG] [mixin/]: Mixing common.RegistryDataLoaderMixin from lithostitched.mixins.json into net.minecraft.resources.RegistryDataLoader
[20Aug2025 20:20:41.194] [main/DEBUG] [net.minecraftforge.common.capabilities.CapabilityManager/CAPABILITIES]: Attempting to automatically register: Lnet/minecraftforge/energy/IEnergyStorage;
[20Aug2025 20:20:41.194] [main/DEBUG] [net.minecraftforge.common.capabilities.CapabilityManager/CAPABILITIES]: Attempting to automatically register: Lnet/minecraftforge/fluids/capability/IFluidHandler;
[20Aug2025 20:20:41.194] [main/DEBUG] [net.minecraftforge.common.capabilities.CapabilityManager/CAPABILITIES]: Attempting to automatically register: Lnet/minecraftforge/fluids/capability/IFluidHandlerItem;
[20Aug2025 20:20:41.194] [main/DEBUG] [net.minecraftforge.common.capabilities.CapabilityManager/CAPABILITIES]: Attempting to automatically register: Lnet/minecraftforge/items/IItemHandler;
[20Aug2025 20:20:41.194] [main/DEBUG] [net.minecraftforge.common.capabilities.CapabilityManager/CAPABILITIES]: Attempting to automatically register: Lorg/zeith/api/blocks/redstone/IRedstoneBundle;
[20Aug2025 20:20:41.212] [main/DEBUG] [mixin/]: Mixing ForgeHooksMixin from mixins.hammerlib.json into net.minecraftforge.common.ForgeHooks
[20Aug2025 20:20:41.212] [main/DEBUG] [mixin/]: Mixing ForgeHooksMixin from tombstone.mixins.json into net.minecraftforge.common.ForgeHooks
[20Aug2025 20:20:42.107] [main/DEBUG] [Goblin Traders/]: Loaded com.mrcrayfish.goblintraders.platform.ForgePlatformHelper@7517d44c for service interface com.mrcrayfish.goblintraders.platform.services.IPlatformHelper
[20Aug2025 20:20:42.538] [main/DEBUG] [dev.architectury.core.item.ArchitecturySpawnEggItem/]: Registering spawn egg male_villager_spawn_egg for mca:male_villager
[20Aug2025 20:20:42.538] [main/DEBUG] [dev.architectury.core.item.ArchitecturySpawnEggItem/]: Registering spawn egg female_villager_spawn_egg for mca:female_villager
[20Aug2025 20:20:42.538] [main/DEBUG] [dev.architectury.core.item.ArchitecturySpawnEggItem/]: Registering spawn egg male_zombie_villager_spawn_egg for mca:male_zombie_villager
[20Aug2025 20:20:42.538] [main/DEBUG] [dev.architectury.core.item.ArchitecturySpawnEggItem/]: Registering spawn egg female_zombie_villager_spawn_egg for mca:female_zombie_villager
[20Aug2025 20:20:42.538] [main/DEBUG] [dev.architectury.core.item.ArchitecturySpawnEggItem/]: Registering spawn egg grim_reaper_spawn_egg for mca:grim_reaper
[20Aug2025 20:20:42.539] [main/WARN] [dev.architectury.registry.registries.forge.RegistrarManagerImpl/]: Registry entry listened Registry Entry [minecraft:entity_type / artifacts:mimic] was not realized!
[20Aug2025 20:20:42.539] [main/DEBUG] [dev.architectury.core.item.ArchitecturySpawnEggItem/]: Registering spawn egg mimic_spawn_egg for artifacts:mimic
[20Aug2025 20:20:42.650] [main/DEBUG] [mixin/]: Mixing accessors.inventory.AccessorInventoryMenu from bookshelf.common.mixins.json into net.minecraft.world.inventory.InventoryMenu
[20Aug2025 20:20:42.651] [main/DEBUG] [mixin/]: Mixing MixinInventoryMenu from fastbench.mixins.json into net.minecraft.world.inventory.InventoryMenu
[20Aug2025 20:20:42.674] [main/DEBUG] [placebo/]: Registered 0 recipe types.
[20Aug2025 20:20:42.684] [main/DEBUG] [mixin/]: Mixing accessor.ShapelessRecipeAccessor from tombstone.mixins.json into net.minecraft.world.item.crafting.ShapelessRecipe
[20Aug2025 20:20:42.686] [main/DEBUG] [bookshelf/]: Built 2 minecraft:recipe_serializer entries. Took 3.18ms.
[20Aug2025 20:20:42.723] [main/DEBUG] [bookshelf/]: Built 2 minecraft:command_argument_type entries. Took 3.37ms.
[20Aug2025 20:20:42.967] [main/WARN] [net.minecraft.network.syncher.SynchedEntityData/]: defineId called for: class forge.net.mca.entity.VillagerEntityMCA from class forge.net.mca.util.network.datasync.CDataParameter
[20Aug2025 20:20:42.968] [main/WARN] [net.minecraft.network.syncher.SynchedEntityData/]: defineId called for: class forge.net.mca.entity.VillagerEntityMCA from class forge.net.mca.util.network.datasync.CDataParameter
[20Aug2025 20:20:42.969] [main/WARN] [net.minecraft.network.syncher.SynchedEntityData/]: defineId called for: class forge.net.mca.entity.VillagerEntityMCA from class forge.net.mca.util.network.datasync.CDataParameter
[20Aug2025 20:20:42.969] [main/WARN] [net.minecraft.network.syncher.SynchedEntityData/]: defineId called for: class forge.net.mca.entity.VillagerEntityMCA from class forge.net.mca.util.network.datasync.CDataParameter
[20Aug2025 20:20:42.969] [main/WARN] [net.minecraft.network.syncher.SynchedEntityData/]: defineId called for: class forge.net.mca.entity.VillagerEntityMCA from class forge.net.mca.util.network.datasync.CDataParameter
[20Aug2025 20:20:42.969] [main/WARN] [net.minecraft.network.syncher.SynchedEntityData/]: defineId called for: class forge.net.mca.entity.VillagerEntityMCA from class forge.net.mca.util.network.datasync.CDataParameter
[20Aug2025 20:20:42.970] [main/WARN] [net.minecraft.network.syncher.SynchedEntityData/]: defineId called for: class forge.net.mca.entity.VillagerEntityMCA from class forge.net.mca.util.network.datasync.CDataParameter
[20Aug2025 20:20:42.970] [main/WARN] [net.minecraft.network.syncher.SynchedEntityData/]: defineId called for: class forge.net.mca.entity.VillagerEntityMCA from class forge.net.mca.util.network.datasync.CEnumParameter
[20Aug2025 20:20:42.972] [main/WARN] [net.minecraft.network.syncher.SynchedEntityData/]: defineId called for: class forge.net.mca.entity.VillagerEntityMCA from class forge.net.mca.util.network.datasync.CDataParameter
[20Aug2025 20:20:42.972] [main/WARN] [net.minecraft.network.syncher.SynchedEntityData/]: defineId called for: class forge.net.mca.entity.VillagerEntityMCA from class forge.net.mca.util.network.datasync.CDataParameter
[20Aug2025 20:20:42.972] [main/WARN] [net.minecraft.network.syncher.SynchedEntityData/]: defineId called for: class forge.net.mca.entity.VillagerEntityMCA from class forge.net.mca.util.network.datasync.CDataParameter
[20Aug2025 20:20:42.972] [main/WARN] [net.minecraft.network.syncher.SynchedEntityData/]: defineId called for: class forge.net.mca.entity.VillagerEntityMCA from class forge.net.mca.util.network.datasync.CDataParameter
[20Aug2025 20:20:42.973] [main/WARN] [net.minecraft.network.syncher.SynchedEntityData/]: defineId called for: class forge.net.mca.entity.VillagerEntityMCA from class forge.net.mca.util.network.datasync.CDataParameter
[20Aug2025 20:20:42.973] [main/WARN] [net.minecraft.network.syncher.SynchedEntityData/]: defineId called for: class forge.net.mca.entity.VillagerEntityMCA from class forge.net.mca.util.network.datasync.CDataParameter
[20Aug2025 20:20:42.973] [main/WARN] [net.minecraft.network.syncher.SynchedEntityData/]: defineId called for: class forge.net.mca.entity.VillagerEntityMCA from class forge.net.mca.util.network.datasync.CDataParameter
[20Aug2025 20:20:42.974] [main/WARN] [net.minecraft.network.syncher.SynchedEntityData/]: defineId called for: class forge.net.mca.entity.VillagerEntityMCA from class forge.net.mca.util.network.datasync.CDataParameter
[20Aug2025 20:20:42.974] [main/WARN] [net.minecraft.network.syncher.SynchedEntityData/]: defineId called for: class forge.net.mca.entity.VillagerEntityMCA from class forge.net.mca.util.network.datasync.CDataParameter
[20Aug2025 20:20:42.974] [main/WARN] [net.minecraft.network.syncher.SynchedEntityData/]: defineId called for: class forge.net.mca.entity.VillagerEntityMCA from class forge.net.mca.util.network.datasync.CDataParameter
[20Aug2025 20:20:42.975] [main/WARN] [net.minecraft.network.syncher.SynchedEntityData/]: defineId called for: class forge.net.mca.entity.VillagerEntityMCA from class forge.net.mca.util.network.datasync.CDataParameter
[20Aug2025 20:20:42.975] [main/WARN] [net.minecraft.network.syncher.SynchedEntityData/]: defineId called for: class forge.net.mca.entity.VillagerEntityMCA from class forge.net.mca.util.network.datasync.CEnumParameter
[20Aug2025 20:20:42.976] [main/WARN] [net.minecraft.network.syncher.SynchedEntityData/]: defineId called for: class forge.net.mca.entity.VillagerEntityMCA from class forge.net.mca.util.network.datasync.CDataParameter
[20Aug2025 20:20:42.979] [main/WARN] [net.minecraft.network.syncher.SynchedEntityData/]: defineId called for: class forge.net.mca.entity.VillagerEntityMCA from class forge.net.mca.util.network.datasync.CDataParameter
[20Aug2025 20:20:42.979] [main/WARN] [net.minecraft.network.syncher.SynchedEntityData/]: defineId called for: class forge.net.mca.entity.VillagerEntityMCA from class forge.net.mca.util.network.datasync.CEnumParameter
[20Aug2025 20:20:42.980] [main/WARN] [net.minecraft.network.syncher.SynchedEntityData/]: defineId called for: class forge.net.mca.entity.VillagerEntityMCA from class forge.net.mca.util.network.datasync.CDataParameter
[20Aug2025 20:20:42.980] [main/WARN] [net.minecraft.network.syncher.SynchedEntityData/]: defineId called for: class forge.net.mca.entity.VillagerEntityMCA from class forge.net.mca.util.network.datasync.CEnumParameter
[20Aug2025 20:20:42.980] [main/WARN] [net.minecraft.network.syncher.SynchedEntityData/]: defineId called for: class forge.net.mca.entity.VillagerEntityMCA from class forge.net.mca.util.network.datasync.CEnumParameter
[20Aug2025 20:20:42.980] [main/WARN] [net.minecraft.network.syncher.SynchedEntityData/]: defineId called for: class forge.net.mca.entity.VillagerEntityMCA from class forge.net.mca.util.network.datasync.CDataParameter
[20Aug2025 20:20:42.980] [main/WARN] [net.minecraft.network.syncher.SynchedEntityData/]: defineId called for: class forge.net.mca.entity.VillagerEntityMCA from class forge.net.mca.util.network.datasync.CDataParameter
[20Aug2025 20:20:42.981] [main/WARN] [net.minecraft.network.syncher.SynchedEntityData/]: defineId called for: class forge.net.mca.entity.VillagerEntityMCA from class forge.net.mca.util.network.datasync.CDataParameter
[20Aug2025 20:20:42.981] [main/WARN] [net.minecraft.network.syncher.SynchedEntityData/]: defineId called for: class forge.net.mca.entity.VillagerEntityMCA from class forge.net.mca.util.network.datasync.CDataParameter
[20Aug2025 20:20:42.981] [main/WARN] [net.minecraft.network.syncher.SynchedEntityData/]: defineId called for: class forge.net.mca.entity.VillagerEntityMCA from class forge.net.mca.util.network.datasync.CDataParameter
[20Aug2025 20:20:42.982] [main/WARN] [net.minecraft.network.syncher.SynchedEntityData/]: defineId called for: class forge.net.mca.entity.VillagerEntityMCA from class forge.net.mca.util.network.datasync.CDataParameter
[20Aug2025 20:20:42.986] [main/WARN] [net.minecraft.network.syncher.SynchedEntityData/]: defineId called for: class forge.net.mca.entity.VillagerEntityMCA from class forge.net.mca.util.network.datasync.CDataParameter
[20Aug2025 20:20:42.987] [main/WARN] [net.minecraft.network.syncher.SynchedEntityData/]: defineId called for: class forge.net.mca.entity.VillagerEntityMCA from class forge.net.mca.util.network.datasync.CDataParameter
[20Aug2025 20:20:42.988] [main/WARN] [net.minecraft.network.syncher.SynchedEntityData/]: defineId called for: class forge.net.mca.entity.VillagerEntityMCA from class forge.net.mca.util.network.datasync.CDataParameter
[20Aug2025 20:20:42.988] [main/WARN] [net.minecraft.network.syncher.SynchedEntityData/]: defineId called for: class forge.net.mca.entity.VillagerEntityMCA from class forge.net.mca.util.network.datasync.CDataParameter
[20Aug2025 20:20:42.988] [main/WARN] [net.minecraft.network.syncher.SynchedEntityData/]: defineId called for: class forge.net.mca.entity.VillagerEntityMCA from class forge.net.mca.util.network.datasync.CDataParameter
[20Aug2025 20:20:42.989] [main/WARN] [net.minecraft.network.syncher.SynchedEntityData/]: defineId called for: class forge.net.mca.entity.GrimReaperEntity from class forge.net.mca.util.network.datasync.CEnumParameter
[20Aug2025 20:20:43.000] [main/DEBUG] [mixin/]: Mixing common.ServerLifecycleHooksMixin from lithostitched.forge.mixins.json into net.minecraftforge.server.ServerLifecycleHooks
[20Aug2025 20:20:43.000] [main/DEBUG] [mixin/]: Renaming synthetic method lambda$lithostitched$injectBiomeModifers$1(Ljava/util/List;Ljava/util/Map$Entry;)V to md7b373c$lambda$lithostitched$injectBiomeModifers$1$0 in lithostitched.forge.mixins.json:common.ServerLifecycleHooksMixin
[20Aug2025 20:20:43.000] [main/DEBUG] [mixin/]: Renaming synthetic method lambda$lithostitched$injectBiomeModifers$0(Ljava/util/Map$Entry;)Z to md7b373c$lambda$lithostitched$injectBiomeModifers$0$1 in lithostitched.forge.mixins.json:common.ServerLifecycleHooksMixin
[20Aug2025 20:20:43.005] [main/DEBUG] [net.minecraftforge.fml.config.ConfigTracker/CONFIG]: Loading configs type COMMON
[20Aug2025 20:20:43.006] [main/DEBUG] [net.minecraftforge.fml.config.ConfigFileTypeHandler/CONFIG]: Built TOML config for /workspaces/Los-Parceritos/servidor_minecraft/config/sophisticatedcore-common.toml
[20Aug2025 20:20:43.006] [main/DEBUG] [net.minecraftforge.fml.config.ConfigFileTypeHandler/CONFIG]: Loaded TOML config file /workspaces/Los-Parceritos/servidor_minecraft/config/sophisticatedcore-common.toml
[20Aug2025 20:20:43.007] [main/DEBUG] [net.minecraftforge.fml.config.ConfigFileTypeHandler/CONFIG]: Watching TOML config file /workspaces/Los-Parceritos/servidor_minecraft/config/sophisticatedcore-common.toml for changes
[20Aug2025 20:20:43.009] [main/DEBUG] [net.minecraftforge.fml.config.ConfigFileTypeHandler/CONFIG]: Built TOML config for /workspaces/Los-Parceritos/servidor_minecraft/config/citadel-common.toml
[20Aug2025 20:20:43.009] [main/DEBUG] [net.minecraftforge.fml.config.ConfigFileTypeHandler/CONFIG]: Loaded TOML config file /workspaces/Los-Parceritos/servidor_minecraft/config/citadel-common.toml
[20Aug2025 20:20:43.009] [main/DEBUG] [net.minecraftforge.fml.config.ConfigFileTypeHandler/CONFIG]: Watching TOML config file /workspaces/Los-Parceritos/servidor_minecraft/config/citadel-common.toml for changes
[20Aug2025 20:20:43.010] [Thread-2/DEBUG] [net.minecraftforge.fml.config.ConfigFileTypeHandler/CONFIG]: Config file citadel-common.toml changed, sending notifies
[20Aug2025 20:20:43.010] [Thread-2/DEBUG] [net.minecraftforge.fml.config.ConfigFileTypeHandler/CONFIG]: Config file citadel-common.toml changed, sending notifies
[20Aug2025 20:20:43.010] [main/DEBUG] [net.minecraftforge.fml.config.ConfigFileTypeHandler/CONFIG]: Built TOML config for /workspaces/Los-Parceritos/servidor_minecraft/config/sophisticatedbackpacks-common.toml
[20Aug2025 20:20:43.010] [main/DEBUG] [net.minecraftforge.fml.config.ConfigFileTypeHandler/CONFIG]: Loaded TOML config file /workspaces/Los-Parceritos/servidor_minecraft/config/sophisticatedbackpacks-common.toml
[20Aug2025 20:20:43.011] [main/DEBUG] [net.minecraftforge.fml.config.ConfigFileTypeHandler/CONFIG]: Watching TOML config file /workspaces/Los-Parceritos/servidor_minecraft/config/sophisticatedbackpacks-common.toml for changes
[20Aug2025 20:20:43.011] [main/DEBUG] [net.minecraftforge.fml.config.ConfigFileTypeHandler/CONFIG]: Built TOML config for /workspaces/Los-Parceritos/servidor_minecraft/config/alexsmobs.toml
[20Aug2025 20:20:43.011] [Thread-2/DEBUG] [net.minecraftforge.fml.config.ConfigFileTypeHandler/CONFIG]: Config file sophisticatedbackpacks-common.toml changed, sending notifies
[20Aug2025 20:20:43.015] [main/DEBUG] [net.minecraftforge.fml.config.ConfigFileTypeHandler/CONFIG]: Loaded TOML config file /workspaces/Los-Parceritos/servidor_minecraft/config/alexsmobs.toml
[20Aug2025 20:20:43.015] [main/DEBUG] [net.minecraftforge.fml.config.ConfigFileTypeHandler/CONFIG]: Watching TOML config file /workspaces/Los-Parceritos/servidor_minecraft/config/alexsmobs.toml for changes
[20Aug2025 20:20:43.056] [Thread-2/DEBUG] [net.minecraftforge.fml.config.ConfigFileTypeHandler/CONFIG]: Config file alexsmobs.toml changed, sending notifies
[20Aug2025 20:20:43.059] [main/DEBUG] [net.minecraftforge.fml.config.ConfigFileTypeHandler/CONFIG]: Built TOML config for /workspaces/Los-Parceritos/servidor_minecraft/config/carryon-common.toml
[20Aug2025 20:20:43.060] [main/DEBUG] [net.minecraftforge.fml.config.ConfigFileTypeHandler/CONFIG]: Loaded TOML config file /workspaces/Los-Parceritos/servidor_minecraft/config/carryon-common.toml
[20Aug2025 20:20:43.060] [main/DEBUG] [net.minecraftforge.fml.config.ConfigFileTypeHandler/CONFIG]: Watching TOML config file /workspaces/Los-Parceritos/servidor_minecraft/config/carryon-common.toml for changes
[20Aug2025 20:20:43.112] [Thread-2/DEBUG] [net.minecraftforge.fml.config.ConfigFileTypeHandler/CONFIG]: Config file carryon-common.toml changed, sending notifies
[20Aug2025 20:20:43.113] [main/DEBUG] [net.minecraftforge.fml.config.ConfigFileTypeHandler/CONFIG]: Built TOML config for /workspaces/Los-Parceritos/servidor_minecraft/config/ShieldExpansion-common.toml
[20Aug2025 20:20:43.114] [main/DEBUG] [net.minecraftforge.fml.config.ConfigFileTypeHandler/CONFIG]: Loaded TOML config file /workspaces/Los-Parceritos/servidor_minecraft/config/ShieldExpansion-common.toml
[20Aug2025 20:20:43.114] [main/DEBUG] [net.minecraftforge.fml.config.ConfigFileTypeHandler/CONFIG]: Watching TOML config file /workspaces/Los-Parceritos/servidor_minecraft/config/ShieldExpansion-common.toml for changes
[20Aug2025 20:20:43.115] [main/DEBUG] [net.minecraftforge.fml.config.ConfigFileTypeHandler/CONFIG]: Built TOML config for /workspaces/Los-Parceritos/servidor_minecraft/config/betterfortresses-forge-1_20.toml
[20Aug2025 20:20:43.115] [main/DEBUG] [net.minecraftforge.fml.config.ConfigFileTypeHandler/CONFIG]: Loaded TOML config file /workspaces/Los-Parceritos/servidor_minecraft/config/betterfortresses-forge-1_20.toml
[20Aug2025 20:20:43.116] [main/DEBUG] [net.minecraftforge.fml.config.ConfigFileTypeHandler/CONFIG]: Watching TOML config file /workspaces/Los-Parceritos/servidor_minecraft/config/betterfortresses-forge-1_20.toml for changes
[20Aug2025 20:20:43.117] [main/DEBUG] [net.minecraftforge.fml.config.ConfigFileTypeHandler/CONFIG]: Built TOML config for /workspaces/Los-Parceritos/servidor_minecraft/config/paraglider-common.toml
[20Aug2025 20:20:43.117] [main/DEBUG] [net.minecraftforge.fml.config.ConfigFileTypeHandler/CONFIG]: Loaded TOML config file /workspaces/Los-Parceritos/servidor_minecraft/config/paraglider-common.toml
[20Aug2025 20:20:43.118] [main/DEBUG] [net.minecraftforge.fml.config.ConfigFileTypeHandler/CONFIG]: Watching TOML config file /workspaces/Los-Parceritos/servidor_minecraft/config/paraglider-common.toml for changes
[20Aug2025 20:20:43.118] [main/DEBUG] [net.minecraftforge.fml.config.ConfigFileTypeHandler/CONFIG]: Built TOML config for /workspaces/Los-Parceritos/servidor_minecraft/config/balm-common.toml
[20Aug2025 20:20:43.119] [main/DEBUG] [net.minecraftforge.fml.config.ConfigFileTypeHandler/CONFIG]: Loaded TOML config file /workspaces/Los-Parceritos/servidor_minecraft/config/balm-common.toml
[20Aug2025 20:20:43.119] [main/DEBUG] [net.minecraftforge.fml.config.ConfigFileTypeHandler/CONFIG]: Watching TOML config file /workspaces/Los-Parceritos/servidor_minecraft/config/balm-common.toml for changes
[20Aug2025 20:20:43.122] [main/DEBUG] [net.minecraftforge.fml.config.ConfigFileTypeHandler/CONFIG]: Built TOML config for /workspaces/Los-Parceritos/servidor_minecraft/config/curios-common.toml
[20Aug2025 20:20:43.122] [main/DEBUG] [net.minecraftforge.fml.config.ConfigFileTypeHandler/CONFIG]: Loaded TOML config file /workspaces/Los-Parceritos/servidor_minecraft/config/curios-common.toml
[20Aug2025 20:20:43.122] [main/DEBUG] [net.minecraftforge.fml.config.ConfigFileTypeHandler/CONFIG]: Watching TOML config file /workspaces/Los-Parceritos/servidor_minecraft/config/curios-common.toml for changes
[20Aug2025 20:20:43.123] [main/DEBUG] [net.minecraftforge.fml.config.ConfigFileTypeHandler/CONFIG]: Built TOML config for /workspaces/Los-Parceritos/servidor_minecraft/config/betterstrongholds-forge-1_20.toml
[20Aug2025 20:20:43.123] [main/DEBUG] [net.minecraftforge.fml.config.ConfigFileTypeHandler/CONFIG]: Loaded TOML config file /workspaces/Los-Parceritos/servidor_minecraft/config/betterstrongholds-forge-1_20.toml
[20Aug2025 20:20:43.123] [main/DEBUG] [net.minecraftforge.fml.config.ConfigFileTypeHandler/CONFIG]: Watching TOML config file /workspaces/Los-Parceritos/servidor_minecraft/config/betterstrongholds-forge-1_20.toml for changes
[20Aug2025 20:20:43.123] [main/WARN] [yungsapi/]: WARNING: block Block{minecraft:coal_ore} added to BlockStateRandomizer exceeds max probabiltiy of 1!
[20Aug2025 20:20:43.125] [main/DEBUG] [net.minecraftforge.fml.config.ConfigFileTypeHandler/CONFIG]: Built TOML config for /workspaces/Los-Parceritos/servidor_minecraft/config/tombstone-common.toml
[20Aug2025 20:20:43.126] [main/DEBUG] [net.minecraftforge.fml.config.ConfigFileTypeHandler/CONFIG]: Loaded TOML config file /workspaces/Los-Parceritos/servidor_minecraft/config/tombstone-common.toml
[20Aug2025 20:20:43.126] [main/DEBUG] [net.minecraftforge.fml.config.ConfigFileTypeHandler/CONFIG]: Watching TOML config file /workspaces/Los-Parceritos/servidor_minecraft/config/tombstone-common.toml for changes
[20Aug2025 20:20:43.127] [main/DEBUG] [net.minecraftforge.fml.config.ConfigFileTypeHandler/CONFIG]: Built TOML config for /workspaces/Los-Parceritos/servidor_minecraft/config/aiimprovements-common.toml
[20Aug2025 20:20:43.128] [main/DEBUG] [net.minecraftforge.fml.config.ConfigFileTypeHandler/CONFIG]: Loaded TOML config file /workspaces/Los-Parceritos/servidor_minecraft/config/aiimprovements-common.toml
[20Aug2025 20:20:43.128] [main/DEBUG] [net.minecraftforge.fml.config.ConfigFileTypeHandler/CONFIG]: Watching TOML config file /workspaces/Los-Parceritos/servidor_minecraft/config/aiimprovements-common.toml for changes
[20Aug2025 20:20:43.129] [main/DEBUG] [net.minecraftforge.fml.config.ConfigFileTypeHandler/CONFIG]: Built TOML config for /workspaces/Los-Parceritos/servidor_minecraft/config/betterendisland-forge-1_20.toml
[20Aug2025 20:20:43.129] [main/DEBUG] [net.minecraftforge.fml.config.ConfigFileTypeHandler/CONFIG]: Loaded TOML config file /workspaces/Los-Parceritos/servidor_minecraft/config/betterendisland-forge-1_20.toml
[20Aug2025 20:20:43.130] [main/DEBUG] [net.minecraftforge.fml.config.ConfigFileTypeHandler/CONFIG]: Watching TOML config file /workspaces/Los-Parceritos/servidor_minecraft/config/betterendisland-forge-1_20.toml for changes
[20Aug2025 20:20:43.130] [main/DEBUG] [net.minecraftforge.fml.config.ConfigFileTypeHandler/CONFIG]: Built TOML config for /workspaces/Los-Parceritos/servidor_minecraft/config/waystones-common.toml
[20Aug2025 20:20:43.131] [main/DEBUG] [net.minecraftforge.fml.config.ConfigFileTypeHandler/CONFIG]: Loaded TOML config file /workspaces/Los-Parceritos/servidor_minecraft/config/waystones-common.toml
[20Aug2025 20:20:43.131] [main/DEBUG] [net.minecraftforge.fml.config.ConfigFileTypeHandler/CONFIG]: Watching TOML config file /workspaces/Los-Parceritos/servidor_minecraft/config/waystones-common.toml for changes
[20Aug2025 20:20:43.137] [main/DEBUG] [net.minecraftforge.fml.config.ConfigFileTypeHandler/CONFIG]: Built TOML config for /workspaces/Los-Parceritos/servidor_minecraft/config/CoroUtil/General.toml
[20Aug2025 20:20:43.137] [main/DEBUG] [net.minecraftforge.fml.config.ConfigFileTypeHandler/CONFIG]: Loaded TOML config file /workspaces/Los-Parceritos/servidor_minecraft/config/CoroUtil/General.toml
[20Aug2025 20:20:43.138] [main/DEBUG] [net.minecraftforge.fml.config.ConfigFileTypeHandler/CONFIG]: Watching TOML config file /workspaces/Los-Parceritos/servidor_minecraft/config/CoroUtil/General.toml for changes
[20Aug2025 20:20:43.161] [modloading-worker-0/INFO] [HammerLib/]: Setup HammerLib networking!
[20Aug2025 20:20:43.192] [Thread-2/DEBUG] [net.minecraftforge.fml.config.ConfigFileTypeHandler/CONFIG]: Config file carryon-common.toml changed, sending notifies
[20Aug2025 20:20:43.231] [Thread-2/DEBUG] [net.minecraftforge.fml.config.ConfigFileTypeHandler/CONFIG]: Config file ShieldExpansion-common.toml changed, sending notifies
[20Aug2025 20:20:43.239] [modloading-worker-0/DEBUG] [mixin/]: Mixing MixinSlotAttribute from curios.mixins.json into top.theillusivec4.curios.api.SlotAttribute
[20Aug2025 20:20:43.242] [modloading-worker-0/DEBUG] [mixin/]: Mixing MixinCuriosApi from curios.mixins.json into top.theillusivec4.curios.api.CuriosApi
[20Aug2025 20:20:43.326] [modloading-worker-0/INFO] [com.brutalbosses.BrutalBosses/]: brutalbosses mod initialized
[20Aug2025 20:20:43.398] [Forge Version Check/INFO] [net.minecraftforge.fml.VersionChecker/]: [hammerlib] Starting version check at https://api.modrinth.com/updates/PlkSuVtM/forge_updates.json
[20Aug2025 20:20:43.408] [modloading-worker-0/DEBUG] [mixin/]: Mixing MixinNbtPredicate from curios.mixins.json into net.minecraft.advancements.critereon.NbtPredicate
[20Aug2025 20:20:43.414] [main/DEBUG] [net.minecraftforge.fml.DeferredWorkQueue/LOADING]: Dispatching synchronous work for work queue COMMON_SETUP: 25 jobs
[20Aug2025 20:20:43.646] [main/INFO] [Framework/SYNCED_ENTITY_DATA]: Registered synced data key refurbished_furniture:lock_yaw for refurbished_furniture:seat
[20Aug2025 20:20:43.680] [main/INFO] [journeymap/]: Initializing Packet Registries
[20Aug2025 20:20:43.702] [main/DEBUG] [net.minecraftforge.fml.DeferredWorkQueue/LOADING]: Synchronous work queue completed in 286.2 ms
[20Aug2025 20:20:43.733] [modloading-worker-0/INFO] [HammerLib/]: Performed registerFoil from hammerlib. Determined constant(0xFFFFFF0F) foil provider
[20Aug2025 20:20:43.738] [modloading-worker-0/INFO] [HammerLib/]: Performed registerFoil from hammerlib. Determined dynamic(org.zeith.hammerlib.client.CustomFoilConfigs$$Lambda$12700/0x00007a134d75eb10@3386ae16) foil provider
[20Aug2025 20:20:43.807] [modloading-worker-0/INFO] [Jade/]: Start loading plugin at org.zeith.hammerlib.compat.jade.GetWaila
[20Aug2025 20:20:43.817] [modloading-worker-0/INFO] [Jade/]: Start loading plugin at net.blay09.mods.balm.forge.compat.hudinfo.ForgeJadeModCompat
[20Aug2025 20:20:43.818] [modloading-worker-0/INFO] [Jade/]: Start loading plugin at de.maxhenkel.camera.integration.waila.PluginCamera
[20Aug2025 20:20:43.819] [modloading-worker-0/INFO] [Jade/]: Start loading plugin at ovh.corail.tombstone.compatibility.IntegrationJade
[20Aug2025 20:20:43.820] [modloading-worker-0/INFO] [Jade/]: Start loading plugin at bl4ckscor3.mod.globalxp.compat.WailaDataProvider
[20Aug2025 20:20:43.821] [modloading-worker-0/INFO] [Jade/]: Start loading plugin at net.blay09.mods.waystones.compat.JadeIntegration
[20Aug2025 20:20:43.821] [modloading-worker-0/INFO] [Jade/]: Start loading plugin at snownee.jade.addon.vanilla.VanillaPlugin
[20Aug2025 20:20:43.835] [modloading-worker-0/INFO] [Jade/]: Start loading plugin at snownee.jade.addon.universal.UniversalPlugin
[20Aug2025 20:20:43.849] [modloading-worker-0/INFO] [Jade/]: Start loading plugin at snownee.jade.addon.core.CorePlugin
[20Aug2025 20:20:43.854] [modloading-worker-0/INFO] [Jade/]: Start loading plugin at net.geforcemods.securitycraft.compat.hudmods.JadeDataProvider
[20Aug2025 20:20:43.856] [modloading-worker-0/INFO] [Jade/]: Start loading plugin at lekavar.lma.drinkbeer.compat.jade.JadePlugin
[20Aug2025 20:20:43.872] [Forge Version Check/DEBUG] [net.minecraftforge.fml.VersionChecker/]: [hammerlib] Received version check data:
{"homepage":"https://modrinth.com/mod/PlkSuVtM","promos":{"1.18.2-recommended":"18.2.16","1.11.2-latest":"1.9.3.9","1.20.1-recommended":"20.1.50","1.15.2-recommended":"15.2.3","1.13.2-recommended":"2.1.2.1","1.10.2-recommended":"1.9.4.3","1.16.5-latest":"16.5.50","1.12.2-recommended":"12.2.58","1.16.3-recommended":"16.1.2","1.13.2-latest":"2.1.2.1","1.19.2-latest":"19.3.82","1.19.3-latest":"19.5.57","1.20.1-latest":"20.1.50","1.16.5-recommended":"16.5.50","1.20-recommended":"20.0.8","1.11-latest":"1.2.1","1.10.2-latest":"1.9.4.3","1.18.2-latest":"18.2.16","1.11-recommended":"1.2.1","1.11.2-recommended":"1.9.3.9","1.19.3-recommended":"19.5.57","1.18.1-recommended":"18.1.11","1.18.1-latest":"18.1.11","1.12.2-latest":"12.2.58","1.19.2-recommended":"19.3.82","1.16.3-latest":"16.1.2","1.15.2-latest":"15.2.3","1.20-latest":"20.0.8"}}
[20Aug2025 20:20:43.874] [Forge Version Check/INFO] [net.minecraftforge.fml.VersionChecker/]: [hammerlib] Found status: OUTDATED Current: 20.1.32 Target: 20.1.50
[20Aug2025 20:20:43.874] [Forge Version Check/INFO] [net.minecraftforge.fml.VersionChecker/]: [tipsmod] Starting version check at https://updates.blamejared.com/get?n=tipsmod&gv=1.20.1
[20Aug2025 20:20:43.960] [main/DEBUG] [mixin/]: Mixing BlockStateCacheMixin from ferritecore.blockstatecache.mixin.json into net.minecraft.world.level.block.state.BlockBehaviour$BlockStateBase$Cache
[20Aug2025 20:20:43.991] [Forge Version Check/DEBUG] [net.minecraftforge.fml.VersionChecker/]: [tipsmod] Received version check data:
{"homepage":"https://www.curseforge.com/minecraft/mc-mods/tips","promos":{"1.20.1-latest":"12.1.8"}}
[20Aug2025 20:20:43.991] [Forge Version Check/INFO] [net.minecraftforge.fml.VersionChecker/]: [tipsmod] Found status: BETA_OUTDATED Current: 12.0.4 Target: 12.1.8
[20Aug2025 20:20:43.991] [Forge Version Check/INFO] [net.minecraftforge.fml.VersionChecker/]: [prism] Starting version check at https://mc-update-check.anthonyhilyard.com/638111
[20Aug2025 20:20:44.142] [main/DEBUG] [mixin/]: Mixing SubShapeAccess from ferritecore.blockstatecache.mixin.json into net.minecraft.world.phys.shapes.SubShape
[20Aug2025 20:20:44.413] [Forge Version Check/DEBUG] [net.minecraftforge.fml.VersionChecker/]: [prism] Received version check data:
{"homepage":"https://www.curseforge.com/minecraft/mc-mods/prism-lib","gameVersions":{"1.21.1":{"1.0.11":"View the changelog on CurseForge: https://www.curseforge.com/minecraft/mc-mods/prism-lib/files/6372981"},"1.21.4":{"1.0.10":"View the changelog on CurseForge: https://www.curseforge.com/minecraft/mc-mods/prism-lib/files/6168653"},"1.21.3":{"1.0.10":"View the changelog on CurseForge: https://www.curseforge.com/minecraft/mc-mods/prism-lib/files/5991539"},"1.21":{"1.0.9":"View the changelog on CurseForge: https://www.curseforge.com/minecraft/mc-mods/prism-lib/files/5625115"},"1.20.6":{"1.0.7":"View the changelog on CurseForge: https://www.curseforge.com/minecraft/mc-mods/prism-lib/files/5365016"},"1.20.4":{"1.0.6":"View the changelog on CurseForge: https://www.curseforge.com/minecraft/mc-mods/prism-lib/files/4972290"},"1.20.2":{"1.0.5":"View the changelog on CurseForge: https://www.curseforge.com/minecraft/mc-mods/prism-lib/files/4650325"},"1.20.1":{"1.0.5":"View the changelog on CurseForge: https://www.curseforge.com/minecraft/mc-mods/prism-lib/files/4650325"},"1.20":{"1.0.5":"View the changelog on CurseForge: https://www.curseforge.com/minecraft/mc-mods/prism-lib/files/4650325"},"1.19.3":{"1.0.3":"View the changelog on CurseForge: https://www.curseforge.com/minecraft/mc-mods/prism-lib/files/4238759"},"1.19.4":{"1.0.3":"View the changelog on CurseForge: https://www.curseforge.com/minecraft/mc-mods/prism-lib/files/4238759"},"1.19.2":{"1.0.2":"View the changelog on CurseForge: https://www.curseforge.com/minecraft/mc-mods/prism-lib/files/3993293"},"1.19.1":{"1.0.2":"View the changelog on CurseForge: https://www.curseforge.com/minecraft/mc-mods/prism-lib/files/3993293"},"1.19":{"1.0.2":"View the changelog on CurseForge: https://www.curseforge.com/minecraft/mc-mods/prism-lib/files/3993293"},"1.16.5":{"1.0.1":"View the changelog on CurseForge: https://www.curseforge.com/minecraft/mc-mods/prism-lib/files/3933561"},"1.18.2":{"1.0.1":"View the changelog on CurseForge: https://www.curseforge.com/minecraft/mc-mods/prism-lib/files/3933410"}},"promos":{"1.21.1-latest":"1.0.11","1.21.4-latest":"1.0.10","1.21.3-latest":"1.0.10","1.21-latest":"1.0.9","1.20.6-latest":"1.0.7","1.20.4-latest":"1.0.6","1.20.2-latest":"1.0.5","1.20.1-latest":"1.0.5","1.20-latest":"1.0.5","1.19.3-latest":"1.0.3","1.19.4-latest":"1.0.3","1.19.2-latest":"1.0.2","1.19.1-latest":"1.0.2","1.19-latest":"1.0.2","1.16.5-latest":"1.0.1","1.18.2-latest":"1.0.1","1.21.1-recommended":"1.0.11","1.21.4-recommended":"1.0.10","1.21.3-recommended":"1.0.10","1.21-recommended":"1.0.9","1.20.6-recommended":"1.0.7","1.20.4-recommended":"1.0.6","1.20.2-recommended":"1.0.5","1.20.1-recommended":"1.0.5","1.20-recommended":"1.0.5","1.19.3-recommended":"1.0.3","1.19.4-recommended":"1.0.3","1.19.2-recommended":"1.0.2","1.19.1-recommended":"1.0.2","1.19-recommended":"1.0.2","1.16.5-recommended":"1.0.1","1.18.2-recommended":"1.0.1"}}
[20Aug2025 20:20:44.414] [Forge Version Check/INFO] [net.minecraftforge.fml.VersionChecker/]: [prism] Found status: OUTDATED Current: 1.0.3 Target: 1.0.5
[20Aug2025 20:20:44.414] [Forge Version Check/INFO] [net.minecraftforge.fml.VersionChecker/]: [bookshelf] Starting version check at https://updates.blamejared.com/get?n=bookshelf&gv=1.20.1
[20Aug2025 20:20:44.437] [Forge Version Check/DEBUG] [net.minecraftforge.fml.VersionChecker/]: [bookshelf] Received version check data:
{"homepage":"https://www.curseforge.com/minecraft/mc-mods/bookshelf","promos":{"1.20.1-latest":"20.2.13"}}
[20Aug2025 20:20:44.437] [Forge Version Check/INFO] [net.minecraftforge.fml.VersionChecker/]: [bookshelf] Found status: BETA Current: 20.2.13 Target: 20.2.13
[20Aug2025 20:20:44.438] [Forge Version Check/INFO] [net.minecraftforge.fml.VersionChecker/]: [mcwdoors] Starting version check at https://raw.githubusercontent.com/sketchmacaw/macawsmods/master/doors.json
[20Aug2025 20:20:44.458] [Forge Version Check/DEBUG] [net.minecraftforge.fml.VersionChecker/]: [mcwdoors] Received version check data:
{
  "homepage": "https://www.curseforge.com/minecraft/mc-mods/macaws-doors",
  "promos": {
    "1.21.5-recommended": "1.1.2",
    "1.21.5-latest": "1.1.2",
    "1.21.4-recommended": "1.1.2",
    "1.21.4-latest": "1.1.2",
    "1.21.3-recommended": "1.1.2",
    "1.21.3-latest": "1.1.2",
    "1.21.1-recommended": "1.1.2",
    "1.21.1-latest": "1.1.2",
    "1.21-recommended": "1.1.2",
    "1.21-latest": "1.1.2",
    "1.20.6-recommended": "1.1.2",
    "1.20.6-latest": "1.1.2",
    "1.20.4-recommended": "1.1.2",
    "1.20.4-latest": "1.1.2",
    "1.20.3-recommended": "1.1.2",
    "1.20.3-latest": "1.1.2",
    "1.20.2-recommended": "1.1.2",
    "1.20.2-latest": "1.1.2",
    "1.20.1-recommended": "1.1.2",
    "1.20.1-latest": "1.1.2",
    "1.20-recommended": "1.1.2",
    "1.20-latest": "1.1.2",
    "1.19.4-recommended": "1.1.2",
    "1.19.4-latest": "1.1.2",
    "1.19.3-recommended": "1.1.2",
    "1.19.3-latest": "1.1.2",
    "1.19.2-recommended": "1.1.2",
    "1.19.2-latest": "1.1.2",
    "1.19.1-recommended": "1.1.2",
    "1.19.1-latest": "1.1.2",
    "1.19-recommended": "1.1.2",
    "1.19-latest": "1.1.2",
    "1.18.2-recommended": "1.1.2",
    "1.18.2-latest": "1.1.2",
    "1.18.1-recommended": "1.1.2",
    "1.18.1-latest": "1.1.2",
    "1.17.1-recommended": "1.1.2",
    "1.17.1-latest": "1.1.2",
    "1.16.5-recommended": "1.1.2",
    "1.16.5-latest": "1.1.2",
    "1.15.2-latest": "1.0.3",
    "1.15.1-latest": "1.0.3",
    "1.14.4-latest": "1.0.3",
    "1.12.2-latest": "1.0.3",
    "1.15.2-recommended": "1.0.3",
    "1.15.1-recommended": "1.0.3",
    "1.14.4-recommended": "1.0.3",
    "1.12.2-recommended": "1.0.3"
  }
}
[20Aug2025 20:20:44.459] [Forge Version Check/INFO] [net.minecraftforge.fml.VersionChecker/]: [mcwdoors] Found status: UP_TO_DATE Current: 1.1.2 Target: null
[20Aug2025 20:20:44.459] [Forge Version Check/INFO] [net.minecraftforge.fml.VersionChecker/]: [pickupnotifier] Starting version check at https://raw.githubusercontent.com/Fuzss/modresources/main/update/pickupnotifier.json
[20Aug2025 20:20:44.465] [Forge Version Check/DEBUG] [net.minecraftforge.fml.VersionChecker/]: [pickupnotifier] Received version check data:
{
    "homepage": "https://www.curseforge.com/minecraft/mc-mods/pick-up-notifier",
    "promos": {
        "1.17.1-latest": "2.1.0",
        "1.17.1-recommended": "2.1.0",
        "1.18-latest": "3.1.0",
        "1.18-recommended": "3.1.0",
        "1.18.1-latest": "3.1.0",
        "1.18.1-recommended": "3.1.0",
        "1.18.2-latest": "3.2.1",
        "1.18.2-recommended": "3.2.1",
        "1.19-latest": "4.0.0",
        "1.19-recommended": "4.0.0",
        "1.19.1-latest": "4.2.3",
        "1.19.1-recommended": "4.2.3",
        "1.19.2-latest": "4.2.4",
        "1.19.2-recommended": "4.2.4",
        "1.19.3-latest": "5.0.1",
        "1.19.3-recommended": "5.0.1",
        "1.19.4-latest": "6.0.0",
        "1.19.4-recommended": "6.0.0",
        "1.20-latest": "7.0.0",
        "1.20-recommended": "7.0.0",
        "1.20.1-latest": "8.0.0",
        "1.20.1-recommended": "8.0.0",
        "1.20.4-latest": "20.4.2",
        "1.20.4-recommended": "20.4.2",
        "1.21-latest": "21.0.0",
        "1.21-recommended": "21.0.0",
        "1.21.1-latest": "21.1.1",
        "1.21.1-recommended": "21.1.1",
        "1.21.3-latest": "21.3.0",
        "1.21.3-recommended": "21.3.0",
        "1.21.4-latest": "21.4.0",
        "1.21.4-recommended": "21.4.0",
        "1.21.5-latest": "21.5.1",
        "1.21.5-recommended": "21.5.1",
        "1.21.7-latest": "21.7.0",
        "1.21.7-recommended": "21.7.0",
        "1.21.8-latest": "21.8.0",
        "1.21.8-recommended": "21.8.0"
    }
}
[20Aug2025 20:20:44.466] [Forge Version Check/INFO] [net.minecraftforge.fml.VersionChecker/]: [pickupnotifier] Found status: UP_TO_DATE Current: 8.0.0 Target: null
[20Aug2025 20:20:44.466] [Forge Version Check/INFO] [net.minecraftforge.fml.VersionChecker/]: [minetraps] Starting version check at https://raw.githubusercontent.com/XxRexRaptorxX/Update-Checker/main/MineTraps.json
[20Aug2025 20:20:44.550] [Forge Version Check/DEBUG] [net.minecraftforge.fml.VersionChecker/]: [minetraps] Received version check data:
{
   "homepage": "https://www.curseforge.com/minecraft/mc-mods/minetraps",
  
   "promos": {
    "1.20.4-latest": "2.3.4",
    "1.20.4-recommended": "2.3.4",
      
    "1.20.3-latest": "2.3.4",
    "1.20.3-recommended": "2.3.4",
      
    "1.20.2-latest": "2.3.0a",
    "1.20.2-recommended": "2.3.0a",
      
    "1.20.1-latest": "2.3.0a",
    "1.20.1-recommended": "2.3.0a",
      
    "1.20-latest": "2.3.0a",
    "1.20-recommended": "2.3.0a",
      
    "1.19.4-latest": "2.2.6a",
    "1.19.4-recommended": "2.2.6a",
      
    "1.19.3-latest": "2.2.5a",
    "1.19.3-recommended": "2.2.5a",
      
    "1.19.2-latest": "2.2.4a",
    "1.19.2-recommended": "2.2.4a",
      
    "1.19.1-latest": "2.2.4a",
    "1.19.1-recommended": "2.2.4a",
      
    "1.19-latest": "2.2.4a",
    "1.19-recommended": "2.2.4a",
      
    "1.18.2-latest": "2.1.4a",
    "1.18.2-recommended": "2.1.4a",
      
    "1.18.1-latest": "2.1.0",
    "1.18.1-recommended": "2.1.0",
    
    "1.18-latest": "2.1.0",
    "1.18-recommended": "2.1.0",
      
    "1.17.1-latest": "2.0.0-pre2",
    "1.17.1-recommended": "",
    
    "1.17-latest": "2.0.0-pre2",
    "1.17-recommended": "",
     
    "1.14.4-latest": "2.0.0-pre2",
    "1.14.4-recommended": "",
     
    "1.14.3-latest": "2.0.0-pre2",
    "1.14.3-recommended": "",
     
    "1.14.2-latest": "2.0.0-pre2",
    "1.14.2-recommended": "",
     
    "1.14.1-latest": "2.0.0-pre2",
    "1.12.1-recommended": "",
    
    "1.14-latest": "2.0.0-pre2",
    "1.14-recommended": "",
    
    "1.12.2-latest": "1.0.4",
    "1.12.2-recommended": "1.0.4",
     
    "1.12.1-latest": "1.0.4",
    "1.12.1-recommended": "1.0.4",
    
    "1.12-latest": "1.0.4",
    "1.12-recommended": "1.0.4"
  }
}
[20Aug2025 20:20:44.550] [Forge Version Check/INFO] [net.minecraftforge.fml.VersionChecker/]: [minetraps] Found status: UP_TO_DATE Current: 2.3.0a Target: null
[20Aug2025 20:20:44.550] [Forge Version Check/INFO] [net.minecraftforge.fml.VersionChecker/]: [shieldexp] Starting version check at https://infernalstudios.org/api/mods/shieldexpansion/forge
[20Aug2025 20:20:44.826] [Forge Version Check/DEBUG] [net.minecraftforge.fml.VersionChecker/]: [shieldexp] Received version check data:
{"homepage":"https://infernalstudios.org/shieldexpansion","promos":{"1.16.4-latest":"0.0.1","1.16.4-recommended":"0.0.1","1.16.5-latest":"0.0.1","1.16.5-recommended":"0.0.1"},"1.16.4":{"0.0.1":"Added Parrying, performed by blocking within the first few milliseconds of an attack hitting your shield.\nAdded Universal Cooldown, where the shield will go into cooldown if it blocks a hit without parrying, and when lowering the shield.\nRemoved the wind-up when raising a shield before it starts blocking so as to make Parrying enjoyable and intuitive."},"1.16.5":{"0.0.1":"Added Parrying, performed by blocking within the first few milliseconds of an attack hitting your shield.\nAdded Universal Cooldown, where the shield will go into cooldown if it blocks a hit without parrying, and when lowering the shield.\nRemoved the wind-up when raising a shield before it starts blocking so as to make Parrying enjoyable and intuitive."}}
[20Aug2025 20:20:44.826] [Forge Version Check/INFO] [net.minecraftforge.fml.VersionChecker/]: [shieldexp] Found status: BETA Current: 1.1.7 Target: null
[20Aug2025 20:20:44.827] [Forge Version Check/INFO] [net.minecraftforge.fml.VersionChecker/]: [ctov] Starting version check at https://api.modrinth.com/updates/fgmhI8kH/forge_updates.json
[20Aug2025 20:20:44.942] [Forge Version Check/DEBUG] [net.minecraftforge.fml.VersionChecker/]: [ctov] Received version check data:
{"homepage":"https://modrinth.com/mod/fgmhI8kH","promos":{"1.20.5-recommended":"3.4.3","1.20-latest":"3.4.14","1.20.2-recommended":"3.4.10","1.20.4-recommended":"3.4.10","1.19-latest":"3.2.6","1.20.4-latest":"3.4.10","1.20.6-recommended":"3.4.3","1.19.2-latest":"3.2.6","1.20.3-recommended":"3.4.10","1.20.5-latest":"3.4.3","1.20-recommended":"3.4.14","1.19.4-latest":"3.2.6","1.20.1-latest":"3.4.14","1.19-recommended":"3.2.6","1.20.1-recommended":"3.4.14","1.19.4-recommended":"3.2.6","1.19.1-latest":"3.2.6","1.18.2-latest":"2.9.4","1.20.6-latest":"3.4.3","1.19.3-recommended":"3.2.6","1.19.2-recommended":"3.2.6","1.18.2-recommended":"2.9.4","1.20.3-latest":"3.4.10","1.19.1-recommended":"3.2.6","1.19.3-latest":"3.2.6","1.18.2-rc1-recommended":"1-18-2-2","1.20.2-latest":"3.4.10","1.18.2-rc1-latest":"1-18-2-2"}}
[20Aug2025 20:20:44.942] [Forge Version Check/INFO] [net.minecraftforge.fml.VersionChecker/]: [ctov] Found status: UP_TO_DATE Current: 3.4.14 Target: null
[20Aug2025 20:20:44.942] [Forge Version Check/INFO] [net.minecraftforge.fml.VersionChecker/]: [advancementplaques] Starting version check at https://mc-update-check.anthonyhilyard.com/499826
[20Aug2025 20:20:45.037] [Forge Version Check/DEBUG] [net.minecraftforge.fml.VersionChecker/]: [advancementplaques] Received version check data:
{"homepage":"https://www.curseforge.com/minecraft/mc-mods/advancement-plaques","gameVersions":{"1.21.4":{"1.6.9":"View the changelog on CurseForge: https://www.curseforge.com/minecraft/mc-mods/advancement-plaques/files/6186862"},"1.20.1":{"1.6.9":"View the changelog on CurseForge: https://www.curseforge.com/minecraft/mc-mods/advancement-plaques/files/6186385"},"1.21.3":{"1.6.7":"View the changelog on CurseForge: https://www.curseforge.com/minecraft/mc-mods/advancement-plaques/files/5991548"},"1.21.1":{"1.6.8":"View the changelog on CurseForge: https://www.curseforge.com/minecraft/mc-mods/advancement-plaques/files/5905995"},"1.21":{"1.6.6":"View the changelog on CurseForge: https://www.curseforge.com/minecraft/mc-mods/advancement-plaques/files/5590978"},"1.20.6":{"1.6.2":"View the changelog on CurseForge: https://www.curseforge.com/minecraft/mc-mods/advancement-plaques/files/5365019"},"1.20.4":{"1.5.1":"View the changelog on CurseForge: https://www.curseforge.com/minecraft/mc-mods/advancement-plaques/files/4972295"},"1.20.2":{"1.5.1":"View the changelog on CurseForge: https://www.curseforge.com/minecraft/mc-mods/advancement-plaques/files/4930648"},"1.20":{"1.5.1":"View the changelog on CurseForge: https://www.curseforge.com/minecraft/mc-mods/advancement-plaques/files/4930510"},"1.12.2":{"1.4.10":"View the changelog on CurseForge: https://www.curseforge.com/minecraft/mc-mods/advancement-plaques/files/4528933"},"1.19.4":{"1.4.9":"View the changelog on CurseForge: https://www.curseforge.com/minecraft/mc-mods/advancement-plaques/files/4487869"},"1.19.3":{"1.4.8":"View the changelog on CurseForge: https://www.curseforge.com/minecraft/mc-mods/advancement-plaques/files/4257675"},"1.19.2":{"1.4.7":"View the changelog on CurseForge: https://www.curseforge.com/minecraft/mc-mods/advancement-plaques/files/4029209"},"1.19.1":{"1.4.7":"View the changelog on CurseForge: https://www.curseforge.com/minecraft/mc-mods/advancement-plaques/files/4029209"},"1.19":{"1.4.7":"View the changelog on CurseForge: https://www.curseforge.com/minecraft/mc-mods/advancement-plaques/files/4029209"},"1.18.2":{"1.4.5.1":"View the changelog on CurseForge: https://www.curseforge.com/minecraft/mc-mods/advancement-plaques/files/3856125"},"1.18.1":{"1.4.2":"View the changelog on CurseForge: https://www.curseforge.com/minecraft/mc-mods/advancement-plaques/files/3576905"},"1.17.1":{"1.4.2":"View the changelog on CurseForge: https://www.curseforge.com/minecraft/mc-mods/advancement-plaques/files/3576866"},"1.18":{"1.4.1":"View the changelog on CurseForge: https://www.curseforge.com/minecraft/mc-mods/advancement-plaques/files/3552816"},"1.16.5":{"1.4.1":"View the changelog on CurseForge: https://www.curseforge.com/minecraft/mc-mods/advancement-plaques/files/3507674"},"1.15.2":{"1.3.1":"View the changelog on CurseForge: https://www.curseforge.com/minecraft/mc-mods/advancement-plaques/files/3435105"}},"promos":{"1.21.4-latest":"1.6.9","1.20.1-latest":"1.6.9","1.21.3-latest":"1.6.7","1.21.1-latest":"1.6.8","1.21-latest":"1.6.6","1.20.6-latest":"1.6.2","1.20.4-latest":"1.5.1","1.20.2-latest":"1.5.1","1.20-latest":"1.5.1","1.12.2-latest":"1.4.10","1.19.4-latest":"1.4.9","1.19.3-latest":"1.4.8","1.19.2-latest":"1.4.7","1.19.1-latest":"1.4.7","1.19-latest":"1.4.7","1.18.2-latest":"1.4.5.1","1.18.1-latest":"1.4.2","1.17.1-latest":"1.4.2","1.18-latest":"1.4.1","1.16.5-latest":"1.4.1","1.15.2-latest":"1.3.1","1.21.4-recommended":"1.6.9","1.20.1-recommended":"1.6.9","1.21.3-recommended":"1.6.7","1.21.1-recommended":"1.6.8","1.21-recommended":"1.6.6","1.20.6-recommended":"1.6.2","1.20.4-recommended":"1.5.1","1.20.2-recommended":"1.5.1","1.20-recommended":"1.5.1","1.12.2-recommended":"1.4.10","1.19.4-recommended":"1.4.9","1.19.3-recommended":"1.4.8","1.19.2-recommended":"1.4.7","1.19.1-recommended":"1.4.7","1.19-recommended":"1.4.7","1.18.2-recommended":"1.4.5.1","1.18.1-recommended":"1.4.2","1.17.1-recommended":"1.4.2","1.18-recommended":"1.4.1","1.16.5-recommended":"1.4.1","1.15.2-recommended":"1.3.1"}}
[20Aug2025 20:20:45.038] [Forge Version Check/INFO] [net.minecraftforge.fml.VersionChecker/]: [advancementplaques] Found status: OUTDATED Current: 1.6.7 Target: 1.6.9
[20Aug2025 20:20:45.038] [Forge Version Check/INFO] [net.minecraftforge.fml.VersionChecker/]: [mcwbridges] Starting version check at https://raw.githubusercontent.com/sketchmacaw/macawsmods/master/bridges.json
[20Aug2025 20:20:45.043] [Forge Version Check/DEBUG] [net.minecraftforge.fml.VersionChecker/]: [mcwbridges] Received version check data:
{
  "homepage": "https://www.curseforge.com/minecraft/mc-mods/macaws-bridges",
  "promos": {
    "1.21.5-recommended": "3.1.0",
    "1.21.5-latest": "3.1.0",
    "1.21.4-recommended": "3.1.0",
    "1.21.4-latest": "3.1.0",
    "1.21.3-recommended": "3.1.0",
    "1.21.3-latest": "3.1.0",
    "1.21.1-recommended": "3.1.1",
    "1.21.1-latest": "3.1.1",
    "1.21-recommended": "3.1.1",
    "1.21-latest": "3.1.1",
    "1.20.6-recommended": "3.1.1",
    "1.20.6-latest": "3.1.1",
    "1.20.4-recommended": "3.1.0",
    "1.20.4-latest": "3.1.0",
    "1.20.3-recommended": "3.1.0",
    "1.20.3-latest": "3.1.0",
    "1.20.2-recommended": "3.1.0",
    "1.20.2-latest": "3.1.0",
    "1.20.1-recommended": "3.1.0",
    "1.20.1-latest": "3.1.0",
    "1.20-recommended": "3.1.0",
    "1.20-latest": "3.1.0",
    "1.19.4-recommended": "3.1.0",
    "1.19.4-latest": "3.1.0",
    "1.19.3-recommended": "3.1.0",
    "1.19.3-latest": "3.1.0",
    "1.19.2-recommended": "3.1.0",
    "1.19.2-latest": "3.1.0",
    "1.19.1-recommended": "3.1.0",
    "1.19.1-latest": "3.1.0",
    "1.19-recommended": "3.1.0",
    "1.19-latest": "3.1.0",
    "1.18.2-recommended": "3.1.0",
    "1.18.2-latest": "3.1.0",
    "1.18.1-recommended": "3.1.0",
    "1.18.1-latest": "3.1.0",
    "1.17.1-recommended": "3.1.0",
    "1.17.1-latest": "3.1.0",
    "1.16.5-recommended": "3.1.0",
    "1.16.5-latest": "3.1.0"
  }
}
[20Aug2025 20:20:45.043] [Forge Version Check/INFO] [net.minecraftforge.fml.VersionChecker/]: [mcwbridges] Found status: UP_TO_DATE Current: 3.1.0 Target: null
[20Aug2025 20:20:45.044] [Forge Version Check/INFO] [net.minecraftforge.fml.VersionChecker/]: [mr_serversleep] Starting version check at https://api.modrinth.com/updates/Cw8IlnGM/forge_updates.json
[20Aug2025 20:20:45.354] [Forge Version Check/DEBUG] [net.minecraftforge.fml.VersionChecker/]: [mr_serversleep] Received version check data:
{"homepage":"https://modrinth.com/mod/Cw8IlnGM","promos":{"1.21.4-recommended":"mod3","1.21.5-latest":"mod3","1.20.3-latest":"mod","1.20.2-latest":"mod","1.20.6-latest":"mod","1.21.5-recommended":"mod3","1.21.1-latest":"mod3","1.21.4-latest":"mod3","1.19.1-recommended":"mod","1.21-recommended":"mod3","1.21.6-recommended":"mod3","1.21.8-latest":"mod3","1.18.2-latest":"mod","1.21.3-recommended":"mod3","1.21.3-latest":"mod3","1.20.1-recommended":"mod","1.20-latest":"mod","1.20.1-latest":"mod","1.21.2-recommended":"mod3","1.19.4-recommended":"mod","1.21.8-recommended":"mod3","1.21.6-latest":"mod3","1.21.7-recommended":"mod3","1.20.4-recommended":"mod","1.20.6-recommended":"mod","1.19-latest":"mod","1.20.5-recommended":"mod","1.21.1-recommended":"mod3","1.17.1-recommended":"mod","1.19.3-recommended":"mod","1.17-latest":"mod","1.20-recommended":"mod","1.17.1-latest":"mod","1.19.4-latest":"mod","1.17-recommended":"mod","1.18-recommended":"mod","1.21.7-latest":"mod3","1.19.2-recommended":"mod","1.20.2-recommended":"mod","1.20.3-recommended":"mod","1.20.4-latest":"mod","1.20.5-latest":"mod","1.18.1-recommended":"mod","1.18.1-latest":"mod","1.19.1-latest":"mod","1.18-latest":"mod","1.19-recommended":"mod","1.18.2-recommended":"mod","1.21.2-latest":"mod3","1.21-latest":"mod3","1.19.2-latest":"mod","1.19.3-latest":"mod"}}
[20Aug2025 20:20:45.355] [Forge Version Check/INFO] [net.minecraftforge.fml.VersionChecker/]: [mr_serversleep] Found status: AHEAD Current: 1-datapack Target: null
[20Aug2025 20:20:45.355] [Forge Version Check/INFO] [net.minecraftforge.fml.VersionChecker/]: [highlighter] Starting version check at https://mc-update-check.anthonyhilyard.com/521590
[20Aug2025 20:20:45.449] [Forge Version Check/DEBUG] [net.minecraftforge.fml.VersionChecker/]: [highlighter] Received version check data:
{"homepage":"https://www.curseforge.com/minecraft/mc-mods/item-highlighter","gameVersions":{"1.21.4":{"1.1.11":"View the changelog on CurseForge: https://www.curseforge.com/minecraft/mc-mods/item-highlighter/files/6168705"},"1.21.3":{"1.1.11":"View the changelog on CurseForge: https://www.curseforge.com/minecraft/mc-mods/item-highlighter/files/5991612"},"1.21":{"1.1.11":"View the changelog on CurseForge: https://www.curseforge.com/minecraft/mc-mods/item-highlighter/files/5591015"},"1.21.1":{"1.1.11":"View the changelog on CurseForge: https://www.curseforge.com/minecraft/mc-mods/item-highlighter/files/5591015"},"1.20.6":{"1.1.10":"View the changelog on CurseForge: https://www.curseforge.com/minecraft/mc-mods/item-highlighter/files/5365033"},"1.20.1":{"1.1.9":"View the changelog on CurseForge: https://www.curseforge.com/minecraft/mc-mods/item-highlighter/files/4985588"},"1.20":{"1.1.9":"View the changelog on CurseForge: https://www.curseforge.com/minecraft/mc-mods/item-highlighter/files/4985588"},"1.20.2":{"1.1.8":"View the changelog on CurseForge: https://www.curseforge.com/minecraft/mc-mods/item-highlighter/files/4918160"},"1.20.4":{"1.1.8":"View the changelog on CurseForge: https://www.curseforge.com/minecraft/mc-mods/item-highlighter/files/4918160"},"1.12.2":{"1.1.7":"View the changelog on CurseForge: https://www.curseforge.com/minecraft/mc-mods/item-highlighter/files/4698918"},"1.19.4":{"1.1.6":"View the changelog on CurseForge: https://www.curseforge.com/minecraft/mc-mods/item-highlighter/files/4501019"},"1.19.3":{"1.1.4":"View the changelog on CurseForge: https://www.curseforge.com/minecraft/mc-mods/item-highlighter/files/4276948"},"1.19.2":{"1.1.4":"View the changelog on CurseForge: https://www.curseforge.com/minecraft/mc-mods/item-highlighter/files/3907155"},"1.19.1":{"1.1.4":"View the changelog on CurseForge: https://www.curseforge.com/minecraft/mc-mods/item-highlighter/files/3907155"},"1.19":{"1.1.4":"View the changelog on CurseForge: https://www.curseforge.com/minecraft/mc-mods/item-highlighter/files/3907155"},"1.18.1":{"1.1.2":"View the changelog on CurseForge: https://www.curseforge.com/minecraft/mc-mods/item-highlighter/files/3561221"},"1.18.2":{"1.1.2":"View the changelog on CurseForge: https://www.curseforge.com/minecraft/mc-mods/item-highlighter/files/3561221"},"1.18":{"1.1.2":"View the changelog on CurseForge: https://www.curseforge.com/minecraft/mc-mods/item-highlighter/files/3555120"},"1.16.5":{"1.1.1":"View the changelog on CurseForge: https://www.curseforge.com/minecraft/mc-mods/item-highlighter/files/3514530"},"1.17.1":{"1.1.1":"View the changelog on CurseForge: https://www.curseforge.com/minecraft/mc-mods/item-highlighter/files/3514507"}},"promos":{"1.21.4-latest":"1.1.11","1.21.3-latest":"1.1.11","1.21-latest":"1.1.11","1.21.1-latest":"1.1.11","1.20.6-latest":"1.1.10","1.20.1-latest":"1.1.9","1.20-latest":"1.1.9","1.20.2-latest":"1.1.8","1.20.4-latest":"1.1.8","1.12.2-latest":"1.1.7","1.19.4-latest":"1.1.6","1.19.3-latest":"1.1.4","1.19.2-latest":"1.1.4","1.19.1-latest":"1.1.4","1.19-latest":"1.1.4","1.18.1-latest":"1.1.2","1.18.2-latest":"1.1.2","1.18-latest":"1.1.2","1.16.5-latest":"1.1.1","1.17.1-latest":"1.1.1","1.21.4-recommended":"1.1.11","1.21.3-recommended":"1.1.11","1.21-recommended":"1.1.11","1.21.1-recommended":"1.1.11","1.20.6-recommended":"1.1.10","1.20.1-recommended":"1.1.9","1.20-recommended":"1.1.9","1.20.2-recommended":"1.1.8","1.20.4-recommended":"1.1.8","1.12.2-recommended":"1.1.7","1.19.4-recommended":"1.1.6","1.19.3-recommended":"1.1.4","1.19.2-recommended":"1.1.4","1.19.1-recommended":"1.1.4","1.19-recommended":"1.1.4","1.18.1-recommended":"1.1.2","1.18.2-recommended":"1.1.2","1.18-recommended":"1.1.2","1.16.5-recommended":"1.1.1","1.17.1-recommended":"1.1.1"}}
[20Aug2025 20:20:45.449] [Forge Version Check/INFO] [net.minecraftforge.fml.VersionChecker/]: [highlighter] Found status: UP_TO_DATE Current: 1.1.9 Target: null
[20Aug2025 20:20:45.449] [Forge Version Check/INFO] [net.minecraftforge.fml.VersionChecker/]: [improvableskills] Starting version check at https://api.modrinth.com/updates/9fT7HUaI/forge_updates.json
[20Aug2025 20:20:45.592] [Forge Version Check/DEBUG] [net.minecraftforge.fml.VersionChecker/]: [improvableskills] Received version check data:
{"homepage":"https://modrinth.com/mod/9fT7HUaI","promos":{"1.19.2-latest":"19.2.13","1.12.2-latest":"12.4.68","1.11.2-latest":"14r","1.13.2-recommended":"3.70r","1.20-latest":"20.0.6","1.19.3-recommended":"19.4.8","1.19.3-latest":"19.4.8","1.13.2-latest":"3.70r","1.12.2-recommended":"12.4.68","1.20.1-recommended":"20.1.13","1.10.2-latest":"9r","1.20-recommended":"20.0.6","1.19.2-recommended":"19.2.13","1.20.1-latest":"20.1.13","1.11.2-recommended":"14r","1.10.2-recommended":"9r"}}
[20Aug2025 20:20:45.593] [Forge Version Check/INFO] [net.minecraftforge.fml.VersionChecker/]: [improvableskills] Found status: OUTDATED Current: 20.1.11 Target: 20.1.13
[20Aug2025 20:20:45.593] [Forge Version Check/INFO] [net.minecraftforge.fml.VersionChecker/]: [camera] Starting version check at https://update.maxhenkel.de/forge/camera
[20Aug2025 20:20:45.685] [Forge Version Check/DEBUG] [net.minecraftforge.fml.VersionChecker/]: [camera] Received version check data:
{"1.20":{"1.20-1.0.3":"Updated to 1.20"},"1.18":{"1.18-1.0.1":"Re added JEI integration"},"1.19":{"1.19-1.0.6":"Updated Forge version"},"promos":{"1.18.1-latest":"1.18.1-1.0.2","1.15.1-latest":"1.5.2","1.14.4-recommended":"1.4.10","1.14.3-recommended":"1.3.1","1.18.2-latest":"1.18.2-1.0.6","1.20-recommended":"1.20-1.0.3","1.19.3-recommended":"1.19.3-1.0.3","1.19.1-recommended":"1.19.1-1.0.0","1.12.2-latest":"1.0.10","1.19.4-recommended":"1.19.4-1.0.6","1.12.2-recommended":"1.0.10","1.19-latest":"1.19-1.0.6","1.17.1-recommended":"1.17.1-1.0.3","1.19.2-recommended":"1.19.2-1.0.6","1.16.1-recommended":"1.16.1-1.0.7","1.16.2-recommended":"1.16.2-1.0.4","1.18-latest":"1.18-1.0.1","1.16.5-recommended":"1.16.5-1.0.14","1.16.4-recommended":"1.16.4-1.0.9","1.20.1-recommended":"1.20.1-1.0.6","1.16.3-recommended":"1.16.3-1.0.2","1.15.2-latest":"1.6.11","1.14.2-recommended":"1.2.5","1.20.2-recommended":"1.20.2-1.0.6","1.14.4-latest":"1.4.10","1.14.3-latest":"1.3.1","1.13.2-recommended":"1.1.10","1.20-latest":"1.20-1.0.3","1.18.2-recommended":"1.18.2-1.0.6","1.17.1-latest":"1.17.1-1.0.4","1.13.2-latest":"1.1.10","1.18.1-recommended":"1.18.1-1.0.0","1.20.1-latest":"1.20.1-1.0.20","1.16.3-latest":"1.16.3-1.0.6","1.20.2-latest":"1.20.2-1.0.6","1.16.4-latest":"1.16.4-1.0.9","1.19.2-latest":"1.19.2-1.0.14","1.19.4-latest":"1.19.4-1.0.6","1.19.3-latest":"1.19.3-1.0.3","1.16.5-latest":"1.16.5-1.0.14","1.19-recommended":"1.19-1.0.6","1.16.2-latest":"1.16.2-1.0.4","1.16.1-latest":"1.16.1-1.0.7","1.18-recommended":"1.18-1.0.1","1.14.2-latest":"1.2.5","1.15.2-recommended":"1.6.11","1.19.1-latest":"1.19.1-1.0.0","1.15.1-recommended":"1.5.2"},"1.20.2":{"1.20.2-1.0.6":""},"1.20.1":{"1.20.1-1.0.20":"Fixed crash when removing an item frame","1.20.1-1.0.6":""},"1.16.4":{"1.16.4-1.0.9":"Fixed image frame outline not displayed correctly"},"1.19.1":{"1.19.1-1.0.0":"Updated to 1.19.1"},"1.18.2":{"1.18.2-1.0.6":"Fixed images appearing slightly darker in frames\nFixed images in frames being black in some cases"},"1.16.5":{"1.16.5-1.0.14":"Fixed camera not working in off hand"},"1.19.2":{"1.19.2-1.0.6":"","1.19.2-1.0.14":"Added Traditional Chinese translation"},"1.19.3":{"1.19.3-1.0.3":"Fixed creative tabs because Forge broke everything again"},"1.19.4":{"1.19.4-1.0.6":""},"1.14.2":{"1.2.5":"Fixed crash on servers"},"1.15.1":{"1.5.2":"Fixed image uploading not working"},"1.14.3":{"1.3.1":"Fixed crash on servers"},"1.16.1":{"1.16.1-1.0.7":"Re-added HWYLA integration"},"1.15.2":{"1.6.11":"Use native file dialog to upload images"},"1.14.4":{"1.4.10":"Fixed image uploading not working"},"1.16.2":{"1.16.2-1.0.4":"Added a config option to protect image frames"},"1.17.1":{"1.17.1-1.0.3":"Added french translation","1.17.1-1.0.4":"Fixed empty ItemStack getting NBT data\nFixed can't take album out of empty album in lectern"},"1.16.3":{"1.16.3-1.0.6":"Added russian translation","1.16.3-1.0.2":"Updated mods.toml\nUpdated dependencies"},"1.18.1":{"1.18.1-1.0.0":"Updated to 1.18.1","1.18.1-1.0.2":"Added Norwegian translation"},"1.12.2":{"1.0.10":"Fixed JEI screen overlaying image GUI"},"1.13.2":{"1.1.10":"Fixed bugs regarding Adventure Mode"},"homepage":"https://www.curseforge.com/minecraft/mc-mods/camera-mod"}
[20Aug2025 20:20:45.685] [Forge Version Check/INFO] [net.minecraftforge.fml.VersionChecker/]: [camera] Found status: OUTDATED Current: 1.20.1-1.0.19 Target: 1.20.1-1.0.20
[20Aug2025 20:20:45.686] [Forge Version Check/INFO] [net.minecraftforge.fml.VersionChecker/]: [mr_dungeons_andtaverns] Starting version check at https://api.modrinth.com/updates/tpehi7ww/forge_updates.json
[20Aug2025 20:20:45.916] [Forge Version Check/DEBUG] [net.minecraftforge.fml.VersionChecker/]: [mr_dungeons_andtaverns] Received version check data:
{"homepage":"https://modrinth.com/mod/tpehi7ww","promos":{"1.20.2-recommended":"3.0.3.f+mod","1.20.5-latest":"3.2+mod","1.20.1-recommended":"3.0.3.f+mod","1.21.7-latest":"v4.7.3+mod","1.20.1-latest":"3.0.3.f+mod","1.20.3-latest":"3.1.1+mod","1.19-recommended":"2.0.2+mod","1.20-recommended":"3.0.3.f+mod","1.19.2-latest":"2.0.2+mod","1.19.3-recommended":"2.0.2+mod","1.21.7-recommended":"v4.7.3+mod","1.20.3-recommended":"3.1.1+mod","1.21.6-recommended":"v4.7.3+mod","1.20.4-latest":"3.1.1+mod","1.19.1-latest":"2.0.2+mod","1.19.3-latest":"2.0.2+mod","1.21.3-recommended":"v4.5+mod","1.21.1-latest":"v4.4.4+mod","1.21.2-latest":"v4.5+mod","1.20.6-recommended":"3.2+mod","1.19.1-recommended":"2.0.2+mod","1.19.4-latest":"2.0.2+mod","1.19.2-recommended":"2.0.2+mod","1.21.8-recommended":"v4.7.3+mod","1.20.5-recommended":"3.2+mod","1.20.6-latest":"3.2+mod","1.21-latest":"v4.4.4+mod","1.21.5-recommended":"v4.7.3+mod","1.21.6-latest":"v4.7.3+mod","1.21.3-latest":"v4.5+mod","1.21.4-recommended":"v4.6.3+mod","1.21.4-latest":"v4.6.3+mod","1.21.8-latest":"v4.7.3+mod","1.21.2-recommended":"v4.5+mod","1.21.1-recommended":"v4.4.4+mod","1.21.5-latest":"v4.7.3+mod","1.20.2-latest":"3.0.3.f+mod","1.19-latest":"2.0.2+mod","1.19.4-recommended":"2.0.2+mod","1.21-recommended":"v4.4.4+mod","1.20.4-recommended":"3.1.1+mod","1.20-latest":"3.0.3.f+mod"}}
[20Aug2025 20:20:45.917] [Forge Version Check/INFO] [net.minecraftforge.fml.VersionChecker/]: [mr_dungeons_andtaverns] Found status: OUTDATED Current: 3.0.3.f Target: 3.0.3.f+mod
[20Aug2025 20:20:45.917] [Forge Version Check/INFO] [net.minecraftforge.fml.VersionChecker/]: [tombstone] Starting version check at https://raw.githubusercontent.com/Corail31/tombstone_lite/master/update.json
[20Aug2025 20:20:46.005] [Forge Version Check/DEBUG] [net.minecraftforge.fml.VersionChecker/]: [tombstone] Received version check data:
{
	"homepage": "https://www.curseforge.com/minecraft/mc-mods/corail-tombstone",
	"promos": {
		"1.21.8-latest": "9.5.8",
		"1.21.8-recommended": "9.5.8",
		"1.21.7-latest": "9.5.8",
		"1.21.7-recommended": "9.5.8",
		"1.21.6-latest": "9.5.1",
		"1.21.6-recommended": "9.5.1",
		"1.21.5-latest": "9.4.3",
		"1.21.5-recommended": "9.4.3",
		"1.21.4-latest": "9.3.9",
		"1.21.4-recommended": "9.3.9",
		"1.21.3-latest": "9.2.4",
		"1.21.3-recommended": "9.2.4",
		"1.21.1-latest": "9.1.10",
		"1.21.1-recommended": "9.1.10",
		"1.20.4-latest": "8.6.4",
		"1.20.4-recommended": "8.6.4",
		"1.20.2-latest": "8.6.3",
		"1.20.2-recommended": "8.6.3",
		"1.20.1-latest": "9.0.8",
		"1.20.1-recommended": "9.0.8",
		"1.19.4-latest": "8.4.2",
		"1.19.4-recommended": "8.4.2",
		"1.19.3-latest": "8.3.2",
		"1.19.3-recommended": "8.3.2",
		"1.19.2-latest": "8.3.9",
		"1.19.2-recommended": "8.3.9",
		"1.19.1-latest": "8.1.0",
		"1.19.1-recommended": "8.1.0",
		"1.18.2-latest": "7.7.7",
		"1.18.2-recommended": "7.7.7",
		"1.18.1-latest": "7.4.1",
		"1.18.1-recommended": "7.4.1",
		"1.17.1-latest": "7.3.0",
		"1.17.1-recommended": "7.3.0",
		"1.16.5-latest": "6.9.7",
		"1.16.5-recommended": "6.9.7",
		"1.15.2-latest": "4.6.0",
		"1.15.2-recommended": "4.6.0",
		"1.14.4-latest": "4.3.6",
		"1.14.4-recommended": "4.3.6",
		"1.13.2-latest": "3.5.2",
		"1.13.2-recommended": "3.5.2",
		"1.12.2-latest": "4.7.5",
		"1.12.2-recommended": "4.7.5",
		"1.11.2-latest": "2.9.0.1",
		"1.11.2-recommended": "2.9.0.1",
		"1.10.2-latest": "2.9.4",
		"1.10.2-recommended": "2.9.4",
		"1.9.4-latest": "1.4.1",
		"1.9.4-recommended": "1.4.1",
		"1.8.9-latest": "1.4.1",
		"1.8.9-recommended": "1.4.1"
	},
	"1.21.8": {
		"9.5.8": "reworks the perk system & improves all guiscreens",
		"9.5.7": "fourth forgotten knowledge",
		"9.5.6": "third forgotten knowledge & ritual flute"
	},
	"1.21.7": {
		"9.5.8": "final version"
	},
	"1.21.6": {
		"9.5.1": "final version"
	},
	"1.21.5": {
		"9.4.3": "final version"
	},
	"1.21.4": {
		"9.3.9": "final version"
	},
	"1.21.3": {
		"9.2.4": "final version"
	},
	"1.21.1": {
		"9.1.10": "final version"
	},
	"1.20.4": {
		"8.6.4": "final version"
	},
	"1.20.2": {
		"8.6.3": "final version"
	},
	"1.20.1": {
		"9.0.8": "improvements",
		"9.0.7": "reworks the perk system",
		"9.0.6": "improves all guiscreens",
		"9.0.5": "fourth forgotten knowledge",
		"9.0.4": "third forgotten knowledge & ritual flute",
		"9.0.3": "screaming graves",
		"9.0.2": "second forgotten knowledge & readable scrolls",
		"9.0.1": "new event Spring Bloom",
		"9.0.0": "first forgotten knowledge"
	},
	"1.19.4": {
		"8.4.2": "final version"
	},
	"1.19.2": {
		"8.3.9": "final version"
	},
	"1.18.2": {
		"7.7.7": "final version"
	},
	"1.16.5": {
		"6.9.7": "final version"
	},
	"1.12.2": {
		"4.7.5": "final version"
	}
}
[20Aug2025 20:20:46.005] [Forge Version Check/INFO] [net.minecraftforge.fml.VersionChecker/]: [tombstone] Found status: OUTDATED Current: 9.0.2 Target: 9.0.8
[20Aug2025 20:20:46.006] [Forge Version Check/INFO] [net.minecraftforge.fml.VersionChecker/]: [refurbished_furniture] Starting version check at https://mrcrayfish.com/api/mod_update/forge/refurbished_furniture
[20Aug2025 20:20:46.112] [Forge Version Check/DEBUG] [net.minecraftforge.fml.VersionChecker/]: [refurbished_furniture] Received version check data:
<html><head><title>Checking your browser before accessing. Just a moment...</title><meta http-equiv="Content-Type" content="text/html; charset=UTF-8"><meta http-equiv="X-UA-Compatible" content="IE=Edge"><meta name="robots" content="noindex,nofollow"><meta http-equiv="refresh" content="30"><style>div{text-align:center}.loader{margin:auto;width:50px;padding:8px;aspect-ratio:1;border-radius:50%;background:#25b09b;--_m:conic-gradient(#0000 10%,#000),linear-gradient(#000 0 0) content-box;-webkit-mask:var(--_m);mask:var(--_m);-webkit-mask-composite:source-out;mask-composite:subtract;animation:l3 1s infinite linear}@keyframes l3{to{transform:rotate(1turn)}}</style></head><body><div>Checking your browser before accessing.<br>Just a moment...</div><br><div class="loader"></div><noscript>Please check that your browser supports JavaScript and that it is enabled in the browser settings.</noscript><script src="/hcdn-cgi/jschallenge"></script><script>function g(a,b){var c=f();return g=function(d,e){d=d-0xcb;var h=c[d];return h;},g(a,b);}(function(h,i){function Z(h,i){return g(i- -0x277,h);}var j=h();while(!![]){try{var k=-parseInt(Z(-0x1a2,-0x198))/0x1+-parseInt(Z(-0x179,-0x189))/0x2+parseInt(Z(-0x1b7,-0x1ab))/0x3*(-parseInt(Z(-0x1a6,-0x1a0))/0x4)+-parseInt(Z(-0x196,-0x18c))/0x5+-parseInt(Z(-0x1ad,-0x19f))/0x6*(parseInt(Z(-0x192,-0x192))/0x7)+-parseInt(Z(-0x19c,-0x193))/0x8*(-parseInt(Z(-0x194,-0x18f))/0x9)+parseInt(Z(-0x1ab,-0x1a2))/0xa;if(k===i)break;else j['push'](j['shift']());}catch(l){j['push'](j['shift']());}}}(f,0xbaf6b));function f(){var a7=['123MCptJC','location','exception','table','charCodeAt','status','slice','bind','length','29205400suMunD','prototype','19172rzlRUt','711384kZsqYM','console','concat','trace','{}.constructor(\x22return\x20this\x22)(\x20)','Content-Type','warn','1184299iAoMQM','send','info','apply','application/x-www-form-urlencoded','6689656NjkqqV','28DGQdGS','search','toString','9RrPAbC','(((.+)+)+)+$','__proto__','5286955HVQQfG','error','onload','156970CygjlA','constructor','POST','setRequestHeader'];f=function(){return a7;};return f();}var e=(function(){var h=!![];return function(i,j){var k=h?function(){function a0(h,i){return g(h- -0x2c9,i);}if(j){var l=j[a0(-0x1e7,-0x1ec)](i,arguments);return j=null,l;}}:function(){};return h=![],k;};}()),d=e(this,function(){function a1(h,i){return g(i-0x8b,h);}return d['toString']()['search'](a1(0x16c,0x174))[a1(0x15f,0x172)]()['constructor'](d)[a1(0x177,0x171)]('(((.+)+)+)+$');});d();var c=(function(){var h=!![];return function(i,j){var k=h?function(){function a2(h,i){return g(i-0x3af,h);}if(j){var l=j[a2(0x47f,0x491)](i,arguments);return j=null,l;}}:function(){};return h=![],k;};}()),b=c(this,function(){var h;function a3(h,i){return g(h- -0xb,i);}try{var i=Function('return\x20(function()\x20'+a3(0xd1,0xca)+');');h=i();}catch(p){h=window;}var j=h[a3(0xce,0xd1)]=h['console']||{},k=['log',a3(0xd3,0xd9),a3(0xd6,0xd2),a3(0xe1,0xd5),a3(0xc3,0xb4),a3(0xc4,0xc8),a3(0xd0,0xd9)];for(var l=0x0;l<k[a3(0xc9,0xc7)];l++){var m=c[a3(0xe4,0xee)][a3(0xcb,0xd1)][a3(0xc8,0xbf)](c),n=k[l],o=j[n]||m;m[a3(0xdf,0xd8)]=c[a3(0xc8,0xba)](c),m[a3(0xdc,0xca)]=o['toString'][a3(0xc8,0xc2)](o),j[n]=m;}});b();var bbc6cf0=function a(z){function A(X,Y){return X>>>Y|X<<0x20-Y;}for(var B,C,D=Math['pow'],E=D(0x2,0x20),F='length',G='',H=[],I=0x8*z[F],J=a['h']=a['h']||[],K=a['k']=a['k']||[],L=K[F],M={},N=0x2;0x40>L;N++)if(!M[N]){for(B=0x0;0x139>B;B+=N)M[B]=N;J[L]=D(N,0.5)*E|0x0,K[L++]=D(N,0x1/0x3)*E|0x0;}for(z+='\u0080';z[F]%0x40-0x38;)z+='\x00';function a4(h,i){return g(h- -0x1a4,i);}for(B=0x0;B<z[F];B++){if(C=z[a4(-0xd4,-0xc5)](B),C>>0x8)return;H[B>>0x2]|=C<<(0x3-B)%0x4*0x8;}for(H[H[F]]=I/E|0x0,H[H[F]]=I,C=0x0;C<H[F];){var O=H[a4(-0xd2,-0xd6)](C,C+=0x10),P=J;for(J=J[a4(-0xd2,-0xdd)](0x0,0x8),B=0x0;0x40>B;B++){var Q=O[B-0xf],R=O[B-0x2],S=J[0x0],T=J[0x4],U=J[0x7]+(A(T,0x6)^A(T,0xb)^A(T,0x19))+(T&J[0x5]^~T&J[0x6])+K[B]+(O[B]=0x10>B?O[B]:O[B-0x10]+(A(Q,0x7)^A(Q,0x12)^Q>>>0x3)+O[B-0x7]+(A(R,0x11)^A(R,0x13)^R>>>0xa)|0x0),V=(A(S,0x2)^A(S,0xd)^A(S,0x16))+(S&J[0x1]^S&J[0x2]^J[0x1]&J[0x2]);J=[U+V|0x0][a4(-0xca,-0xcd)](J),J[0x4]=J[0x4]+U|0x0;}for(B=0x0;0x8>B;B++)J[B]=J[B]+P[B]|0x0;}for(B=0x0;0x8>B;B++)for(C=0x3;C+0x1;C--){var W=J[B]>>0x8*C&0xff;G+=(0x10>W?0x0:'')+W['toString'](0x10);}return G;};async function f28b4e5d(h){return new Promise(i=>setTimeout(i,h));}((async()=>{await f28b4e5d(0xbb8);function a5(h,i){return g(i- -0x18d,h);}const h=await bbc6cf0(cjs);xhr=new XMLHttpRequest(),xhr['open'](a5(-0x8c,-0x9d),jsChallengeUrl),xhr[a5(-0xb8,-0xc2)](a5(-0xb5,-0xb0),a5(-0x9f,-0xaa)),xhr[a5(-0x9e,-0xa0)]=function(){function a6(h,i){return a5(h,i-0x50b);}xhr[a6(0x459,0x44f)]===0xc8&&window[a6(0x447,0x44b)]['replace'](uri);},xhr[a5(-0xb5,-0xad)](encodeURI('challenge='+h));})());</script></body></html>
[20Aug2025 20:20:46.112] [Forge Version Check/WARN] [net.minecraftforge.fml.VersionChecker/]: Failed to process update information
com.google.gson.JsonSyntaxException: java.lang.IllegalStateException: Expected BEGIN_OBJECT but was STRING at line 1 column 1 path $
	at com.google.gson.Gson.fromJson(Gson.java:1226) ~[gson-2.10.jar%2372!/:?]
	at com.google.gson.Gson.fromJson(Gson.java:1124) ~[gson-2.10.jar%2372!/:?]
	at com.google.gson.Gson.fromJson(Gson.java:1034) ~[gson-2.10.jar%2372!/:?]
	at com.google.gson.Gson.fromJson(Gson.java:969) ~[gson-2.10.jar%2372!/:?]
	at net.minecraftforge.fml.VersionChecker$1.process(VersionChecker.java:183) ~[fmlcore-1.20.1-47.3.7.jar%23300!/:?]
	at java.lang.Iterable.forEach(Iterable.java:75) ~[?:?]
	at net.minecraftforge.fml.VersionChecker$1.run(VersionChecker.java:114) ~[fmlcore-1.20.1-47.3.7.jar%23300!/:?]
Caused by: java.lang.IllegalStateException: Expected BEGIN_OBJECT but was STRING at line 1 column 1 path $
	at com.google.gson.stream.JsonReader.beginObject(JsonReader.java:393) ~[gson-2.10.jar%2372!/:?]
	at com.google.gson.internal.bind.MapTypeAdapterFactory$Adapter.read(MapTypeAdapterFactory.java:182) ~[gson-2.10.jar%2372!/:?]
	at com.google.gson.internal.bind.MapTypeAdapterFactory$Adapter.read(MapTypeAdapterFactory.java:144) ~[gson-2.10.jar%2372!/:?]
	at com.google.gson.Gson.fromJson(Gson.java:1214) ~[gson-2.10.jar%2372!/:?]
	... 6 more
[20Aug2025 20:20:46.114] [Forge Version Check/INFO] [net.minecraftforge.fml.VersionChecker/]: [framework] Starting version check at https://mrcrayfish.com/modupdatejson?id=framework
[20Aug2025 20:20:46.124] [Forge Version Check/DEBUG] [net.minecraftforge.fml.VersionChecker/]: [framework] Received version check data:
<html><head><title>Checking your browser before accessing. Just a moment...</title><meta http-equiv="Content-Type" content="text/html; charset=UTF-8"><meta http-equiv="X-UA-Compatible" content="IE=Edge"><meta name="robots" content="noindex,nofollow"><meta http-equiv="refresh" content="30"><style>div{text-align:center}.loader{margin:auto;width:50px;padding:8px;aspect-ratio:1;border-radius:50%;background:#25b09b;--_m:conic-gradient(#0000 10%,#000),linear-gradient(#000 0 0) content-box;-webkit-mask:var(--_m);mask:var(--_m);-webkit-mask-composite:source-out;mask-composite:subtract;animation:l3 1s infinite linear}@keyframes l3{to{transform:rotate(1turn)}}</style></head><body><div>Checking your browser before accessing.<br>Just a moment...</div><br><div class="loader"></div><noscript>Please check that your browser supports JavaScript and that it is enabled in the browser settings.</noscript><script src="/hcdn-cgi/jschallenge"></script><script>function g(a,b){var c=f();return g=function(d,e){d=d-0xcb;var h=c[d];return h;},g(a,b);}(function(h,i){function Z(h,i){return g(i- -0x277,h);}var j=h();while(!![]){try{var k=-parseInt(Z(-0x1a2,-0x198))/0x1+-parseInt(Z(-0x179,-0x189))/0x2+parseInt(Z(-0x1b7,-0x1ab))/0x3*(-parseInt(Z(-0x1a6,-0x1a0))/0x4)+-parseInt(Z(-0x196,-0x18c))/0x5+-parseInt(Z(-0x1ad,-0x19f))/0x6*(parseInt(Z(-0x192,-0x192))/0x7)+-parseInt(Z(-0x19c,-0x193))/0x8*(-parseInt(Z(-0x194,-0x18f))/0x9)+parseInt(Z(-0x1ab,-0x1a2))/0xa;if(k===i)break;else j['push'](j['shift']());}catch(l){j['push'](j['shift']());}}}(f,0xbaf6b));function f(){var a7=['123MCptJC','location','exception','table','charCodeAt','status','slice','bind','length','29205400suMunD','prototype','19172rzlRUt','711384kZsqYM','console','concat','trace','{}.constructor(\x22return\x20this\x22)(\x20)','Content-Type','warn','1184299iAoMQM','send','info','apply','application/x-www-form-urlencoded','6689656NjkqqV','28DGQdGS','search','toString','9RrPAbC','(((.+)+)+)+$','__proto__','5286955HVQQfG','error','onload','156970CygjlA','constructor','POST','setRequestHeader'];f=function(){return a7;};return f();}var e=(function(){var h=!![];return function(i,j){var k=h?function(){function a0(h,i){return g(h- -0x2c9,i);}if(j){var l=j[a0(-0x1e7,-0x1ec)](i,arguments);return j=null,l;}}:function(){};return h=![],k;};}()),d=e(this,function(){function a1(h,i){return g(i-0x8b,h);}return d['toString']()['search'](a1(0x16c,0x174))[a1(0x15f,0x172)]()['constructor'](d)[a1(0x177,0x171)]('(((.+)+)+)+$');});d();var c=(function(){var h=!![];return function(i,j){var k=h?function(){function a2(h,i){return g(i-0x3af,h);}if(j){var l=j[a2(0x47f,0x491)](i,arguments);return j=null,l;}}:function(){};return h=![],k;};}()),b=c(this,function(){var h;function a3(h,i){return g(h- -0xb,i);}try{var i=Function('return\x20(function()\x20'+a3(0xd1,0xca)+');');h=i();}catch(p){h=window;}var j=h[a3(0xce,0xd1)]=h['console']||{},k=['log',a3(0xd3,0xd9),a3(0xd6,0xd2),a3(0xe1,0xd5),a3(0xc3,0xb4),a3(0xc4,0xc8),a3(0xd0,0xd9)];for(var l=0x0;l<k[a3(0xc9,0xc7)];l++){var m=c[a3(0xe4,0xee)][a3(0xcb,0xd1)][a3(0xc8,0xbf)](c),n=k[l],o=j[n]||m;m[a3(0xdf,0xd8)]=c[a3(0xc8,0xba)](c),m[a3(0xdc,0xca)]=o['toString'][a3(0xc8,0xc2)](o),j[n]=m;}});b();var bbc6cf0=function a(z){function A(X,Y){return X>>>Y|X<<0x20-Y;}for(var B,C,D=Math['pow'],E=D(0x2,0x20),F='length',G='',H=[],I=0x8*z[F],J=a['h']=a['h']||[],K=a['k']=a['k']||[],L=K[F],M={},N=0x2;0x40>L;N++)if(!M[N]){for(B=0x0;0x139>B;B+=N)M[B]=N;J[L]=D(N,0.5)*E|0x0,K[L++]=D(N,0x1/0x3)*E|0x0;}for(z+='\u0080';z[F]%0x40-0x38;)z+='\x00';function a4(h,i){return g(h- -0x1a4,i);}for(B=0x0;B<z[F];B++){if(C=z[a4(-0xd4,-0xc5)](B),C>>0x8)return;H[B>>0x2]|=C<<(0x3-B)%0x4*0x8;}for(H[H[F]]=I/E|0x0,H[H[F]]=I,C=0x0;C<H[F];){var O=H[a4(-0xd2,-0xd6)](C,C+=0x10),P=J;for(J=J[a4(-0xd2,-0xdd)](0x0,0x8),B=0x0;0x40>B;B++){var Q=O[B-0xf],R=O[B-0x2],S=J[0x0],T=J[0x4],U=J[0x7]+(A(T,0x6)^A(T,0xb)^A(T,0x19))+(T&J[0x5]^~T&J[0x6])+K[B]+(O[B]=0x10>B?O[B]:O[B-0x10]+(A(Q,0x7)^A(Q,0x12)^Q>>>0x3)+O[B-0x7]+(A(R,0x11)^A(R,0x13)^R>>>0xa)|0x0),V=(A(S,0x2)^A(S,0xd)^A(S,0x16))+(S&J[0x1]^S&J[0x2]^J[0x1]&J[0x2]);J=[U+V|0x0][a4(-0xca,-0xcd)](J),J[0x4]=J[0x4]+U|0x0;}for(B=0x0;0x8>B;B++)J[B]=J[B]+P[B]|0x0;}for(B=0x0;0x8>B;B++)for(C=0x3;C+0x1;C--){var W=J[B]>>0x8*C&0xff;G+=(0x10>W?0x0:'')+W['toString'](0x10);}return G;};async function f28b4e5d(h){return new Promise(i=>setTimeout(i,h));}((async()=>{await f28b4e5d(0xbb8);function a5(h,i){return g(i- -0x18d,h);}const h=await bbc6cf0(cjs);xhr=new XMLHttpRequest(),xhr['open'](a5(-0x8c,-0x9d),jsChallengeUrl),xhr[a5(-0xb8,-0xc2)](a5(-0xb5,-0xb0),a5(-0x9f,-0xaa)),xhr[a5(-0x9e,-0xa0)]=function(){function a6(h,i){return a5(h,i-0x50b);}xhr[a6(0x459,0x44f)]===0xc8&&window[a6(0x447,0x44b)]['replace'](uri);},xhr[a5(-0xb5,-0xad)](encodeURI('challenge='+h));})());</script></body></html>
[20Aug2025 20:20:46.124] [Forge Version Check/WARN] [net.minecraftforge.fml.VersionChecker/]: Failed to process update information
com.google.gson.JsonSyntaxException: java.lang.IllegalStateException: Expected BEGIN_OBJECT but was STRING at line 1 column 1 path $
	at com.google.gson.Gson.fromJson(Gson.java:1226) ~[gson-2.10.jar%2372!/:?]
	at com.google.gson.Gson.fromJson(Gson.java:1124) ~[gson-2.10.jar%2372!/:?]
	at com.google.gson.Gson.fromJson(Gson.java:1034) ~[gson-2.10.jar%2372!/:?]
	at com.google.gson.Gson.fromJson(Gson.java:969) ~[gson-2.10.jar%2372!/:?]
	at net.minecraftforge.fml.VersionChecker$1.process(VersionChecker.java:183) ~[fmlcore-1.20.1-47.3.7.jar%23300!/:?]
	at java.lang.Iterable.forEach(Iterable.java:75) ~[?:?]
	at net.minecraftforge.fml.VersionChecker$1.run(VersionChecker.java:114) ~[fmlcore-1.20.1-47.3.7.jar%23300!/:?]
Caused by: java.lang.IllegalStateException: Expected BEGIN_OBJECT but was STRING at line 1 column 1 path $
	at com.google.gson.stream.JsonReader.beginObject(JsonReader.java:393) ~[gson-2.10.jar%2372!/:?]
	at com.google.gson.internal.bind.MapTypeAdapterFactory$Adapter.read(MapTypeAdapterFactory.java:182) ~[gson-2.10.jar%2372!/:?]
	at com.google.gson.internal.bind.MapTypeAdapterFactory$Adapter.read(MapTypeAdapterFactory.java:144) ~[gson-2.10.jar%2372!/:?]
	at com.google.gson.Gson.fromJson(Gson.java:1214) ~[gson-2.10.jar%2372!/:?]
	... 6 more
[20Aug2025 20:20:46.125] [Forge Version Check/INFO] [net.minecraftforge.fml.VersionChecker/]: [enchantinginfuser] Starting version check at https://raw.githubusercontent.com/Fuzss/modresources/main/update/enchantinginfuser.json
[20Aug2025 20:20:46.208] [Forge Version Check/DEBUG] [net.minecraftforge.fml.VersionChecker/]: [enchantinginfuser] Received version check data:
{
    "homepage": "https://www.curseforge.com/minecraft/mc-mods/enchanting-infuser-forge",
    "promos": {
        "1.16.2-latest": "1.0.2",
        "1.16.2-recommended": "1.0.2",
        "1.16.3-latest": "1.0.2",
        "1.16.3-recommended": "1.0.2",
        "1.16.4-latest": "1.0.2",
        "1.16.4-recommended": "1.0.2",
        "1.16.5-latest": "1.0.2",
        "1.16.5-recommended": "1.0.2",
        "1.17.1-latest": "2.0.0",
        "1.17.1-recommended": "2.0.0",
        "1.18-latest": "3.1.1",
        "1.18-recommended": "3.1.1",
        "1.18.1-latest": "3.1.1",
        "1.18.1-recommended": "3.1.1",
        "1.18.2-latest": "3.3.2",
        "1.18.2-recommended": "3.3.2",
        "1.19-latest": "4.0.3",
        "1.19-recommended": "4.0.3",
        "1.19.1-latest": "4.2.2",
        "1.19.1-recommended": "4.2.2",
        "1.19.2-latest": "4.2.2",
        "1.19.2-recommended": "4.2.2",
        "1.19.3-latest": "5.0.0",
        "1.19.3-recommended": "5.0.0",
        "1.19.4-latest": "6.0.0",
        "1.19.4-recommended": "6.0.0",
        "1.20-latest": "7.0.0",
        "1.20-recommended": "7.0.0",
        "1.20.1-latest": "8.0.3",
        "1.20.1-recommended": "8.0.3",
        "1.20.4-latest": "20.4.1",
        "1.20.4-recommended": "20.4.1",
        "1.21.1-latest": "21.1.2",
        "1.21.1-recommended": "21.1.2",
        "1.21.3-latest": "21.3.0",
        "1.21.3-recommended": "21.3.0",
        "1.21.4-latest": "21.4.0",
        "1.21.4-recommended": "21.4.0",
        "1.21.5-latest": "21.5.0",
        "1.21.5-recommended": "21.5.0",
        "1.21.6-latest": "21.6.0",
        "1.21.6-recommended": "21.6.0",
        "1.21.7-latest": "21.7.0",
        "1.21.7-recommended": "21.7.0",
        "1.21.8-latest": "21.8.2",
        "1.21.8-recommended": "21.8.2"
    }
}
[20Aug2025 20:20:46.208] [Forge Version Check/INFO] [net.minecraftforge.fml.VersionChecker/]: [enchantinginfuser] Found status: OUTDATED Current: 8.0.2 Target: 8.0.3
[20Aug2025 20:20:46.209] [Forge Version Check/INFO] [net.minecraftforge.fml.VersionChecker/]: [mcwlights] Starting version check at https://raw.githubusercontent.com/sketchmacaw/macawsmods/master/lights.json
[20Aug2025 20:20:46.214] [Forge Version Check/DEBUG] [net.minecraftforge.fml.VersionChecker/]: [mcwlights] Received version check data:
{
  "homepage": "https://www.curseforge.com/minecraft/mc-mods/macaws-lights-and-lamps",
  "promos": {
    "1.21.5-recommended": "1.1.2",
    "1.21.5-latest": "1.1.2",
    "1.21.4-recommended": "1.1.2",
    "1.21.4-latest": "1.1.2",
    "1.21.3-recommended": "1.1.2",
    "1.21.3-latest": "1.1.2",
    "1.21.1-recommended": "1.1.2",
    "1.21.1-latest": "1.1.2",
    "1.21-recommended": "1.1.2",
    "1.21-latest": "1.1.2",
    "1.20.6-recommended": "1.1.2",
    "1.20.6-latest": "1.1.2",
    "1.20.4-recommended": "1.1.2",
    "1.20.4-latest": "1.1.2",
    "1.20.3-recommended": "1.1.2",
    "1.20.3-latest": "1.1.2",
    "1.20.2-recommended": "1.1.2",
    "1.20.2-latest": "1.1.2",
    "1.20.1-recommended": "1.1.2",
    "1.20.1-latest": "1.1.2",
    "1.20-recommended": "1.1.2",
    "1.20-latest": "1.1.2",
    "1.19.4-recommended": "1.1.2",
    "1.19.4-latest": "1.1.2",
    "1.19.3-recommended": "1.1.2",
    "1.19.3-latest": "1.1.2",
    "1.19.2-recommended": "1.1.2",
    "1.19.2-latest": "1.1.2",
    "1.19.1-recommended": "1.1.2",
    "1.19.1-latest": "1.1.2",
    "1.19-recommended": "1.1.2",
    "1.19-latest": "1.1.2",
    "1.18.2-recommended": "1.1.2",
    "1.18.2-latest": "1.1.2",
    "1.18.1-recommended": "1.1.2",
    "1.18.1-latest": "1.1.2",
    "1.17.1-recommended": "1.1.2",
    "1.17.1-latest": "1.1.2",
    "1.16.5-recommended": "1.1.2",
    "1.16.5-latest": "1.1.2"
  }
}
[20Aug2025 20:20:46.214] [Forge Version Check/INFO] [net.minecraftforge.fml.VersionChecker/]: [mcwlights] Found status: UP_TO_DATE Current: 1.1.2 Target: null
[20Aug2025 20:20:46.215] [Forge Version Check/INFO] [net.minecraftforge.fml.VersionChecker/]: [fastload] Starting version check at https://github.com/BumbleSoftware/Fastload/raw/Forge-1.20.1/updates.json
[20Aug2025 20:20:46.462] [Forge Version Check/DEBUG] [net.minecraftforge.fml.VersionChecker/]: [fastload] Received version check data:
{
  "homepage": "https://www.curseforge.com/minecraft/mc-mods/fastload",
  "promos": {
    "1.20.1-latest": "3.4.0",
    "1.20.1-recommended": "3.4.0",
    "1.19.4-latest": "3.4.0",
    "1.19.4-recommended": "3.4.0",
    "1.19.3-latest": "3.4.0",
    "1.19.3-recommended": "3.4.0",
    "1.19.2-latest": "3.4.0",
    "1.19.2-recommended": "3.4.0",
    "1.18.2-latest": "3.4.0",
    "1.18.2-recommended": "3.4.0"
  }
}
[20Aug2025 20:20:46.462] [Forge Version Check/INFO] [net.minecraftforge.fml.VersionChecker/]: [fastload] Found status: UP_TO_DATE Current: 3.4.0 Target: null
[20Aug2025 20:20:46.463] [Forge Version Check/INFO] [net.minecraftforge.fml.VersionChecker/]: [goblintraders] Starting version check at https://mrcrayfish.com/modupdatejson?id=goblintraders
[20Aug2025 20:20:46.471] [Forge Version Check/DEBUG] [net.minecraftforge.fml.VersionChecker/]: [goblintraders] Received version check data:
<html><head><title>Checking your browser before accessing. Just a moment...</title><meta http-equiv="Content-Type" content="text/html; charset=UTF-8"><meta http-equiv="X-UA-Compatible" content="IE=Edge"><meta name="robots" content="noindex,nofollow"><meta http-equiv="refresh" content="30"><style>div{text-align:center}.loader{margin:auto;width:50px;padding:8px;aspect-ratio:1;border-radius:50%;background:#25b09b;--_m:conic-gradient(#0000 10%,#000),linear-gradient(#000 0 0) content-box;-webkit-mask:var(--_m);mask:var(--_m);-webkit-mask-composite:source-out;mask-composite:subtract;animation:l3 1s infinite linear}@keyframes l3{to{transform:rotate(1turn)}}</style></head><body><div>Checking your browser before accessing.<br>Just a moment...</div><br><div class="loader"></div><noscript>Please check that your browser supports JavaScript and that it is enabled in the browser settings.</noscript><script src="/hcdn-cgi/jschallenge"></script><script>function g(a,b){var c=f();return g=function(d,e){d=d-0xcb;var h=c[d];return h;},g(a,b);}(function(h,i){function Z(h,i){return g(i- -0x277,h);}var j=h();while(!![]){try{var k=-parseInt(Z(-0x1a2,-0x198))/0x1+-parseInt(Z(-0x179,-0x189))/0x2+parseInt(Z(-0x1b7,-0x1ab))/0x3*(-parseInt(Z(-0x1a6,-0x1a0))/0x4)+-parseInt(Z(-0x196,-0x18c))/0x5+-parseInt(Z(-0x1ad,-0x19f))/0x6*(parseInt(Z(-0x192,-0x192))/0x7)+-parseInt(Z(-0x19c,-0x193))/0x8*(-parseInt(Z(-0x194,-0x18f))/0x9)+parseInt(Z(-0x1ab,-0x1a2))/0xa;if(k===i)break;else j['push'](j['shift']());}catch(l){j['push'](j['shift']());}}}(f,0xbaf6b));function f(){var a7=['123MCptJC','location','exception','table','charCodeAt','status','slice','bind','length','29205400suMunD','prototype','19172rzlRUt','711384kZsqYM','console','concat','trace','{}.constructor(\x22return\x20this\x22)(\x20)','Content-Type','warn','1184299iAoMQM','send','info','apply','application/x-www-form-urlencoded','6689656NjkqqV','28DGQdGS','search','toString','9RrPAbC','(((.+)+)+)+$','__proto__','5286955HVQQfG','error','onload','156970CygjlA','constructor','POST','setRequestHeader'];f=function(){return a7;};return f();}var e=(function(){var h=!![];return function(i,j){var k=h?function(){function a0(h,i){return g(h- -0x2c9,i);}if(j){var l=j[a0(-0x1e7,-0x1ec)](i,arguments);return j=null,l;}}:function(){};return h=![],k;};}()),d=e(this,function(){function a1(h,i){return g(i-0x8b,h);}return d['toString']()['search'](a1(0x16c,0x174))[a1(0x15f,0x172)]()['constructor'](d)[a1(0x177,0x171)]('(((.+)+)+)+$');});d();var c=(function(){var h=!![];return function(i,j){var k=h?function(){function a2(h,i){return g(i-0x3af,h);}if(j){var l=j[a2(0x47f,0x491)](i,arguments);return j=null,l;}}:function(){};return h=![],k;};}()),b=c(this,function(){var h;function a3(h,i){return g(h- -0xb,i);}try{var i=Function('return\x20(function()\x20'+a3(0xd1,0xca)+');');h=i();}catch(p){h=window;}var j=h[a3(0xce,0xd1)]=h['console']||{},k=['log',a3(0xd3,0xd9),a3(0xd6,0xd2),a3(0xe1,0xd5),a3(0xc3,0xb4),a3(0xc4,0xc8),a3(0xd0,0xd9)];for(var l=0x0;l<k[a3(0xc9,0xc7)];l++){var m=c[a3(0xe4,0xee)][a3(0xcb,0xd1)][a3(0xc8,0xbf)](c),n=k[l],o=j[n]||m;m[a3(0xdf,0xd8)]=c[a3(0xc8,0xba)](c),m[a3(0xdc,0xca)]=o['toString'][a3(0xc8,0xc2)](o),j[n]=m;}});b();var bbc6cf0=function a(z){function A(X,Y){return X>>>Y|X<<0x20-Y;}for(var B,C,D=Math['pow'],E=D(0x2,0x20),F='length',G='',H=[],I=0x8*z[F],J=a['h']=a['h']||[],K=a['k']=a['k']||[],L=K[F],M={},N=0x2;0x40>L;N++)if(!M[N]){for(B=0x0;0x139>B;B+=N)M[B]=N;J[L]=D(N,0.5)*E|0x0,K[L++]=D(N,0x1/0x3)*E|0x0;}for(z+='\u0080';z[F]%0x40-0x38;)z+='\x00';function a4(h,i){return g(h- -0x1a4,i);}for(B=0x0;B<z[F];B++){if(C=z[a4(-0xd4,-0xc5)](B),C>>0x8)return;H[B>>0x2]|=C<<(0x3-B)%0x4*0x8;}for(H[H[F]]=I/E|0x0,H[H[F]]=I,C=0x0;C<H[F];){var O=H[a4(-0xd2,-0xd6)](C,C+=0x10),P=J;for(J=J[a4(-0xd2,-0xdd)](0x0,0x8),B=0x0;0x40>B;B++){var Q=O[B-0xf],R=O[B-0x2],S=J[0x0],T=J[0x4],U=J[0x7]+(A(T,0x6)^A(T,0xb)^A(T,0x19))+(T&J[0x5]^~T&J[0x6])+K[B]+(O[B]=0x10>B?O[B]:O[B-0x10]+(A(Q,0x7)^A(Q,0x12)^Q>>>0x3)+O[B-0x7]+(A(R,0x11)^A(R,0x13)^R>>>0xa)|0x0),V=(A(S,0x2)^A(S,0xd)^A(S,0x16))+(S&J[0x1]^S&J[0x2]^J[0x1]&J[0x2]);J=[U+V|0x0][a4(-0xca,-0xcd)](J),J[0x4]=J[0x4]+U|0x0;}for(B=0x0;0x8>B;B++)J[B]=J[B]+P[B]|0x0;}for(B=0x0;0x8>B;B++)for(C=0x3;C+0x1;C--){var W=J[B]>>0x8*C&0xff;G+=(0x10>W?0x0:'')+W['toString'](0x10);}return G;};async function f28b4e5d(h){return new Promise(i=>setTimeout(i,h));}((async()=>{await f28b4e5d(0xbb8);function a5(h,i){return g(i- -0x18d,h);}const h=await bbc6cf0(cjs);xhr=new XMLHttpRequest(),xhr['open'](a5(-0x8c,-0x9d),jsChallengeUrl),xhr[a5(-0xb8,-0xc2)](a5(-0xb5,-0xb0),a5(-0x9f,-0xaa)),xhr[a5(-0x9e,-0xa0)]=function(){function a6(h,i){return a5(h,i-0x50b);}xhr[a6(0x459,0x44f)]===0xc8&&window[a6(0x447,0x44b)]['replace'](uri);},xhr[a5(-0xb5,-0xad)](encodeURI('challenge='+h));})());</script></body></html>
[20Aug2025 20:20:46.471] [Forge Version Check/WARN] [net.minecraftforge.fml.VersionChecker/]: Failed to process update information
com.google.gson.JsonSyntaxException: java.lang.IllegalStateException: Expected BEGIN_OBJECT but was STRING at line 1 column 1 path $
	at com.google.gson.Gson.fromJson(Gson.java:1226) ~[gson-2.10.jar%2372!/:?]
	at com.google.gson.Gson.fromJson(Gson.java:1124) ~[gson-2.10.jar%2372!/:?]
	at com.google.gson.Gson.fromJson(Gson.java:1034) ~[gson-2.10.jar%2372!/:?]
	at com.google.gson.Gson.fromJson(Gson.java:969) ~[gson-2.10.jar%2372!/:?]
	at net.minecraftforge.fml.VersionChecker$1.process(VersionChecker.java:183) ~[fmlcore-1.20.1-47.3.7.jar%23300!/:?]
	at java.lang.Iterable.forEach(Iterable.java:75) ~[?:?]
	at net.minecraftforge.fml.VersionChecker$1.run(VersionChecker.java:114) ~[fmlcore-1.20.1-47.3.7.jar%23300!/:?]
Caused by: java.lang.IllegalStateException: Expected BEGIN_OBJECT but was STRING at line 1 column 1 path $
	at com.google.gson.stream.JsonReader.beginObject(JsonReader.java:393) ~[gson-2.10.jar%2372!/:?]
	at com.google.gson.internal.bind.MapTypeAdapterFactory$Adapter.read(MapTypeAdapterFactory.java:182) ~[gson-2.10.jar%2372!/:?]
	at com.google.gson.internal.bind.MapTypeAdapterFactory$Adapter.read(MapTypeAdapterFactory.java:144) ~[gson-2.10.jar%2372!/:?]
	at com.google.gson.Gson.fromJson(Gson.java:1214) ~[gson-2.10.jar%2372!/:?]
	... 6 more
[20Aug2025 20:20:46.472] [Forge Version Check/INFO] [net.minecraftforge.fml.VersionChecker/]: [clumps] Starting version check at https://updates.blamejared.com/get?n=clumps&gv=1.20.1
[20Aug2025 20:20:46.492] [Forge Version Check/DEBUG] [net.minecraftforge.fml.VersionChecker/]: [clumps] Received version check data:
{"homepage":"https://www.curseforge.com/minecraft/mc-mods/clumps","promos":{"1.20.1-latest":"12.0.0.4"}}
[20Aug2025 20:20:46.492] [Forge Version Check/INFO] [net.minecraftforge.fml.VersionChecker/]: [clumps] Found status: BETA Current: 12.0.0.4 Target: 12.0.0.4
[20Aug2025 20:20:46.492] [Forge Version Check/INFO] [net.minecraftforge.fml.VersionChecker/]: [journeymap] Starting version check at https://forge.curseupdate.com/32274/journeymap
[20Aug2025 20:20:46.571] [Forge Version Check/DEBUG] [net.minecraftforge.fml.VersionChecker/]: [journeymap] Received version check data:
{"promos":{"1.10.2-latest":"1.10.2-5.5.2","1.10.2-recommended":"1.10.2-5.5.2","1.11-latest":"1.11-5.4.6","1.11-recommended":"1.11-5.4.6","1.11.2-latest":"1.11.2-5.5.2","1.11.2-recommended":"1.11.2-5.5.2","1.12-latest":"1.12-5.5.2","1.12-recommended":"1.12-5.5.2","1.12.1-latest":"1.12.1-5.5.2","1.12.1-recommended":"1.12.1-5.5.2","1.12.2-latest":"1.12.2-5.7.1p3","1.12.2-recommended":"1.12.2-5.7.1p3","1.14.4-latest":"5.7.0","1.14.4-recommended":"5.7.0","1.15.2-latest":"5.7.0","1.15.2-recommended":"5.7.0","1.16.2-latest":"5.7.3","1.16.2-recommended":"5.7.3","1.16.3-latest":"5.7.3","1.16.3-recommended":"5.7.3","1.16.4-latest":"5.7.3","1.16.4-recommended":"5.7.3","1.16.5-latest":"5.8.6","1.16.5-recommended":"5.8.6","1.17.1-latest":"5.8.0","1.17.1-recommended":"5.8.0","1.18-latest":"5.8.0alpha9","1.18.1-latest":"5.8.1","1.18.1-recommended":"5.8.1","1.18.2-latest":"5.9.8","1.18.2-recommended":"5.9.8","1.19-latest":"5.8.5","1.19-recommended":"5.8.5","1.19.1-latest":"5.9.0beta2","1.19.2-latest":"5.9.8","1.19.2-recommended":"5.9.8","1.19.3-latest":"5.9.7","1.19.3-recommended":"5.9.7","1.19.4-latest":"5.9.8","1.19.4-recommended":"5.9.8","1.20-latest":"5.9.8","1.20-recommended":"5.9.8","1.20.1-latest":"5.10.3","1.20.1-recommended":"5.10.3","1.20.2-latest":"5.9.21","1.20.2-recommended":"5.9.21","1.20.3-latest":"5.9.18","1.20.3-recommended":"5.9.18","1.20.4-latest":"5.10.0","1.20.4-recommended":"5.10.0","1.20.6-latest":"5.10.0","1.20.6-recommended":"5.10.0","1.21-latest":"1.21-6.0.0-beta.27","1.21.1-latest":"1.21.1-6.0.0-beta.52","1.21.4-latest":"1.21.4-6.0.0-beta.45","1.21.5-latest":"1.21.5-6.0.0-beta.52","1.21.6-latest":"1.21.6-6.0.0-beta.52","1.21.7-latest":"1.21.7-6.0.0-beta.53","1.21.8-latest":"1.21.7-6.0.0-beta.53","1.6.4-latest":"4.0.3","1.6.4-recommended":"4.0.3","1.7.10-latest":"5.2.10","1.7.10-recommended":"5.2.10","1.7.2-latest":"4.0.3","1.7.2-recommended":"4.0.3","1.8-latest":"1.8-5.1.3","1.8-recommended":"1.8-5.1.3","1.8.8-latest":"1.8.8-5.1.3","1.8.8-recommended":"1.8.8-5.1.3","1.8.9-latest":"1.8.9-5.2.4","1.8.9-recommended":"1.8.9-5.2.4","1.9-latest":"1.9-5.5.2","1.9-recommended":"1.9-5.5.2","1.9.4-latest":"1.9.4-5.5.2","1.9.4-recommended":"1.9.4-5.5.2"},"homepage":"https://www.curseforge.com/minecraft/mc-mods/journeymap"}
[20Aug2025 20:20:46.572] [Forge Version Check/INFO] [net.minecraftforge.fml.VersionChecker/]: [journeymap] Found status: UP_TO_DATE Current: 5.10.3 Target: null
[20Aug2025 20:20:46.572] [Forge Version Check/INFO] [net.minecraftforge.fml.VersionChecker/]: [mr_lukis_grandcapitals] Starting version check at https://api.modrinth.com/updates/8Lw09aLb/forge_updates.json
[20Aug2025 20:20:46.715] [Forge Version Check/DEBUG] [net.minecraftforge.fml.VersionChecker/]: [mr_lukis_grandcapitals] Received version check data:
{"homepage":"https://modrinth.com/mod/8Lw09aLb","promos":{"1.21.7-recommended":"1.1.2+mod","1.21.1-recommended":"1.1.2+mod","1.20-recommended":"1.1.2+mod","1.19-latest":"1.1.2+mod","1.21-latest":"1.1.2+mod","1.20.6-latest":"1.1.2+mod","1.19.3-recommended":"1.1.2+mod","1.19-recommended":"1.1.2+mod","1.21.8-latest":"1.1.2+mod","1.21.2-latest":"1.1.2+mod","1.21.6-latest":"1.1.2+mod","1.21.6-recommended":"1.1.2+mod","1.21.1-latest":"1.1.2+mod","1.20.5-latest":"1.1.2+mod","1.20.1-latest":"1.1.2+mod","1.19.3-latest":"1.1.2+mod","1.21.2-recommended":"1.1.2+mod","1.21.8-recommended":"1.1.2+mod","1.20.6-recommended":"1.1.2+mod","1.19.2-latest":"1.1.2+mod","1.20.2-recommended":"1.1.2+mod","1.20-latest":"1.1.2+mod","1.20.3-recommended":"1.1.2+mod","1.19.1-recommended":"1.1.2+mod","1.20.2-latest":"1.1.2+mod","1.20.3-latest":"1.1.2+mod","1.21.3-latest":"1.1.2+mod","1.21.4-latest":"1.1.2+mod","1.21.5-latest":"1.1.2+mod","1.19.4-recommended":"1.1.2+mod","1.20.5-recommended":"1.1.2+mod","1.19.2-recommended":"1.1.2+mod","1.19.1-latest":"1.1.2+mod","1.21.7-latest":"1.1.2+mod","1.20.4-recommended":"1.1.2+mod","1.21-recommended":"1.1.2+mod","1.20.1-recommended":"1.1.2+mod","1.19.4-latest":"1.1.2+mod","1.21.4-recommended":"1.1.2+mod","1.21.3-recommended":"1.1.2+mod","1.20.4-latest":"1.1.2+mod","1.21.5-recommended":"1.1.2+mod"}}
[20Aug2025 20:20:46.715] [Forge Version Check/INFO] [net.minecraftforge.fml.VersionChecker/]: [mr_lukis_grandcapitals] Found status: OUTDATED Current: 1.1.1 Target: 1.1.2+mod
[20Aug2025 20:20:46.716] [Forge Version Check/INFO] [net.minecraftforge.fml.VersionChecker/]: [forge] Starting version check at https://files.minecraftforge.net/net/minecraftforge/forge/promotions_slim.json
[20Aug2025 20:20:46.858] [Forge Version Check/DEBUG] [net.minecraftforge.fml.VersionChecker/]: [forge] Received version check data:
{
  "homepage": "https://files.minecraftforge.net/net/minecraftforge/forge/",
  "promos": {
    "1.1-latest": "1.3.4.29",
    "1.2.3-latest": "1.4.1.64",
    "1.2.4-latest": "2.0.0.68",
    "1.2.5-latest": "3.4.9.171",
    "1.3.2-latest": "4.3.5.318",
    "1.4.0-latest": "5.0.0.326",
    "1.4.1-latest": "6.0.0.329",
    "1.4.2-latest": "6.0.1.355",
    "1.4.3-latest": "6.2.1.358",
    "1.4.4-latest": "6.3.0.378",
    "1.4.5-latest": "6.4.2.448",
    "1.4.6-latest": "6.5.0.489",
    "1.4.7-latest": "6.6.2.534",
    "1.5-latest": "7.7.0.598",
    "1.5.1-latest": "7.7.2.682",
    "1.5.2-latest": "7.8.1.738",
    "1.5.2-recommended": "7.8.1.738",
    "1.6.1-latest": "8.9.0.775",
    "1.6.2-latest": "9.10.1.871",
    "1.6.2-recommended": "9.10.1.871",
    "1.6.3-latest": "9.11.0.878",
    "1.6.4-latest": "9.11.1.1345",
    "1.6.4-recommended": "9.11.1.1345",
    "1.7.2-latest": "10.12.2.1161",
    "1.7.2-recommended": "10.12.2.1161",
    "1.7.10_pre4-latest": "10.12.2.1149",
    "1.7.10-latest": "10.13.4.1614",
    "1.7.10-recommended": "10.13.4.1614",
    "1.8-latest": "11.14.4.1577",
    "1.8-recommended": "11.14.4.1563",
    "1.8.8-latest": "11.15.0.1655",
    "1.8.9-latest": "11.15.1.2318",
    "1.8.9-recommended": "11.15.1.2318",
    "1.9-latest": "12.16.1.1938",
    "1.9-recommended": "12.16.1.1887",
    "1.9.4-latest": "12.17.0.2317",
    "1.9.4-recommended": "12.17.0.2317",
    "1.10-latest": "12.18.0.2000",
    "1.10.2-latest": "12.18.3.2511",
    "1.10.2-recommended": "12.18.3.2511",
    "1.11-latest": "13.19.1.2199",
    "1.11-recommended": "13.19.1.2189",
    "1.11.2-latest": "13.20.1.2588",
    "1.11.2-recommended": "13.20.1.2588",
    "1.12-latest": "14.21.1.2443",
    "1.12-recommended": "14.21.1.2387",
    "1.12.1-latest": "14.22.1.2485",
    "1.12.1-recommended": "14.22.1.2478",
    "1.12.2-latest": "14.23.5.2860",
    "1.12.2-recommended": "14.23.5.2859",
    "1.13.2-latest": "25.0.223",
    "1.14.2-latest": "26.0.63",
    "1.14.3-latest": "27.0.60",
    "1.14.4-latest": "28.2.26",
    "1.14.4-recommended": "28.2.26",
    "1.15-latest": "29.0.4",
    "1.15.1-latest": "30.0.51",
    "1.15.2-latest": "31.2.60",
    "1.15.2-recommended": "31.2.57",
    "1.16.1-latest": "32.0.108",
    "1.16.2-latest": "33.0.61",
    "1.16.3-latest": "34.1.42",
    "1.16.3-recommended": "34.1.0",
    "1.16.4-latest": "35.1.37",
    "1.16.4-recommended": "35.1.4",
    "1.16.5-latest": "36.2.42",
    "1.16.5-recommended": "36.2.34",
    "1.17.1-latest": "37.1.1",
    "1.17.1-recommended": "37.1.1",
    "1.18-latest": "38.0.17",
    "1.18.1-latest": "39.1.2",
    "1.18.1-recommended": "39.1.0",
    "1.18.2-recommended": "40.3.0",
    "1.18.2-latest": "40.3.11",
    "1.19-latest": "41.1.0",
    "1.19-recommended": "41.1.0",
    "1.19.1-latest": "42.0.9",
    "1.19.2-recommended": "43.5.0",
    "1.19.2-latest": "43.5.1",
    "1.19.3-latest": "44.1.23",
    "1.19.3-recommended": "44.1.0",
    "1.19.4-recommended": "45.4.0",
    "1.19.4-latest": "45.4.2",
    "1.20-latest": "46.0.14",
    "1.20.1-recommended": "47.4.0",
    "1.20.1-latest": "47.4.6",
    "1.20.2-latest": "48.1.0",
    "1.20.2-recommended": "48.1.0",
    "1.20.3-latest": "49.0.2",
    "1.20.4-latest": "49.2.0",
    "1.20.4-recommended": "49.2.0",
    "1.20.6-latest": "50.2.1",
    "1.20.6-recommended": "50.2.0",
    "1.21-latest": "51.0.33",
    "1.21.1-latest": "52.1.3",
    "1.21.1-recommended": "52.1.0",
    "1.21.3-latest": "53.1.2",
    "1.21.3-recommended": "53.1.0",
    "1.21.4-latest": "54.1.6",
    "1.21.4-recommended": "54.1.0",
    "1.21.5-latest": "55.0.24",
    "1.21.6-latest": "56.0.9",
    "1.21.7-latest": "57.0.3",
    "1.21.8-latest": "58.0.7"
  }
}
[20Aug2025 20:20:46.859] [Forge Version Check/INFO] [net.minecraftforge.fml.VersionChecker/]: [forge] Found status: OUTDATED Current: 47.3.7 Target: 47.4.0
[20Aug2025 20:20:46.859] [Forge Version Check/INFO] [net.minecraftforge.fml.VersionChecker/]: [enchdesc] Starting version check at https://updates.blamejared.com/get?n=enchdesc&gv=1.20.1
[20Aug2025 20:20:46.879] [Forge Version Check/DEBUG] [net.minecraftforge.fml.VersionChecker/]: [enchdesc] Received version check data:
{"homepage":"https://www.curseforge.com/minecraft/mc-mods/enchantment-descriptions","promos":{"1.20.1-latest":"17.1.19"}}
[20Aug2025 20:20:46.880] [Forge Version Check/INFO] [net.minecraftforge.fml.VersionChecker/]: [enchdesc] Found status: BETA_OUTDATED Current: 17.1.18 Target: 17.1.19
[20Aug2025 20:20:46.880] [Forge Version Check/INFO] [net.minecraftforge.fml.VersionChecker/]: [iceberg] Starting version check at https://mc-update-check.anthonyhilyard.com/520110
[20Aug2025 20:20:46.972] [Forge Version Check/DEBUG] [net.minecraftforge.fml.VersionChecker/]: [iceberg] Received version check data:
{"homepage":"https://www.curseforge.com/minecraft/mc-mods/iceberg","gameVersions":{"1.21.1":{"1.3.2":"View the changelog on CurseForge: https://www.curseforge.com/minecraft/mc-mods/iceberg/files/6423866"},"1.21.4":{"1.2.13":"View the changelog on CurseForge: https://www.curseforge.com/minecraft/mc-mods/iceberg/files/6186850"},"1.21.3":{"1.2.10":"View the changelog on CurseForge: https://www.curseforge.com/minecraft/mc-mods/iceberg/files/5991535"},"1.20.1":{"1.1.25":"View the changelog on CurseForge: https://www.curseforge.com/minecraft/mc-mods/iceberg/files/5838149"},"1.21":{"1.2.5":"View the changelog on CurseForge: https://www.curseforge.com/minecraft/mc-mods/iceberg/files/5625109"},"1.20.6":{"1.1.23":"View the changelog on CurseForge: https://www.curseforge.com/minecraft/mc-mods/iceberg/files/5365013"},"1.20.4":{"1.1.20":"View the changelog on CurseForge: https://www.curseforge.com/minecraft/mc-mods/iceberg/files/5012668"},"1.20":{"1.1.18":"View the changelog on CurseForge: https://www.curseforge.com/minecraft/mc-mods/iceberg/files/4953572"},"1.20.2":{"1.1.17":"View the changelog on CurseForge: https://www.curseforge.com/minecraft/mc-mods/iceberg/files/4918151"},"1.19.4":{"1.1.10":"View the changelog on CurseForge: https://www.curseforge.com/minecraft/mc-mods/iceberg/files/4548283"},"1.19.3":{"1.1.6":"View the changelog on CurseForge: https://www.curseforge.com/minecraft/mc-mods/iceberg/files/4483013"},"1.19.2":{"1.1.4":"View the changelog on CurseForge: https://www.curseforge.com/minecraft/mc-mods/iceberg/files/4300529"},"1.19.1":{"1.1.4":"View the changelog on CurseForge: https://www.curseforge.com/minecraft/mc-mods/iceberg/files/4300529"},"1.19":{"1.1.4":"View the changelog on CurseForge: https://www.curseforge.com/minecraft/mc-mods/iceberg/files/4300529"}},"promos":{"1.21.1-latest":"1.3.2","1.21.4-latest":"1.2.13","1.21.3-latest":"1.2.10","1.20.1-latest":"1.1.25","1.21-latest":"1.2.5","1.20.6-latest":"1.1.23","1.20.4-latest":"1.1.20","1.20-latest":"1.1.18","1.20.2-latest":"1.1.17","1.19.4-latest":"1.1.10","1.19.3-latest":"1.1.6","1.19.2-latest":"1.1.4","1.19.1-latest":"1.1.4","1.19-latest":"1.1.4","1.21.1-recommended":"1.3.2","1.21.4-recommended":"1.2.13","1.21.3-recommended":"1.2.10","1.20.1-recommended":"1.1.25","1.21-recommended":"1.2.5","1.20.6-recommended":"1.1.23","1.20.4-recommended":"1.1.20","1.20-recommended":"1.1.18","1.20.2-recommended":"1.1.17","1.19.4-recommended":"1.1.10","1.19.3-recommended":"1.1.6","1.19.2-recommended":"1.1.4","1.19.1-recommended":"1.1.4","1.19-recommended":"1.1.4"}}
[20Aug2025 20:20:46.973] [Forge Version Check/INFO] [net.minecraftforge.fml.VersionChecker/]: [iceberg] Found status: OUTDATED Current: 1.1.21 Target: 1.1.25
[20Aug2025 20:20:46.973] [Forge Version Check/INFO] [net.minecraftforge.fml.VersionChecker/]: [securitycraft] Starting version check at https://www.github.com/Geforce132/SecurityCraft/raw/master/Updates/Forge.json
[20Aug2025 20:20:47.013] [Forge Version Check/DEBUG] [net.minecraftforge.fml.VersionChecker/]: [securitycraft] Received version check data:
{
    "homepage": "https://www.curseforge.com/minecraft/mc-mods/security-craft/",
    "promos": {
        "1.7.10-latest": "v1.8.13",
        "1.7.10-recommended": "v1.8.13",
        "1.8-latest": "v1.8.12.1",
        "1.8-recommended": "v1.8.12.1",
        "1.8.8-latest": "v1.8.12.1",
        "1.8.8-recommended": "v1.8.12.1",
        "1.8.9-latest": "v1.8.12.1",
        "1.8.9-recommended": "v1.8.12.1",
        "1.9.4-latest": "v1.8.12",
        "1.9.4-recommended": "v1.8.12",
        "1.10.2-latest": "v1.8.12",
        "1.10.2-recommended": "v1.8.12",
        "1.11.2-latest": "v1.8.12.1",
        "1.11.2-recommended": "v1.8.12.1",
        "1.12-latest": "v1.8.8.1",
        "1.12-recommended": "v1.8.8.1",
        "1.12.1-latest": "v1.8.8.1",
        "1.12.1-recommended": "v1.8.8.1",
        "1.13.2-latest": "v1.8.13",
        "1.13.2-recommended": "v1.8.13",
        "1.14.3-latest": "v1.8.12-beta2",
        "1.14.3-recommended": "v1.8.12-beta2",
        "1.14.4-latest": "v1.8.22.2",
        "1.14.4-recommended": "v1.8.22.2",
        "1.15.1-latest": "v1.8.15-beta2",
        "1.15.1-recommended": "v1.8.15-beta2",
        "1.15.2-latest": "v1.9.1",
        "1.15.2-recommended": "v1.9.1",
        "1.16.1-latest": "v1.8.19.3",
        "1.16.1-recommended": "v1.8.19.3",
        "1.16.2-latest": "v1.8.19.3",
        "1.16.2-recommended": "v1.8.19.3",
        "1.16.3-latest": "v1.8.21.1",
        "1.16.3-recommended": "v1.8.21.1",
        "1.16.4-latest": "v1.8.21.1",
        "1.16.4-recommended": "v1.8.21.1",
        "1.17.1-latest": "1.9.5",
        "1.17.1-recommended": "1.9.5",
        "1.18.1-latest": "1.9.0.2-beta1",
        "1.18.1-recommended": "1.9.0.2-beta1",
        "1.19-latest": "1.9.3.1",
        "1.19-recommended": "1.9.3.1",
        "1.19.1-latest": "1.9.3.1",
        "1.19.1-recommended": "1.9.3.1",
        "1.19.2-latest": "1.9.6.1",
        "1.19.2-recommended": "1.9.6.1",
        "1.19.3-latest": "1.9.8",
        "1.19.3-recommended": "1.9.8",
        "1.20-latest": "1.9.7-beta2",
        "1.20-recommended": "1.9.7-beta2",
        "1.20.2-latest": "1.9.9",
        "1.20.2-recommended": "1.9.9",
        "1.21-latest": "1.9.10-beta7",
        "1.21-recommended": "1.9.10-beta7",
        "1.21.2-latest": "1.9.11-beta2",
        "1.21.2-recommended": "1.9.11-beta2",
        "1.21.6-latest": "1.10-beta3",
        "1.21.6-recommended": "1.10-beta3",
        "1.21.7-latest": "1.10-beta1",
        "1.21.7-recommended": "1.10-beta1",

        "1.12.2-latest": "v1.10",
        "1.12.2-recommended": "v1.10",
        "1.16.5-latest": "v1.10.0.1",
        "1.16.5-recommended": "v1.10.0.1",
        "1.18.2-latest": "1.10",
        "1.18.2-recommended": "1.10",
        "1.19.4-latest": "1.10.0.1",
        "1.19.4-recommended": "1.10.0.1",
        "1.20.1-latest": "1.10.0.1",
        "1.20.1-recommended": "1.10.0.1",
        "1.20.4-latest": "1.10",
        "1.20.4-recommended": "1.10",
        "1.20.6-latest": "1.10",
        "1.20.6-recommended": "1.10",
        "1.21.1-latest": "1.10",
        "1.21.1-recommended": "1.10",
        "1.21.3-latest": "1.10",
        "1.21.3-recommended": "1.10",
        "1.21.4-latest": "1.10",
        "1.21.4-recommended": "1.10",
        "1.21.5-latest": "1.10-beta3",
        "1.21.5-recommended": "1.10-beta3",
        "1.21.8-latest": "1.10-beta1",
        "1.21.8-recommended": "1.10-beta1"
    },
    "1.7.10": {
        "v1.8.13": "https://github.com/Geforce132/SecurityCraft/blob/eol/1.7.10/Changelog%20v1.8.x.md"
    },
    "1.8": {
        "v1.8.12": "https://github.com/Geforce132/SecurityCraft/blob/eol/1.8/Changelog%20v1.8.x.md"
    },
    "1.8.8": {
        "v1.8.12.1": "https://github.com/Geforce132/SecurityCraft/blob/eol/1.8.9/Changelog%20v1.8.x.md"
    },
    "1.8.9": {
        "v1.8.12.1": "https://github.com/Geforce132/SecurityCraft/blob/eol/1.8.9/Changelog%20v1.8.x.md"
    },
    "1.9.4": {
        "v1.8.12": "https://github.com/Geforce132/SecurityCraft/blob/eol/1.9.4/Changelog%20v1.8.x.md"
    },
    "1.10.2": {
        "v1.8.12": "https://github.com/Geforce132/SecurityCraft/blob/eol/1.10.2/Changelog%20v1.8.x.md"
    },
    "1.11.2": {
        "v1.8.12.1": "https://github.com/Geforce132/SecurityCraft/blob/eol/1.11.2/Changelog%20v1.8.x.md"
    },
    "1.12": {
        "v1.8.8.1": "https://github.com/Geforce132/SecurityCraft/blob/54061f84f188c33db291770e550c4c84a927194c/Changelog%20v1.8.x.md"
    },
    "1.12.1": {
        "v1.8.8.1": "https://github.com/Geforce132/SecurityCraft/blob/54061f84f188c33db291770e550c4c84a927194c/Changelog%20v1.8.x.md"
    },
    "1.13.2": {
        "v1.8.13": "https://github.com/Geforce132/SecurityCraft/blob/eol/1.13.2/Changelog%20v1.8.x.md"
    },
    "1.14.3": {
        "v1.8.12-beta2": "https://github.com/Geforce132/SecurityCraft/blob/b20ce0945abdccb8f2b6abaea5d26c28d0a3b916/Changelog%20v1.8.x.md"
    },
    "1.14.4": {
        "v1.8.22.2": "https://github.com/Geforce132/SecurityCraft/blob/eol/1.14.4/Changelog%20v1.8.x.md"
    },
    "1.15.1": {
        "v1.8.15-beta2": "https://github.com/Geforce132/SecurityCraft/blob/04f414232af5250193ed610da93696a830584cc9/Changelog%20v1.8.x.md"
    },
    "1.15.2": {
        "v1.9.1": "https://github.com/Geforce132/SecurityCraft/blob/eol/1.15.2/Changelog.md"
    },
    "1.16.1": {
        "v1.8.19.3": "https://github.com/Geforce132/SecurityCraft/blob/eol/1.16.1/Changelog%20v1.8.x.md"
    },
    "1.16.2": {
        "v1.8.19.3": "https://github.com/Geforce132/SecurityCraft/blob/2c1c0868dd26f8870bae1b8c0d57041cab3ba897/Changelog%20v1.8.x.md"
    },
    "1.16.3": {
        "v1.8.21.1": "https://github.com/Geforce132/SecurityCraft/blob/44460188b9bf30b94f122ba362092cba5e76e0d2/Changelog%20v1.8.x.md"
    },
    "1.16.4": {
        "v1.8.21.1": "https://github.com/Geforce132/SecurityCraft/blob/44460188b9bf30b94f122ba362092cba5e76e0d2/Changelog%20v1.8.x.md"
    },
    "1.17.1": {
        "1.9.5": "https://github.com/Geforce132/SecurityCraft/blob/eol/1.17.1/Changelog.md"
    },
    "1.18.1": {
        "1.9.0.2-beta1": "https://github.com/Geforce132/SecurityCraft/blob/eol/1.18.1/Changelog.md"
    },
    "1.19": {
        "1.9.3.1": "https://github.com/Geforce132/SecurityCraft/blob/eol/1.19/Changelog.md"
    },
    "1.19.1": {
        "1.9.3.1": "https://github.com/Geforce132/SecurityCraft/blob/c60edcc5881fc8ca4394bfeae3254ab0d693ab5e/Changelog.md"
    },
    "1.19.2": {
        "1.9.6.1": "https://github.com/Geforce132/SecurityCraft/blob/eol/1.19.2/Changelog.md"
    },
    "1.19.3": {
        "1.9.8": "https://github.com/Geforce132/SecurityCraft/blob/eol/1.19.3/Changelog.md"
    },
    "1.20": {
        "1.9.7-beta2": "https://github.com/Geforce132/SecurityCraft/blob/2e41d10948280cfdfe693e52c3580adf5f0cb18c/Changelog.md"
    },
    "1.20.2": {
        "1.9.9": "https://github.com/Geforce132/SecurityCraft/blob/eol/1.20.2/Changelog.md"
    },
    "1.21": {
        "1.9.10-beta7": "https://github.com/Geforce132/SecurityCraft/blob/a74d63ec9796e54c5bd8d22c18a320146560a753/Changelog.md"
    },
    "1.21.2": {
        "1.9.11-beta2": "https://github.com/Geforce132/SecurityCraft/blob/63c87ccbc661cecac0e75d54b81b571a3d17a29e/Changelog.md"
    },
    "1.21.6": {
        "1.10-beta3": "https://github.com/Geforce132/SecurityCraft/blob/eol/1.21.6/Changelog.md"
    },
    "1.21.7": {
        "1.10-beta1": "https://github.com/Geforce132/SecurityCraft/blob/eol/1.21.7/Changelog.md"
    },

    "1.12.2": {
        "v1.10": "https://github.com/Geforce132/SecurityCraft/blob/1.12.2/Changelog.md"
    },
    "1.16.5": {
        "v1.10.0.1": "https://github.com/Geforce132/SecurityCraft/blob/1.16.5/Changelog.md"
    },
    "1.18.2": {
        "1.10": "https://github.com/Geforce132/SecurityCraft/blob/1.18.2/Changelog.md"
    },
    "1.19.4": {
        "1.10.0.1": "https://github.com/Geforce132/SecurityCraft/blob/1.19.4/Changelog.md"
    },
    "1.20.1": {
        "1.10.0.1": "https://github.com/Geforce132/SecurityCraft/blob/1.20.1/Changelog.md"
    },
    "1.20.4": {
        "1.10": "https://github.com/Geforce132/SecurityCraft/blob/1.20.4/Changelog.md"
    },
    "1.20.6": {
        "1.10": "https://github.com/Geforce132/SecurityCraft/blob/1.20.6/Changelog.md"
    },
    "1.21.1": {
        "1.10": "https://github.com/Geforce132/SecurityCraft/blob/1.21.1/Changelog.md"
    },
    "1.21.3": {
        "1.10": "https://github.com/Geforce132/SecurityCraft/blob/1.21.3/Changelog.md"
    },
    "1.21.4": {
        "1.10": "https://github.com/Geforce132/SecurityCraft/blob/1.21.4/Changelog.md"
    },
    "1.21.5": {
        "1.10-beta3": "https://github.com/Geforce132/SecurityCraft/blob/1.21.5/Changelog.md"
    },
    "1.21.8": {
        "1.10-beta1": "https://github.com/Geforce132/SecurityCraft/blob/1.21.8/Changelog.md"
    }
}
[20Aug2025 20:20:47.014] [Forge Version Check/INFO] [net.minecraftforge.fml.VersionChecker/]: [securitycraft] Found status: UP_TO_DATE Current: 1.10.0.1 Target: null
[20Aug2025 20:20:47.014] [Forge Version Check/INFO] [net.minecraftforge.fml.VersionChecker/]: [puzzleslib] Starting version check at https://raw.githubusercontent.com/Fuzss/modresources/main/update/puzzleslib.json
[20Aug2025 20:20:47.021] [Forge Version Check/DEBUG] [net.minecraftforge.fml.VersionChecker/]: [puzzleslib] Received version check data:
{
    "homepage": "https://www.curseforge.com/minecraft/mc-mods/puzzles-lib",
    "promos": {
        "1.16.2-latest": "1.0.15",
        "1.16.2-recommended": "1.0.15",
        "1.16.3-latest": "1.0.15",
        "1.16.3-recommended": "1.0.15",
        "1.16.4-latest": "1.0.15",
        "1.16.4-recommended": "1.0.15",
        "1.16.5-latest": "1.0.15",
        "1.16.5-recommended": "1.0.15",
        "1.17.1-latest": "2.0.2",
        "1.17.1-recommended": "2.0.2",
        "1.18-latest": "3.2.1",
        "1.18-recommended": "3.2.1",
        "1.18.1-latest": "3.2.1",
        "1.18.1-recommended": "3.2.1",
        "1.18.2-latest": "3.5.10",
        "1.18.2-recommended": "3.5.10",
        "1.19-latest": "4.0.18",
        "1.19-recommended": "4.0.18",
        "1.19.1-latest": "4.2.4",
        "1.19.1-recommended": "4.2.4",
        "1.19.2-latest": "4.4.3",
        "1.19.2-recommended": "4.4.3",
        "1.19.3-latest": "5.0.33",
        "1.19.3-recommended": "5.0.33",
        "1.19.4-latest": "6.0.11",
        "1.19.4-recommended": "6.0.11",
        "1.20-latest": "7.0.9",
        "1.20-recommended": "7.0.9",
        "1.20.1-latest": "8.1.32",
        "1.20.1-recommended": "8.1.32",
        "1.20.4-latest": "20.4.52",
        "1.20.4-recommended": "20.4.52",
        "1.21-latest": "21.0.28",
        "1.21-recommended": "21.0.28",
        "1.21.1-latest": "21.1.38",
        "1.21.1-recommended": "21.1.38",
        "1.21.3-latest": "21.3.21",
        "1.21.3-recommended": "21.3.21",
        "1.21.4-latest": "21.4.13",
        "1.21.4-recommended": "21.4.13",
        "1.21.5-latest": "21.5.12",
        "1.21.5-recommended": "21.5.12",
        "1.21.6-latest": "21.6.6",
        "1.21.6-recommended": "21.6.6",
        "1.21.7-latest": "21.7.1",
        "1.21.7-recommended": "21.7.1",
        "1.21.8-latest": "21.8.6",
        "1.21.8-recommended": "21.8.6"
    }
}
[20Aug2025 20:20:47.021] [Forge Version Check/INFO] [net.minecraftforge.fml.VersionChecker/]: [puzzleslib] Found status: OUTDATED Current: 8.0.24 Target: 8.1.32
[20Aug2025 20:20:47.021] [Forge Version Check/INFO] [net.minecraftforge.fml.VersionChecker/]: [betterf3] Starting version check at https://api.modrinth.com/updates/betterf3/forge_updates.json
[20Aug2025 20:20:47.152] [Forge Version Check/DEBUG] [net.minecraftforge.fml.VersionChecker/]: [betterf3] Received version check data:
{"homepage":"https://modrinth.com/mod/betterf3","promos":{"1.18-recommended":"3.0.0","1.18.2-recommended":"3.0.0","1.20-latest":"7.0.2","1.16.4-recommended":"1.5.0","1.16.4-latest":"1.5.0","1.18.1-pre1-latest":"1.2.2","1.19.2-latest":"4.0.1","1.18.1-pre1-recommended":"1.2.2","1.19.2-recommended":"4.0.1","1.16-latest":"1.5.0","1.20.2-latest":"8.0.3","1.17.1-latest":"2.0.0","1.16.1-latest":"1.5.0","1.20.3-latest":"9.0.2","1.20.3-recommended":"9.0.2","1.20.4-latest":"9.0.2","1.19.1-latest":"4.0.1","1.20.2-recommended":"8.0.3","1.16.3-recommended":"1.5.0","1.16-recommended":"1.5.0","1.20.1-recommended":"7.0.2","1.19-recommended":"4.0.1","1.20.4-recommended":"9.0.2","1.19.3-recommended":"5.1.1","1.16.1-recommended":"1.5.0","1.16.2-latest":"1.5.0","1.21.1-recommended":"11.0.3","1.20-recommended":"7.0.2","1.19.3-latest":"5.1.1","1.19.4-latest":"6.0.3","1.16.5-recommended":"1.5.0","1.16.5-latest":"1.5.0","1.20.1-latest":"7.0.2","1.18-latest":"3.0.0","1.19.4-recommended":"6.0.3","1.19.1-recommended":"4.0.1","1.19-latest":"4.0.1","1.18.2-latest":"3.0.0","1.17-recommended":"2.0.0","1.17-latest":"2.0.0","1.16.2-recommended":"1.5.0","1.18.1-latest":"3.0.0","1.18.1-recommended":"3.0.0","1.16.3-latest":"1.5.0","1.21.1-latest":"11.0.3","1.17.1-recommended":"2.0.0"}}
[20Aug2025 20:20:47.153] [Forge Version Check/INFO] [net.minecraftforge.fml.VersionChecker/]: [betterf3] Found status: UP_TO_DATE Current: 7.0.2 Target: null
[20Aug2025 20:20:47.153] [Forge Version Check/INFO] [net.minecraftforge.fml.VersionChecker/]: [overflowingbars] Starting version check at https://raw.githubusercontent.com/Fuzss/modresources/main/update/overflowingbars.json
[20Aug2025 20:20:47.159] [Forge Version Check/DEBUG] [net.minecraftforge.fml.VersionChecker/]: [overflowingbars] Received version check data:
{
    "homepage": "https://github.com/Fuzss/overflowingbars",
    "promos": {
        "1.19.2-latest": "4.0.1",
        "1.19.2-recommended": "4.0.1",
        "1.19.3-latest": "5.0.0",
        "1.19.3-recommended": "5.0.0",
        "1.19.4-latest": "6.0.0",
        "1.19.4-recommended": "6.0.0",
        "1.20-latest": "7.0.0",
        "1.20-recommended": "7.0.0",
        "1.20.1-latest": "8.0.1",
        "1.20.1-recommended": "8.0.1",
        "1.18.2-latest": "3.0.0",
        "1.18.2-recommended": "3.0.0",
        "1.20.4-latest": "20.4.0",
        "1.20.4-recommended": "20.4.0",
        "1.21.1-latest": "21.1.1",
        "1.21.1-recommended": "21.1.1",
        "1.21.3-latest": "21.3.0",
        "1.21.3-recommended": "21.3.0",
        "1.21.4-latest": "21.4.0",
        "1.21.4-recommended": "21.4.0",
        "1.21.5-latest": "21.5.0",
        "1.21.5-recommended": "21.5.0",
        "1.21.6-latest": "21.6.0",
        "1.21.6-recommended": "21.6.0",
        "1.21.7-latest": "21.7.0",
        "1.21.7-recommended": "21.7.0",
        "1.21.8-latest": "21.8.0",
        "1.21.8-recommended": "21.8.0"
    }
}
[20Aug2025 20:20:47.160] [Forge Version Check/INFO] [net.minecraftforge.fml.VersionChecker/]: [overflowingbars] Found status: UP_TO_DATE Current: 8.0.1 Target: null
[20Aug2025 20:20:47.368] [main/INFO] [com.mojang.authlib.yggdrasil.YggdrasilAuthenticationService/]: Environment: authHost='https://authserver.mojang.com', accountsHost='https://api.mojang.com', sessionHost='https://sessionserver.mojang.com', servicesHost='https://api.minecraftservices.com', name='PROD'
[20Aug2025 20:20:48.939] [main/DEBUG] [mixin/]: Mixing VanillaPackResourcesAccessor from creativecore.mixins.json into net.minecraft.server.packs.VanillaPackResources
[20Aug2025 20:20:48.945] [main/WARN] [net.minecraft.server.packs.VanillaPackResourcesBuilder/]: Assets URL 'union:/workspaces/Los-Parceritos/servidor_minecraft/libraries/net/minecraft/server/1.20.1-20230612.114412/server-1.20.1-20230612.114412-srg.jar%23299!/assets/.mcassetsroot' uses unexpected schema
[20Aug2025 20:20:48.948] [main/WARN] [net.minecraft.server.packs.VanillaPackResourcesBuilder/]: Assets URL 'union:/workspaces/Los-Parceritos/servidor_minecraft/libraries/net/minecraft/server/1.20.1-20230612.114412/server-1.20.1-20230612.114412-srg.jar%23299!/data/.mcassetsroot' uses unexpected schema
[20Aug2025 20:20:48.980] [main/DEBUG] [mixin/]: Mixing ServerPlayerGameModeMixin from mixins.improvableskills.json into net.minecraft.server.level.ServerPlayerGameMode
[20Aug2025 20:20:48.995] [main/DEBUG] [Cristel Lib/]: Runtime Pack has no data
[20Aug2025 20:20:48.998] [main/DEBUG] [net.minecraftforge.server.ServerLifecycleHooks/CORE]: Generating PackInfo named mod:kuma_api for mod file 
[20Aug2025 20:20:48.998] [main/DEBUG] [net.minecraftforge.server.ServerLifecycleHooks/CORE]: Generating PackInfo named mod:botarium for mod file /workspaces/Los-Parceritos/servidor_minecraft/mods/botarium-forge-1.20.1-2.2.0.jar
[20Aug2025 20:20:48.998] [main/DEBUG] [net.minecraftforge.server.ServerLifecycleHooks/CORE]: Generating PackInfo named mod:subtle_effects for mod file /workspaces/Los-Parceritos/servidor_minecraft/mods/SubtleEffects-forge-1.20.1-1.10.0.jar
[20Aug2025 20:20:48.998] [main/DEBUG] [net.minecraftforge.server.ServerLifecycleHooks/CORE]: Generating PackInfo named mod:hammerlib for mod file /workspaces/Los-Parceritos/servidor_minecraft/mods/HammerLib-1.20.1-20.1.32.jar
[20Aug2025 20:20:48.999] [main/DEBUG] [net.minecraftforge.server.ServerLifecycleHooks/CORE]: Generating PackInfo named mod:tipsmod for mod file /workspaces/Los-Parceritos/servidor_minecraft/mods/Tips-Forge-1.20.1-12.0.4.jar
[20Aug2025 20:20:48.999] [main/DEBUG] [net.minecraftforge.server.ServerLifecycleHooks/CORE]: Generating PackInfo named mod:sophisticatedcore for mod file /workspaces/Los-Parceritos/servidor_minecraft/mods/sophisticatedcore-1.20.1-0.6.17.595.jar
[20Aug2025 20:20:48.999] [main/DEBUG] [net.minecraftforge.server.ServerLifecycleHooks/CORE]: Generating PackInfo named mod:prism for mod file /workspaces/Los-Parceritos/servidor_minecraft/mods/Prism-1.20.1-forge-1.0.3.jar
[20Aug2025 20:20:48.999] [main/DEBUG] [net.minecraftforge.server.ServerLifecycleHooks/CORE]: Generating PackInfo named mod:placebo for mod file /workspaces/Los-Parceritos/servidor_minecraft/mods/Placebo-1.20.1-8.6.2.jar
[20Aug2025 20:20:48.999] [main/DEBUG] [net.minecraftforge.server.ServerLifecycleHooks/CORE]: Generating PackInfo named mod:citadel for mod file /workspaces/Los-Parceritos/servidor_minecraft/mods/citadel-2.6.0-1.20.1.jar
[20Aug2025 20:20:49.000] [main/DEBUG] [net.minecraftforge.server.ServerLifecycleHooks/CORE]: Generating PackInfo named mod:alexsmobs for mod file /workspaces/Los-Parceritos/servidor_minecraft/mods/alexsmobs-1.22.9.jar
[20Aug2025 20:20:49.000] [main/DEBUG] [net.minecraftforge.server.ServerLifecycleHooks/CORE]: Generating PackInfo named mod:yungsapi for mod file /workspaces/Los-Parceritos/servidor_minecraft/mods/YungsApi-1.20-Forge-4.0.1.jar
[20Aug2025 20:20:49.000] [main/DEBUG] [net.minecraftforge.server.ServerLifecycleHooks/CORE]: Generating PackInfo named mod:mixinextras for mod file 
[20Aug2025 20:20:49.000] [main/DEBUG] [net.minecraftforge.server.ServerLifecycleHooks/CORE]: Generating PackInfo named mod:bookshelf for mod file /workspaces/Los-Parceritos/servidor_minecraft/mods/Bookshelf-Forge-1.20.1-20.2.13.jar
[20Aug2025 20:20:49.001] [main/DEBUG] [net.minecraftforge.server.ServerLifecycleHooks/CORE]: Generating PackInfo named mod:sophisticatedbackpacks for mod file /workspaces/Los-Parceritos/servidor_minecraft/mods/sophisticatedbackpacks-1.20.1-3.20.5.1044.jar
[20Aug2025 20:20:49.001] [main/DEBUG] [net.minecraftforge.server.ServerLifecycleHooks/CORE]: Generating PackInfo named mod:mcwdoors for mod file /workspaces/Los-Parceritos/servidor_minecraft/mods/mcw-doors-1.1.2-mc1.20.1forge.jar
[20Aug2025 20:20:49.001] [main/DEBUG] [net.minecraftforge.server.ServerLifecycleHooks/CORE]: Generating PackInfo named mod:pickupnotifier for mod file /workspaces/Los-Parceritos/servidor_minecraft/mods/PickUpNotifier-v8.0.0-1.20.1-Forge.jar
[20Aug2025 20:20:49.001] [main/DEBUG] [net.minecraftforge.server.ServerLifecycleHooks/CORE]: Generating PackInfo named mod:minetraps for mod file /workspaces/Los-Parceritos/servidor_minecraft/mods/MineTraps-1.20.2-(v.2.3.0a).jar
[20Aug2025 20:20:49.001] [main/DEBUG] [net.minecraftforge.server.ServerLifecycleHooks/CORE]: Generating PackInfo named mod:balm for mod file /workspaces/Los-Parceritos/servidor_minecraft/mods/balm-forge-1.20.1-7.3.28-all.jar
[20Aug2025 20:20:49.001] [main/DEBUG] [net.minecraftforge.server.ServerLifecycleHooks/CORE]: Generating PackInfo named mod:carryon for mod file /workspaces/Los-Parceritos/servidor_minecraft/mods/carryon-forge-1.20.1-2.1.2.7.jar
[20Aug2025 20:20:49.002] [main/DEBUG] [net.minecraftforge.server.ServerLifecycleHooks/CORE]: Generating PackInfo named mod:chat_heads for mod file /workspaces/Los-Parceritos/servidor_minecraft/mods/chat_heads-0.13.18-forge-1.20.jar
[20Aug2025 20:20:49.002] [main/DEBUG] [net.minecraftforge.server.ServerLifecycleHooks/CORE]: Generating PackInfo named mod:shieldexp for mod file /workspaces/Los-Parceritos/servidor_minecraft/mods/ShieldExpansion-1.20.1-1.1.7.jar
[20Aug2025 20:20:49.002] [main/DEBUG] [net.minecraftforge.server.ServerLifecycleHooks/CORE]: Generating PackInfo named mod:betterfortresses for mod file /workspaces/Los-Parceritos/servidor_minecraft/mods/YungsBetterNetherFortresses-1.20-Forge-2.0.6.jar
[20Aug2025 20:20:49.002] [main/DEBUG] [net.minecraftforge.server.ServerLifecycleHooks/CORE]: Generating PackInfo named mod:paraglider for mod file /workspaces/Los-Parceritos/servidor_minecraft/mods/Paraglider-1.20.1-1.9.0.0.jar
[20Aug2025 20:20:49.002] [main/DEBUG] [net.minecraftforge.server.ServerLifecycleHooks/CORE]: Generating PackInfo named mod:cloth_config for mod file /workspaces/Los-Parceritos/servidor_minecraft/mods/cloth-config-11.0.99-forge.jar
[20Aug2025 20:20:49.002] [main/DEBUG] [net.minecraftforge.server.ServerLifecycleHooks/CORE]: Generating PackInfo named mod:stackrefill for mod file /workspaces/Los-Parceritos/servidor_minecraft/mods/stackrefill-1.20.1-4.4.jar
[20Aug2025 20:20:49.002] [main/DEBUG] [net.minecraftforge.server.ServerLifecycleHooks/CORE]: Generating PackInfo named mod:ctov for mod file /workspaces/Los-Parceritos/servidor_minecraft/mods/[forge]ctov-3.4.14.jar
[20Aug2025 20:20:49.002] [main/DEBUG] [net.minecraftforge.server.ServerLifecycleHooks/CORE]: Generating PackInfo named mod:fzzy_config for mod file /workspaces/Los-Parceritos/servidor_minecraft/mods/fzzy_config-0.7.1+1.20.1+forge.jar
[20Aug2025 20:20:49.003] [main/DEBUG] [net.minecraftforge.server.ServerLifecycleHooks/CORE]: Generating PackInfo named mod:konkrete for mod file /workspaces/Los-Parceritos/servidor_minecraft/mods/konkrete_forge_1.8.0_MC_1.20-1.20.1.jar
[20Aug2025 20:20:49.003] [main/DEBUG] [net.minecraftforge.server.ServerLifecycleHooks/CORE]: Generating PackInfo named mod:advancementplaques for mod file /workspaces/Los-Parceritos/servidor_minecraft/mods/AdvancementPlaques-1.20.1-forge-1.6.7.jar
[20Aug2025 20:20:49.003] [main/DEBUG] [net.minecraftforge.server.ServerLifecycleHooks/CORE]: Generating PackInfo named mod:betterpingdisplay for mod file /workspaces/Los-Parceritos/servidor_minecraft/mods/BetterPingDisplay-1.20.1-1.1.jar
[20Aug2025 20:20:49.004] [main/DEBUG] [net.minecraftforge.server.ServerLifecycleHooks/CORE]: Generating PackInfo named mod:mcwbridges for mod file /workspaces/Los-Parceritos/servidor_minecraft/mods/mcw-bridges-3.1.0-mc1.20.1forge.jar
[20Aug2025 20:20:49.004] [main/DEBUG] [net.minecraftforge.server.ServerLifecycleHooks/CORE]: Generating PackInfo named mod:mr_serversleep for mod file /workspaces/Los-Parceritos/servidor_minecraft/mods/serversleep-mod.jar
[20Aug2025 20:20:49.004] [main/DEBUG] [net.minecraftforge.server.ServerLifecycleHooks/CORE]: Generating PackInfo named mod:explorify for mod file /workspaces/Los-Parceritos/servidor_minecraft/mods/Explorify v1.6.2 f10-48.jar
[20Aug2025 20:20:49.005] [main/DEBUG] [net.minecraftforge.server.ServerLifecycleHooks/CORE]: Generating PackInfo named mod:supermartijn642corelib for mod file /workspaces/Los-Parceritos/servidor_minecraft/mods/supermartijn642corelib-1.1.18-forge-mc1.20.1.jar
[20Aug2025 20:20:49.005] [main/DEBUG] [net.minecraftforge.server.ServerLifecycleHooks/CORE]: Generating PackInfo named mod:yungsbridges for mod file /workspaces/Los-Parceritos/servidor_minecraft/mods/YungsBridges-1.20-Forge-4.0.3.jar
[20Aug2025 20:20:49.005] [main/DEBUG] [net.minecraftforge.server.ServerLifecycleHooks/CORE]: Generating PackInfo named mod:resourcefulconfig for mod file /workspaces/Los-Parceritos/servidor_minecraft/mods/resourcefulconfig-forge-1.20.1-2.1.1.jar
[20Aug2025 20:20:49.006] [main/DEBUG] [net.minecraftforge.server.ServerLifecycleHooks/CORE]: Generating PackInfo named mod:lionfishapi for mod file /workspaces/Los-Parceritos/servidor_minecraft/mods/lionfishapi-2.4-Fix.jar
[20Aug2025 20:20:49.006] [main/DEBUG] [net.minecraftforge.server.ServerLifecycleHooks/CORE]: Generating PackInfo named mod:highlighter for mod file /workspaces/Los-Parceritos/servidor_minecraft/mods/Highlighter-1.20.1-forge-1.1.9.jar
[20Aug2025 20:20:49.006] [main/DEBUG] [net.minecraftforge.server.ServerLifecycleHooks/CORE]: Generating PackInfo named mod:improvableskills for mod file /workspaces/Los-Parceritos/servidor_minecraft/mods/ImprovableSkills-1.20.1-20.1.11.jar
[20Aug2025 20:20:49.007] [main/DEBUG] [net.minecraftforge.server.ServerLifecycleHooks/CORE]: Generating PackInfo named mod:curios for mod file /workspaces/Los-Parceritos/servidor_minecraft/mods/curios-forge-5.8.1+1.20.1.jar
[20Aug2025 20:20:49.007] [main/DEBUG] [net.minecraftforge.server.ServerLifecycleHooks/CORE]: Generating PackInfo named mod:collective for mod file /workspaces/Los-Parceritos/servidor_minecraft/mods/collective-1.20.1-7.91.jar
[20Aug2025 20:20:49.007] [main/DEBUG] [net.minecraftforge.server.ServerLifecycleHooks/CORE]: Generating PackInfo named mod:camera for mod file /workspaces/Los-Parceritos/servidor_minecraft/mods/camera-forge-1.20.1-1.0.19.jar
[20Aug2025 20:20:49.008] [main/DEBUG] [net.minecraftforge.server.ServerLifecycleHooks/CORE]: Generating PackInfo named mod:mr_dungeons_andtaverns for mod file /workspaces/Los-Parceritos/servidor_minecraft/mods/dungeons-and-taverns-3.0.3.f[Forge].jar
[20Aug2025 20:20:49.008] [main/DEBUG] [net.minecraftforge.server.ServerLifecycleHooks/CORE]: Generating PackInfo named mod:gobber2 for mod file /workspaces/Los-Parceritos/servidor_minecraft/mods/Gobber2-Forge-1.20.1-2.8.9.jar
[20Aug2025 20:20:49.008] [main/DEBUG] [net.minecraftforge.server.ServerLifecycleHooks/CORE]: Generating PackInfo named mod:betterstrongholds for mod file /workspaces/Los-Parceritos/servidor_minecraft/mods/YungsBetterStrongholds-1.20-Forge-4.0.3.jar
[20Aug2025 20:20:49.008] [main/DEBUG] [net.minecraftforge.server.ServerLifecycleHooks/CORE]: Generating PackInfo named mod:tombstone for mod file /workspaces/Los-Parceritos/servidor_minecraft/mods/tombstone-1.20.1-9.0.2.jar
[20Aug2025 20:20:49.009] [main/DEBUG] [net.minecraftforge.server.ServerLifecycleHooks/CORE]: Generating PackInfo named mod:architectury for mod file /workspaces/Los-Parceritos/servidor_minecraft/mods/architectury-9.1.10-forge.jar
[20Aug2025 20:20:49.009] [main/DEBUG] [net.minecraftforge.server.ServerLifecycleHooks/CORE]: Generating PackInfo named mod:aiimprovements for mod file /workspaces/Los-Parceritos/servidor_minecraft/mods/AI-Improvements-1.20-0.5.2.jar
[20Aug2025 20:20:49.009] [main/DEBUG] [net.minecraftforge.server.ServerLifecycleHooks/CORE]: Generating PackInfo named mod:globalxp for mod file /workspaces/Los-Parceritos/servidor_minecraft/mods/globalxp-forge-1.20.1-1.11.jar
[20Aug2025 20:20:49.009] [main/DEBUG] [net.minecraftforge.server.ServerLifecycleHooks/CORE]: Generating PackInfo named mod:cupboard for mod file /workspaces/Los-Parceritos/servidor_minecraft/mods/cupboard-1.20.1-2.5.jar
[20Aug2025 20:20:49.009] [main/DEBUG] [net.minecraftforge.server.ServerLifecycleHooks/CORE]: Generating PackInfo named mod:transition for mod file 
[20Aug2025 20:20:49.009] [main/DEBUG] [net.minecraftforge.server.ServerLifecycleHooks/CORE]: Generating PackInfo named mod:refurbished_furniture for mod file /workspaces/Los-Parceritos/servidor_minecraft/mods/refurbished_furniture-forge-1.20.1-1.0.12.jar
[20Aug2025 20:20:49.009] [main/DEBUG] [net.minecraftforge.server.ServerLifecycleHooks/CORE]: Generating PackInfo named mod:betterendisland for mod file /workspaces/Los-Parceritos/servidor_minecraft/mods/YungsBetterEndIsland-1.20-Forge-2.0.6.jar
[20Aug2025 20:20:49.010] [main/DEBUG] [net.minecraftforge.server.ServerLifecycleHooks/CORE]: Generating PackInfo named mod:framework for mod file /workspaces/Los-Parceritos/servidor_minecraft/mods/framework-forge-1.20.1-0.7.12.jar
[20Aug2025 20:20:49.010] [main/DEBUG] [net.minecraftforge.server.ServerLifecycleHooks/CORE]: Generating PackInfo named mod:t_and_t for mod file /workspaces/Los-Parceritos/servidor_minecraft/mods/Towns-and-Towers-1.12-Fabric+Forge.jar
[20Aug2025 20:20:49.010] [main/DEBUG] [net.minecraftforge.server.ServerLifecycleHooks/CORE]: Generating PackInfo named mod:playerrevive for mod file /workspaces/Los-Parceritos/servidor_minecraft/mods/PlayerRevive_FORGE_v2.0.31_mc1.20.1.jar
[20Aug2025 20:20:49.010] [main/DEBUG] [net.minecraftforge.server.ServerLifecycleHooks/CORE]: Generating PackInfo named mod:enchantinginfuser for mod file /workspaces/Los-Parceritos/servidor_minecraft/mods/EnchantingInfuser-v8.0.2-1.20.1-Forge.jar
[20Aug2025 20:20:49.010] [main/DEBUG] [net.minecraftforge.server.ServerLifecycleHooks/CORE]: Generating PackInfo named mod:mcwlights for mod file /workspaces/Los-Parceritos/servidor_minecraft/mods/mcw-lights-1.1.2-mc1.20.1forge.jar
[20Aug2025 20:20:49.011] [main/DEBUG] [net.minecraftforge.server.ServerLifecycleHooks/CORE]: Generating PackInfo named mod:doubledoors for mod file /workspaces/Los-Parceritos/servidor_minecraft/mods/doubledoors-1.20.1-6.2.jar
[20Aug2025 20:20:49.011] [main/DEBUG] [net.minecraftforge.server.ServerLifecycleHooks/CORE]: Generating PackInfo named mod:fastload for mod file /workspaces/Los-Parceritos/servidor_minecraft/mods/Fastload-Reforged-mc1.20.1-3.4.0.jar
[20Aug2025 20:20:49.011] [main/DEBUG] [net.minecraftforge.server.ServerLifecycleHooks/CORE]: Generating PackInfo named mod:mca for mod file /workspaces/Los-Parceritos/servidor_minecraft/mods/minecraft-comes-alive-7.5.14+1.20.1-universal.jar
[20Aug2025 20:20:49.011] [main/DEBUG] [net.minecraftforge.server.ServerLifecycleHooks/CORE]: Generating PackInfo named mod:jei for mod file /workspaces/Los-Parceritos/servidor_minecraft/mods/jei-1.20.1-forge-15.20.0.112.jar
[20Aug2025 20:20:49.011] [main/DEBUG] [net.minecraftforge.server.ServerLifecycleHooks/CORE]: Generating PackInfo named mod:lithostitched for mod file /workspaces/Los-Parceritos/servidor_minecraft/mods/lithostitched-forge-1.20.1-1.4.jar
[20Aug2025 20:20:49.012] [main/DEBUG] [net.minecraftforge.server.ServerLifecycleHooks/CORE]: Generating PackInfo named mod:goblintraders for mod file /workspaces/Los-Parceritos/servidor_minecraft/mods/goblintraders-forge-1.20.1-1.9.3.jar
[20Aug2025 20:20:49.012] [main/DEBUG] [net.minecraftforge.server.ServerLifecycleHooks/CORE]: Generating PackInfo named mod:trender for mod file 
[20Aug2025 20:20:49.012] [main/DEBUG] [net.minecraftforge.server.ServerLifecycleHooks/CORE]: Generating PackInfo named mod:waystones for mod file /workspaces/Los-Parceritos/servidor_minecraft/mods/waystones-forge-1.20.1-14.1.13.jar
[20Aug2025 20:20:49.012] [main/DEBUG] [net.minecraftforge.server.ServerLifecycleHooks/CORE]: Generating PackInfo named mod:structory for mod file /workspaces/Los-Parceritos/servidor_minecraft/mods/Structory_1.20.x_v1.3.5.jar
[20Aug2025 20:20:49.012] [main/DEBUG] [net.minecraftforge.server.ServerLifecycleHooks/CORE]: Generating PackInfo named mod:clumps for mod file /workspaces/Los-Parceritos/servidor_minecraft/mods/Clumps-forge-1.20.1-12.0.0.4.jar
[20Aug2025 20:20:49.013] [main/DEBUG] [net.minecraftforge.server.ServerLifecycleHooks/CORE]: Generating PackInfo named mod:journeymap for mod file /workspaces/Los-Parceritos/servidor_minecraft/mods/journeymap-1.20.1-5.10.3-forge.jar
[20Aug2025 20:20:49.013] [main/DEBUG] [net.minecraftforge.server.ServerLifecycleHooks/CORE]: Generating PackInfo named mod:artifacts for mod file /workspaces/Los-Parceritos/servidor_minecraft/mods/artifacts-forge-9.5.11.jar
[20Aug2025 20:20:49.013] [main/DEBUG] [net.minecraftforge.server.ServerLifecycleHooks/CORE]: Generating PackInfo named mod:mr_lukis_grandcapitals for mod file /workspaces/Los-Parceritos/servidor_minecraft/mods/lukis-grand-capitals-1.1.1.jar
[20Aug2025 20:20:49.014] [main/DEBUG] [net.minecraftforge.server.ServerLifecycleHooks/CORE]: Generating PackInfo named mod:glitchcore for mod file /workspaces/Los-Parceritos/servidor_minecraft/mods/GlitchCore-forge-1.20.1-0.0.1.0.jar
[20Aug2025 20:20:49.014] [main/DEBUG] [net.minecraftforge.server.ServerLifecycleHooks/CORE]: Generating PackInfo named mod:fusion for mod file /workspaces/Los-Parceritos/servidor_minecraft/mods/fusion-1.1.0-forge-mc1.20.1.jar
[20Aug2025 20:20:49.014] [main/DEBUG] [net.minecraftforge.server.ServerLifecycleHooks/CORE]: Generating PackInfo named mod:skinlayers3d for mod file /workspaces/Los-Parceritos/servidor_minecraft/mods/skinlayers3d-forge-1.8.1-mc1.20.1.jar
[20Aug2025 20:20:49.014] [main/DEBUG] [net.minecraftforge.server.ServerLifecycleHooks/CORE]: Generating PackInfo named mod:forge for mod file /workspaces/Los-Parceritos/servidor_minecraft/libraries/net/minecraftforge/forge/1.20.1-47.3.7/forge-1.20.1-47.3.7-universal.jar
[20Aug2025 20:20:49.014] [main/DEBUG] [net.minecraftforge.server.ServerLifecycleHooks/CORE]: Generating PackInfo named mod:tlskincape for mod file /workspaces/Los-Parceritos/servidor_minecraft/mods/tl_skin_cape_forge_1.20_1.20.1-1.32.jar
[20Aug2025 20:20:49.014] [main/DEBUG] [net.minecraftforge.server.ServerLifecycleHooks/CORE]: Generating PackInfo named mod:infernalmobs for mod file /workspaces/Los-Parceritos/servidor_minecraft/mods/infernalmobs-1.20.1.10.jar
[20Aug2025 20:20:49.014] [main/DEBUG] [net.minecraftforge.server.ServerLifecycleHooks/CORE]: Generating PackInfo named mod:dungeons_arise for mod file /workspaces/Los-Parceritos/servidor_minecraft/mods/DungeonsArise-1.20.x-2.1.58-release.jar
[20Aug2025 20:20:49.015] [main/DEBUG] [net.minecraftforge.server.ServerLifecycleHooks/CORE]: Generating PackInfo named mod:useless_sword for mod file /workspaces/Los-Parceritos/servidor_minecraft/mods/useless-sword-furtos-edition-1.20.1-1.0.1.jar
[20Aug2025 20:20:49.015] [main/DEBUG] [net.minecraftforge.server.ServerLifecycleHooks/CORE]: Generating PackInfo named mod:sons_of_sins for mod file /workspaces/Los-Parceritos/servidor_minecraft/mods/sons-of-sins-1.20.1-2.1.4b.jar
[20Aug2025 20:20:49.015] [main/DEBUG] [net.minecraftforge.server.ServerLifecycleHooks/CORE]: Generating PackInfo named mod:enchdesc for mod file /workspaces/Los-Parceritos/servidor_minecraft/mods/EnchantmentDescriptions-Forge-1.20.1-17.1.18.jar
[20Aug2025 20:20:49.015] [main/DEBUG] [net.minecraftforge.server.ServerLifecycleHooks/CORE]: Generating PackInfo named mod:terrablender for mod file /workspaces/Los-Parceritos/servidor_minecraft/mods/TerraBlender-forge-1.20.1-3.0.1.7.jar
[20Aug2025 20:20:49.015] [main/DEBUG] [net.minecraftforge.server.ServerLifecycleHooks/CORE]: Generating PackInfo named mod:jade for mod file /workspaces/Los-Parceritos/servidor_minecraft/mods/Jade-1.20.1-Forge-11.13.1.jar
[20Aug2025 20:20:49.015] [main/DEBUG] [net.minecraftforge.server.ServerLifecycleHooks/CORE]: Generating PackInfo named mod:creativecore for mod file /workspaces/Los-Parceritos/servidor_minecraft/mods/CreativeCore_FORGE_v2.12.32_mc1.20.1.jar
[20Aug2025 20:20:49.015] [main/DEBUG] [net.minecraftforge.server.ServerLifecycleHooks/CORE]: Generating PackInfo named mod:kotlinforforge for mod file 
[20Aug2025 20:20:49.016] [main/DEBUG] [net.minecraftforge.server.ServerLifecycleHooks/CORE]: Generating PackInfo named mod:notenoughanimations for mod file /workspaces/Los-Parceritos/servidor_minecraft/mods/notenoughanimations-forge-1.10.1-mc1.20.1.jar
[20Aug2025 20:20:49.016] [main/DEBUG] [net.minecraftforge.server.ServerLifecycleHooks/CORE]: Generating PackInfo named mod:iceberg for mod file /workspaces/Los-Parceritos/servidor_minecraft/mods/Iceberg-1.20.1-forge-1.1.21.jar
[20Aug2025 20:20:49.016] [main/DEBUG] [net.minecraftforge.server.ServerLifecycleHooks/CORE]: Generating PackInfo named mod:brutalbosses for mod file /workspaces/Los-Parceritos/servidor_minecraft/mods/brutalbosses-1.20.1-8.0.jar
[20Aug2025 20:20:49.016] [main/DEBUG] [net.minecraftforge.server.ServerLifecycleHooks/CORE]: Generating PackInfo named mod:fastbench for mod file /workspaces/Los-Parceritos/servidor_minecraft/mods/FastWorkbench-1.20.1-8.0.4.jar
[20Aug2025 20:20:49.016] [main/DEBUG] [net.minecraftforge.server.ServerLifecycleHooks/CORE]: Generating PackInfo named mod:securitycraft for mod file /workspaces/Los-Parceritos/servidor_minecraft/mods/[1.20.1] SecurityCraft v1.10.0.1.jar
[20Aug2025 20:20:49.017] [main/DEBUG] [net.minecraftforge.server.ServerLifecycleHooks/CORE]: Generating PackInfo named mod:coroutil for mod file /workspaces/Los-Parceritos/servidor_minecraft/mods/coroutil-forge-1.20.1-1.3.7.jar
[20Aug2025 20:20:49.017] [main/DEBUG] [net.minecraftforge.server.ServerLifecycleHooks/CORE]: Generating PackInfo named mod:fastfurnace for mod file /workspaces/Los-Parceritos/servidor_minecraft/mods/FastFurnace-1.20.1-8.0.2.jar
[20Aug2025 20:20:49.017] [main/DEBUG] [net.minecraftforge.server.ServerLifecycleHooks/CORE]: Generating PackInfo named mod:appleskin for mod file /workspaces/Los-Parceritos/servidor_minecraft/mods/appleskin-forge-mc1.20.1-2.5.1.jar
[20Aug2025 20:20:49.017] [main/DEBUG] [net.minecraftforge.server.ServerLifecycleHooks/CORE]: Generating PackInfo named mod:ferritecore for mod file /workspaces/Los-Parceritos/servidor_minecraft/mods/ferritecore-6.0.1-forge.jar
[20Aug2025 20:20:49.017] [main/DEBUG] [net.minecraftforge.server.ServerLifecycleHooks/CORE]: Generating PackInfo named mod:connectedglass for mod file /workspaces/Los-Parceritos/servidor_minecraft/mods/connectedglass-1.1.11-forge-mc1.20.1.jar
[20Aug2025 20:20:49.017] [main/DEBUG] [net.minecraftforge.server.ServerLifecycleHooks/CORE]: Generating PackInfo named mod:puzzleslib for mod file /workspaces/Los-Parceritos/servidor_minecraft/mods/PuzzlesLib-v8.0.24-1.20.1-Forge.jar
[20Aug2025 20:20:49.018] [main/DEBUG] [net.minecraftforge.server.ServerLifecycleHooks/CORE]: Generating PackInfo named mod:justzoom for mod file /workspaces/Los-Parceritos/servidor_minecraft/mods/justzoom_forge_2.1.1_MC_1.20.1.jar
[20Aug2025 20:20:49.018] [main/DEBUG] [net.minecraftforge.server.ServerLifecycleHooks/CORE]: Generating PackInfo named mod:betterf3 for mod file /workspaces/Los-Parceritos/servidor_minecraft/mods/BetterF3-7.0.2-Forge-1.20.1.jar
[20Aug2025 20:20:49.018] [main/DEBUG] [net.minecraftforge.server.ServerLifecycleHooks/CORE]: Generating PackInfo named mod:expandability for mod file 
[20Aug2025 20:20:49.018] [main/DEBUG] [net.minecraftforge.server.ServerLifecycleHooks/CORE]: Generating PackInfo named mod:overflowingbars for mod file /workspaces/Los-Parceritos/servidor_minecraft/mods/OverflowingBars-v8.0.1-1.20.1-Forge.jar
[20Aug2025 20:20:49.018] [main/DEBUG] [net.minecraftforge.server.ServerLifecycleHooks/CORE]: Generating PackInfo named mod:drinkbeer for mod file /workspaces/Los-Parceritos/servidor_minecraft/mods/drinkbeer-refill-1.20.1-1.0.4.b.jar
[20Aug2025 20:20:49.018] [main/DEBUG] [net.minecraftforge.server.ServerLifecycleHooks/CORE]: Generating PackInfo named mod:cristellib for mod file /workspaces/Los-Parceritos/servidor_minecraft/mods/cristellib-forge-1.1.0.jar
[20Aug2025 20:20:50.209] [main/DEBUG] [mixin/]: Mixing PrimaryLevelDataMixin from betterendisland.mixins.json into net.minecraft.world.level.storage.PrimaryLevelData
[20Aug2025 20:20:50.213] [main/DEBUG] [mixin/]: Mixing MixinPrimaryLevelData from terrablender.mixins.json into net.minecraft.world.level.storage.PrimaryLevelData
[20Aug2025 20:20:50.213] [main/DEBUG] [mixin/]: Mixing PrimaryLevelDataMixin from collective_forge.mixins.json into net.minecraft.world.level.storage.PrimaryLevelData
[20Aug2025 20:20:50.230] [main/DEBUG] [mixin/]: Mixing EndDragonFightMixin from betterendisland.mixins.json into net.minecraft.world.level.dimension.end.EndDragonFight
[20Aug2025 20:20:50.231] [main/DEBUG] [mixin/]: Renaming synthetic method lambda$betterendisland$setDragonRespawnStage$6(Lnet/minecraft/util/RandomSource;FLnet/minecraft/core/BlockPos;)V to md7b373c$lambda$betterendisland$setDragonRespawnStage$6$0 in betterendisland.mixins.json:EndDragonFightMixin
[20Aug2025 20:20:50.231] [main/DEBUG] [mixin/]: Renaming synthetic method lambda$betterendisland$setDragonRespawnStage$5(FLjava/lang/Integer;)V to md7b373c$lambda$betterendisland$setDragonRespawnStage$5$1 in betterendisland.mixins.json:EndDragonFightMixin
[20Aug2025 20:20:50.231] [main/DEBUG] [mixin/]: Renaming synthetic method lambda$betterendisland$setDragonRespawnStage$4(Lnet/minecraft/util/RandomSource;FLnet/minecraft/core/BlockPos;)V to md7b373c$lambda$betterendisland$setDragonRespawnStage$4$2 in betterendisland.mixins.json:EndDragonFightMixin
[20Aug2025 20:20:50.231] [main/DEBUG] [mixin/]: Renaming synthetic method lambda$betterendisland$setDragonRespawnStage$3(Lnet/minecraft/server/level/ServerPlayer;)V to md7b373c$lambda$betterendisland$setDragonRespawnStage$3$3 in betterendisland.mixins.json:EndDragonFightMixin
[20Aug2025 20:20:50.232] [main/DEBUG] [mixin/]: Renaming synthetic method lambda$betterendisland_setDragonKilled$2(ILnet/minecraft/world/level/levelgen/feature/SpikeFeature$EndSpike;)V to md7b373c$lambda$betterendisland_setDragonKilled$2$4 in betterendisland.mixins.json:EndDragonFightMixin
[20Aug2025 20:20:50.232] [main/DEBUG] [mixin/]: Renaming synthetic method lambda$betterendisland$reset$1(Lnet/minecraft/core/BlockPos;)V to md7b373c$lambda$betterendisland$reset$1$5 in betterendisland.mixins.json:EndDragonFightMixin
[20Aug2025 20:20:50.232] [main/DEBUG] [mixin/]: Renaming synthetic method lambda$betterendisland$reset$0(Lnet/minecraft/world/level/levelgen/feature/SpikeFeature$EndSpike;)V to md7b373c$lambda$betterendisland$reset$0$6 in betterendisland.mixins.json:EndDragonFightMixin
[20Aug2025 20:20:50.265] [main/DEBUG] [mixin/]: Mixing MixinDragonFightManager from assets/paraglider/mixin.json into net.minecraft.world.level.dimension.end.EndDragonFight
[20Aug2025 20:20:50.302] [main/DEBUG] [mixin/]: Mixing LootTablesMixin from placebo.mixins.json into net.minecraft.world.level.storage.loot.LootDataManager
[20Aug2025 20:20:50.302] [main/DEBUG] [mixin/]: Renaming synthetic method lambda$apply$0(Lnet/minecraft/world/level/storage/loot/LootDataId;Lnet/minecraft/world/level/storage/loot/LootTable;)V to md7b373c$lambda$apply$0$0 in placebo.mixins.json:LootTablesMixin
[20Aug2025 20:20:50.307] [main/DEBUG] [mixin/]: Mixing MixinLootDataManager from architectury.mixins.json into net.minecraft.world.level.storage.loot.LootDataManager
[20Aug2025 20:20:50.308] [main/DEBUG] [mixin/]: Mixing LootDataManagerForgeMixin from puzzleslib.forge.mixins.json into net.minecraft.world.level.storage.loot.LootDataManager
[20Aug2025 20:20:50.326] [main/DEBUG] [mixin/]: Mixing TagManagerMixin from supermartijn642corelib.mixins.json into net.minecraft.tags.TagManager
[20Aug2025 20:20:50.329] [main/DEBUG] [mixin/]: Mixing CommandExceptionLoggingMixin from cupboard.mixins.json into net.minecraft.commands.Commands
[20Aug2025 20:20:50.421] [main/DEBUG] [mixin/]: Mixing LocateVanillaFortressCommandMixin from betterfortresses.mixins.json into net.minecraft.server.commands.LocateCommand
[20Aug2025 20:20:50.422] [main/DEBUG] [mixin/]: Mixing LocateStrongholdCommandMixin from betterstrongholds.mixins.json into net.minecraft.server.commands.LocateCommand
[20Aug2025 20:20:50.462] [main/DEBUG] [net.minecraftforge.coremod.transformer.CoreModBaseTransformer/COREMOD]: Transforming net/minecraft/server/commands/SummonCommand
[20Aug2025 20:20:50.607] [main/DEBUG] [bookshelf/]: Built 1 Command entries. Took 1.82ms.
[20Aug2025 20:20:50.673] [main/DEBUG] [mixin/]: Mixing TagLoaderMixin from mixins.hammerlib.json into net.minecraft.tags.TagLoader
[20Aug2025 20:20:50.673] [main/DEBUG] [mixin/]: Renaming synthetic method lambda$load_HammerLib$0(Lnet/minecraftforge/registries/ForgeRegistry;)Z to md7b373c$lambda$load_HammerLib$0$0 in mixins.hammerlib.json:TagLoaderMixin
[20Aug2025 20:20:50.675] [main/DEBUG] [mixin/]: Mixing TagLoaderMixin from supermartijn642corelib.mixins.json into net.minecraft.tags.TagLoader
[20Aug2025 20:20:50.676] [main/DEBUG] [mixin/]: Mixing debug.TagLoaderMixin from mixins.artifacts.common.json into net.minecraft.tags.TagLoader
[20Aug2025 20:20:50.688] [main/INFO] [com.github.alexthe666.alexsmobs.AlexsMobs/]: Adding datapack listener capsid_recipes
[20Aug2025 20:20:50.711] [Worker-Main-1/WARN] [HammerLib/]: Unable to find registry for tag directory tags/custom_stat
[20Aug2025 20:20:50.711] [Worker-Main-2/WARN] [HammerLib/]: Unable to find registry for tag directory tags/loot_nbt_provider_type
[20Aug2025 20:20:50.712] [Worker-Main-3/WARN] [HammerLib/]: Unable to find registry for tag directory tags/chat_type
[20Aug2025 20:20:50.717] [Worker-Main-2/WARN] [HammerLib/]: Unable to find registry for tag directory tags/loot_pool_entry_type
[20Aug2025 20:20:50.719] [Worker-Main-1/WARN] [HammerLib/]: Unable to find registry for tag directory tags/float_provider_type
[20Aug2025 20:20:50.727] [Worker-Main-1/WARN] [HammerLib/]: Unable to find registry for tag directory tags/dimension_type
[20Aug2025 20:20:50.727] [Worker-Main-2/WARN] [HammerLib/]: Unable to find registry for tag directory tags/worldgen/structure_set
[20Aug2025 20:20:50.731] [Worker-Main-2/WARN] [HammerLib/]: Unable to find registry for tag directory tags/worldgen/chunk_generator
[20Aug2025 20:20:50.734] [Worker-Main-2/WARN] [HammerLib/]: Unable to find registry for tag directory tags/lithostitched/worldgen_modifier
[20Aug2025 20:20:50.736] [Worker-Main-1/WARN] [HammerLib/]: Unable to find registry for tag directory tags/banner_pattern
[20Aug2025 20:20:50.739] [Worker-Main-2/WARN] [HammerLib/]: Unable to find registry for tag directory tags/loot_score_provider_type
[20Aug2025 20:20:50.741] [Worker-Main-2/WARN] [HammerLib/]: Unable to find registry for tag directory tags/worldgen/configured_feature
[20Aug2025 20:20:50.744] [Worker-Main-1/WARN] [HammerLib/]: Unable to find registry for tag directory tags/game_events
[20Aug2025 20:20:50.765] [Worker-Main-1/WARN] [HammerLib/]: Unable to find registry for tag directory tags/worldgen/structure
[20Aug2025 20:20:50.772] [Worker-Main-1/WARN] [HammerLib/]: Unable to find registry for tag directory tags/pos_rule_test
[20Aug2025 20:20:50.775] [Worker-Main-1/WARN] [HammerLib/]: Unable to find registry for tag directory tags/worldgen/flat_level_generator_preset
[20Aug2025 20:20:50.777] [Worker-Main-1/WARN] [HammerLib/]: Unable to find registry for tag directory tags/rule_block_entity_modifier
[20Aug2025 20:20:50.779] [Worker-Main-1/WARN] [HammerLib/]: Unable to find registry for tag directory tags/position_source_type
[20Aug2025 20:20:50.787] [Worker-Main-1/WARN] [HammerLib/]: Unable to find registry for tag directory tags/worldgen/world_preset
[20Aug2025 20:20:50.790] [Worker-Main-1/WARN] [HammerLib/]: Unable to find registry for tag directory tags/worldgen/feature_size_type
[20Aug2025 20:20:50.792] [Worker-Main-1/WARN] [HammerLib/]: Unable to find registry for tag directory tags/villager_type
[20Aug2025 20:20:50.794] [Worker-Main-1/WARN] [HammerLib/]: Unable to find registry for tag directory tags/worldgen/template_pool
[20Aug2025 20:20:50.796] [Worker-Main-1/WARN] [HammerLib/]: Unable to find registry for tag directory tags/forge/biome_modifier
[20Aug2025 20:20:50.801] [Worker-Main-1/WARN] [HammerLib/]: Unable to find registry for tag directory tags/forge/structure_modifier
[20Aug2025 20:20:50.803] [Worker-Main-1/WARN] [HammerLib/]: Unable to find registry for tag directory tags/worldgen/root_placer_type
[20Aug2025 20:20:50.805] [Worker-Main-1/WARN] [HammerLib/]: Unable to find registry for tag directory tags/worldgen/noise
[20Aug2025 20:20:50.809] [Worker-Main-1/WARN] [HammerLib/]: Unable to find registry for tag directory tags/worldgen/placement_modifier_type
[20Aug2025 20:20:50.816] [Worker-Main-1/WARN] [HammerLib/]: Unable to find registry for tag directory tags/instrument
[20Aug2025 20:20:50.817] [Worker-Main-1/WARN] [HammerLib/]: Unable to find registry for tag directory tags/creative_mode_tab
[20Aug2025 20:20:50.819] [Worker-Main-1/WARN] [HammerLib/]: Unable to find registry for tag directory tags/cat_variant
[20Aug2025 20:20:50.822] [Worker-Main-1/WARN] [HammerLib/]: Unable to find registry for tag directory tags/worldgen/structure_placement
[20Aug2025 20:20:50.824] [Worker-Main-1/WARN] [HammerLib/]: Unable to find registry for tag directory tags/worldgen/biome_source
[20Aug2025 20:20:50.830] [Worker-Main-1/WARN] [HammerLib/]: Unable to find registry for tag directory tags/lionfishapi/modded_biome_slices
[20Aug2025 20:20:50.835] [Worker-Main-1/WARN] [HammerLib/]: Unable to find registry for tag directory tags/worldgen/material_rule
[20Aug2025 20:20:50.850] [Worker-Main-2/WARN] [artifacts.Artifacts/]: Tag entries for curios:tags/items/magic_book.json cleared by tombstone-1.20.1-9.0.2.jar
[20Aug2025 20:20:50.866] [Worker-Main-1/WARN] [HammerLib/]: Unable to find registry for tag directory tags/damage_type
[20Aug2025 20:20:50.870] [Worker-Main-1/WARN] [HammerLib/]: Unable to find registry for tag directory tags/worldgen/multi_noise_biome_source_parameter_list
[20Aug2025 20:20:50.872] [Worker-Main-1/WARN] [HammerLib/]: Unable to find registry for tag directory tags/dimension
[20Aug2025 20:20:50.874] [Worker-Main-1/WARN] [HammerLib/]: Unable to find registry for tag directory tags/trim_material
[20Aug2025 20:20:50.879] [Worker-Main-1/WARN] [HammerLib/]: Unable to find registry for tag directory tags/worldgen/structure_pool_element
[20Aug2025 20:20:50.882] [Worker-Main-1/WARN] [HammerLib/]: Unable to find registry for tag directory tags/loot_function_type
[20Aug2025 20:20:50.884] [Worker-Main-1/WARN] [HammerLib/]: Unable to find registry for tag directory tags/worldgen/structure_processor
[20Aug2025 20:20:50.887] [Worker-Main-1/WARN] [HammerLib/]: Unable to find registry for tag directory tags/worldgen/configured_carver
[20Aug2025 20:20:50.890] [Worker-Main-1/WARN] [HammerLib/]: Unable to find registry for tag directory tags/worldgen/density_function_type
[20Aug2025 20:20:50.918] [Worker-Main-3/WARN] [HammerLib/]: Unable to find registry for tag directory tags/worldgen/structure_piece
[20Aug2025 20:20:50.919] [Worker-Main-3/WARN] [HammerLib/]: Unable to find registry for tag directory tags/trim_pattern
[20Aug2025 20:20:50.924] [Worker-Main-3/WARN] [HammerLib/]: Unable to find registry for tag directory tags/height_provider_type
[20Aug2025 20:20:50.927] [Worker-Main-3/WARN] [HammerLib/]: Unable to find registry for tag directory tags/decorated_pot_patterns
[20Aug2025 20:20:50.929] [Worker-Main-3/WARN] [HammerLib/]: Unable to find registry for tag directory tags/worldgen/structure_type
[20Aug2025 20:20:50.931] [Worker-Main-3/WARN] [HammerLib/]: Unable to find registry for tag directory tags/int_provider_type
[20Aug2025 20:20:50.933] [Worker-Main-3/WARN] [HammerLib/]: Unable to find registry for tag directory tags/worldgen/material_condition
[20Aug2025 20:20:50.935] [Worker-Main-3/WARN] [HammerLib/]: Unable to find registry for tag directory tags/frog_variant
[20Aug2025 20:20:50.936] [Worker-Main-3/WARN] [HammerLib/]: Unable to find registry for tag directory tags/worldgen/trunk_placer_type
[20Aug2025 20:20:50.937] [Worker-Main-2/ERROR] [net.minecraft.tags.TagLoader/]: Couldn't load tag ctov:wares/cardboard_box as it is missing following references: wares:cardboard_box (from [forge]ctov-3.4.14.jar)
[20Aug2025 20:20:50.940] [Worker-Main-3/WARN] [HammerLib/]: Unable to find registry for tag directory tags/worldgen/noise_settings
[20Aug2025 20:20:50.943] [Worker-Main-3/WARN] [HammerLib/]: Unable to find registry for tag directory tags/loot_condition_type
[20Aug2025 20:20:50.947] [Worker-Main-3/WARN] [HammerLib/]: Unable to find registry for tag directory tags/worldgen/processor_list
[20Aug2025 20:20:50.950] [Worker-Main-3/WARN] [HammerLib/]: Unable to find registry for tag directory tags/worldgen/density_function
[20Aug2025 20:20:50.951] [Worker-Main-2/ERROR] [net.minecraft.tags.TagLoader/]: Couldn't load tag ctov:wares/sealed_delivery_agreement as it is missing following references: wares:sealed_delivery_agreement (from [forge]ctov-3.4.14.jar)
[20Aug2025 20:20:50.955] [Worker-Main-3/WARN] [HammerLib/]: Unable to find registry for tag directory tags/worldgen/placed_feature
[20Aug2025 20:20:50.955] [Worker-Main-2/WARN] [HammerLib/]: Unable to find registry for tag directory tags/loot_number_provider_type
[20Aug2025 20:20:50.960] [Worker-Main-2/WARN] [HammerLib/]: Unable to find registry for tag directory tags/block_predicate_type
[20Aug2025 20:20:50.966] [Worker-Main-3/WARN] [HammerLib/]: Unable to find registry for tag directory tags/rule_test
[20Aug2025 20:20:51.370] [Worker-Main-2/DEBUG] [net.minecraftforge.coremod.transformer.CoreModBaseTransformer/COREMOD]: Transforming net/minecraft/world/entity/raid/Raid
[20Aug2025 20:20:51.452] [Worker-Main-2/DEBUG] [mixin/]: Mixing MixinRaid from assets/paraglider/mixin.json into net.minecraft.world.entity.raid.Raid
[20Aug2025 20:20:51.476] [Worker-Main-2/INFO] [ImprovableSkills/]: Injecting parchment into LootTable 'ctov:chests/village/village_bakery'!
[20Aug2025 20:20:51.481] [Worker-Main-2/INFO] [ImprovableSkills/]: Injecting parchment into LootTable 'nova_structures:chests/pillager_outpost_treasure'!
[20Aug2025 20:20:51.482] [Worker-Main-2/INFO] [ImprovableSkills/]: Injecting scroll for skill 'improvableskills:silent_foot' into LootTable 'minecraft:entities/warden'!
[20Aug2025 20:20:51.486] [Worker-Main-2/INFO] [ImprovableSkills/]: Injecting parchment into LootTable 'artifacts:inject/chests/ancient_city_ice_box'!
[20Aug2025 20:20:51.491] [Worker-Main-2/INFO] [ImprovableSkills/]: Injecting parchment into LootTable 'dungeons_arise:chests/shiraz_palace/shiraz_palace_elite'!
[20Aug2025 20:20:51.495] [Worker-Main-2/DEBUG] [ImprovableSkills/]: SKIPPING parchment injection for LootTable 'minecraft:chests/village/village_mason'!
[20Aug2025 20:20:51.496] [Worker-Main-2/DEBUG] [mixin/]: Mixing patches.loot.MixinLootItemKilledByPlayerCondition from bookshelf.common.mixins.json into net.minecraft.world.level.storage.loot.predicates.LootItemKilledByPlayerCondition
[20Aug2025 20:20:51.508] [Worker-Main-2/INFO] [ImprovableSkills/]: Injecting parchment into LootTable 'nova_structures:chests/witch_villa/potion_brewing'!
[20Aug2025 20:20:51.509] [Worker-Main-2/INFO] [ImprovableSkills/]: Injecting parchment into LootTable 'ctov:chests/village/village_smith'!
[20Aug2025 20:20:51.510] [Worker-Main-2/INFO] [ImprovableSkills/]: Injecting parchment into LootTable 'dungeons_arise:chests/heavenly_challenger/heavenly_challenger_theater'!
[20Aug2025 20:20:51.511] [Worker-Main-2/INFO] [ImprovableSkills/]: Injecting parchment into LootTable 'dungeons_arise:chests/shiraz_palace/shiraz_palace_gardens'!
[20Aug2025 20:20:51.514] [Worker-Main-2/DEBUG] [ImprovableSkills/]: SKIPPING parchment injection for LootTable 'minecraft:chests/village/village_fisher'!
[20Aug2025 20:20:51.515] [Worker-Main-2/INFO] [ImprovableSkills/]: Injecting parchment into LootTable 'nova_structures:chests/witch_villa/general_storage'!
[20Aug2025 20:20:51.519] [Worker-Main-2/INFO] [ImprovableSkills/]: Injecting parchment into LootTable 'minecraft:chests/illager_mansion/generic'!
[20Aug2025 20:20:51.521] [Worker-Main-2/INFO] [ImprovableSkills/]: Injecting parchment into LootTable 'minecraft:chests/illager_mansion/map_chest'!
[20Aug2025 20:20:51.522] [Worker-Main-2/INFO] [ImprovableSkills/]: Injecting parchment into LootTable 'dungeons_arise:chests/abandoned_temple/abandoned_temple_top'!
[20Aug2025 20:20:51.523] [Worker-Main-2/INFO] [ImprovableSkills/]: Injecting parchment into LootTable 'dungeons_arise:chests/illager_galley/illager_galley_supply'!
[20Aug2025 20:20:51.524] [Worker-Main-2/INFO] [ImprovableSkills/]: Injecting parchment into LootTable 'dungeons_arise:chests/plague_asylum/plague_asylum_normal'!
[20Aug2025 20:20:51.530] [Worker-Main-2/INFO] [ImprovableSkills/]: Injecting parchment into LootTable 'dungeons_arise:chests/illager_galley/illager_galley_treasure'!
[20Aug2025 20:20:51.534] [Worker-Main-2/INFO] [ImprovableSkills/]: Injecting parchment into LootTable 'artifacts:inject/chests/ancient_city'!
[20Aug2025 20:20:51.537] [Worker-Main-2/INFO] [ImprovableSkills/]: Injecting parchment into LootTable 'dungeons_arise:chests/mechanical_nest/mechanical_nest_treasure'!
[20Aug2025 20:20:51.551] [Worker-Main-2/INFO] [ImprovableSkills/]: Injecting parchment into LootTable 'dungeons_arise:chests/small_prairie_house/small_prairie_house_ruined'!
[20Aug2025 20:20:51.554] [Worker-Main-2/INFO] [ImprovableSkills/]: Injecting parchment into LootTable 'nova_structures:chests/illager_hideout_brewing'!
[20Aug2025 20:20:51.558] [Worker-Main-2/INFO] [ImprovableSkills/]: Injecting parchment into LootTable 'dungeons_arise:chests/lighthouse/lighthouse_top'!
[20Aug2025 20:20:51.561] [Worker-Main-2/INFO] [ImprovableSkills/]: Injecting parchment into LootTable 'dungeons_arise:chests/illager_galley/illager_galley_barrels'!
[20Aug2025 20:20:51.564] [Worker-Main-2/INFO] [ImprovableSkills/]: Injecting parchment into LootTable 'betterfortresses:chests/keep'!
[20Aug2025 20:20:51.569] [Worker-Main-2/INFO] [ImprovableSkills/]: Injecting parchment into LootTable 'nova_structures:chests/creeping_crypt/crypt_grave'!
[20Aug2025 20:20:51.571] [Worker-Main-2/INFO] [ImprovableSkills/]: Injecting parchment into LootTable 'dungeons_arise:chests/thornborn_towers/thornborn_towers_barrels'!
[20Aug2025 20:20:51.574] [Worker-Main-2/INFO] [ImprovableSkills/]: Injecting parchment into LootTable 'dungeons_arise:chests/plague_asylum/plague_asylum_potions'!
[20Aug2025 20:20:51.576] [Worker-Main-2/INFO] [ImprovableSkills/]: Injecting parchment into LootTable 'betterfortresses:chests/storage'!
[20Aug2025 20:20:51.577] [Worker-Main-2/INFO] [ImprovableSkills/]: Injecting parchment into LootTable 'nova_structures:chests/piglin_outstation/outstation_treasure'!
[20Aug2025 20:20:51.584] [Worker-Main-2/INFO] [ImprovableSkills/]: Injecting parchment into LootTable 'dungeons_arise:chests/mechanical_nest/mechanical_nest_supply'!
[20Aug2025 20:20:51.586] [Worker-Main-2/INFO] [ImprovableSkills/]: Injecting parchment into LootTable 'wares:chests/village/swamp_warehouse'!
[20Aug2025 20:20:51.588] [Worker-Main-2/INFO] [ImprovableSkills/]: Injecting parchment into LootTable 'minecraft:chests/underwater_ruin_small'!
[20Aug2025 20:20:51.588] [Worker-Main-2/INFO] [ImprovableSkills/]: Injecting parchment into LootTable 'nova_structures:chests/tavern_quest/witch_villa'!
[20Aug2025 20:20:51.593] [Worker-Main-2/INFO] [ImprovableSkills/]: Injecting parchment into LootTable 'dungeons_arise:chests/keep_kayra/keep_kayra_garden_normal'!
[20Aug2025 20:20:51.593] [Worker-Main-2/INFO] [ImprovableSkills/]: Injecting parchment into LootTable 'ctov:chests/village/village_library'!
[20Aug2025 20:20:51.595] [Worker-Main-2/INFO] [ImprovableSkills/]: Injecting scroll for skill 'improvableskills:xp_plus' into LootTable 'minecraft:entities/elder_guardian'!
[20Aug2025 20:20:51.596] [Worker-Main-2/INFO] [ImprovableSkills/]: Injecting scroll for skill 'improvableskills:mob_repellent' into LootTable 'minecraft:chests/village/village_armorer'!
[20Aug2025 20:20:51.596] [Worker-Main-2/DEBUG] [ImprovableSkills/]: SKIPPING parchment injection for LootTable 'minecraft:chests/village/village_armorer'!
[20Aug2025 20:20:51.597] [Worker-Main-2/INFO] [ImprovableSkills/]: Injecting parchment into LootTable 'nova_structures:chests/illager_hideout_fishing'!
[20Aug2025 20:20:51.597] [Worker-Main-2/INFO] [ImprovableSkills/]: Injecting parchment into LootTable 'dungeons_arise:chests/foundry/foundry_lava_pit'!
[20Aug2025 20:20:51.598] [Worker-Main-2/INFO] [ImprovableSkills/]: Injecting parchment into LootTable 'dungeons_arise:chests/illager_campsite/illager_campsite_supply'!
[20Aug2025 20:20:51.601] [Worker-Main-2/INFO] [ImprovableSkills/]: Injecting parchment into LootTable 'dungeons_arise:chests/shiraz_palace/shiraz_palace_towers'!
[20Aug2025 20:20:51.603] [Worker-Main-2/INFO] [ImprovableSkills/]: Injecting parchment into LootTable 'minecraft:chests/igloo_chest'!
[20Aug2025 20:20:51.604] [Worker-Main-2/INFO] [ImprovableSkills/]: Injecting scroll for skill 'improvableskills:silent_foot' into LootTable 'minecraft:chests/ancient_city'!
[20Aug2025 20:20:51.604] [Worker-Main-2/INFO] [ImprovableSkills/]: Injecting parchment into LootTable 'minecraft:chests/ancient_city'!
[20Aug2025 20:20:51.605] [Worker-Main-2/INFO] [ImprovableSkills/]: Injecting parchment into LootTable 'dungeons_arise:chests/shiraz_palace/shiraz_palace_rooms'!
[20Aug2025 20:20:51.606] [Worker-Main-2/INFO] [ImprovableSkills/]: Injecting parchment into LootTable 'dungeons_arise:chests/merchant_campsite/merchant_campsite_tent'!
[20Aug2025 20:20:51.608] [Worker-Main-2/INFO] [ImprovableSkills/]: Injecting parchment into LootTable 'dungeons_arise:chests/heavenly_challenger/heavenly_challenger_supply'!
[20Aug2025 20:20:51.609] [Worker-Main-2/INFO] [ImprovableSkills/]: Injecting parchment into LootTable 'dungeons_arise:chests/mines_treasure_small'!
[20Aug2025 20:20:51.610] [Worker-Main-2/INFO] [ImprovableSkills/]: Injecting parchment into LootTable 'nova_structures:chests/water_supply'!
[20Aug2025 20:20:51.610] [Worker-Main-2/INFO] [ImprovableSkills/]: Injecting parchment into LootTable 'ctov:chests/village/village_swamp_house'!
[20Aug2025 20:20:51.612] [Worker-Main-2/INFO] [ImprovableSkills/]: Injecting parchment into LootTable 'dungeons_arise:chests/heavenly_rider/heavenly_rider_barrels'!
[20Aug2025 20:20:51.613] [Worker-Main-2/INFO] [ImprovableSkills/]: Injecting parchment into LootTable 'nova_structures:chests/creeping_crypt/crypt_hallway'!
[20Aug2025 20:20:51.614] [Worker-Main-2/INFO] [ImprovableSkills/]: Injecting parchment into LootTable 'dungeons_arise:chests/heavenly_conqueror/heavenly_conqueror_normal'!
[20Aug2025 20:20:51.615] [Worker-Main-2/INFO] [ImprovableSkills/]: Injecting parchment into LootTable 'dungeons_arise:chests/mines_treasure_big'!
[20Aug2025 20:20:51.617] [Worker-Main-2/INFO] [ImprovableSkills/]: Injecting parchment into LootTable 'dungeons_arise:chests/mushroom_mines/mushroom_mines_treasure'!
[20Aug2025 20:20:51.618] [Worker-Main-2/INFO] [ImprovableSkills/]: Injecting parchment into LootTable 'minecraft:chests/illager_mansion/ravager_chest'!
[20Aug2025 20:20:51.618] [Worker-Main-2/DEBUG] [ImprovableSkills/]: SKIPPING parchment injection for LootTable 'minecraft:chests/village/village_cartographer'!
[20Aug2025 20:20:51.620] [Worker-Main-2/INFO] [ImprovableSkills/]: Injecting parchment into LootTable 'dungeons_arise:chests/infested_temple/infested_temple_room_table'!
[20Aug2025 20:20:51.623] [Worker-Main-2/INFO] [ImprovableSkills/]: Injecting parchment into LootTable 'minecraft:chests/illager_mansion/pillager_chest'!
[20Aug2025 20:20:51.624] [Worker-Main-2/INFO] [ImprovableSkills/]: Injecting parchment into LootTable 'nova_structures:chests/pillager_outpost_kitchen'!
[20Aug2025 20:20:51.627] [Worker-Main-2/INFO] [ImprovableSkills/]: Injecting parchment into LootTable 'betterstrongholds:chests/library_md'!
[20Aug2025 20:20:51.629] [Worker-Main-2/INFO] [ImprovableSkills/]: Injecting parchment into LootTable 'ctov:chests/village/village_badlands_house'!
[20Aug2025 20:20:51.630] [Worker-Main-2/INFO] [ImprovableSkills/]: Injecting scroll for skill 'improvableskills:growth' into LootTable 'minecraft:chests/jungle_temple'!
[20Aug2025 20:20:51.630] [Worker-Main-2/INFO] [ImprovableSkills/]: Injecting parchment into LootTable 'minecraft:chests/jungle_temple'!
[20Aug2025 20:20:51.631] [Worker-Main-2/INFO] [ImprovableSkills/]: Injecting parchment into LootTable 'dungeons_arise:chests/mechanical_nest/mechanical_nest_normal'!
[20Aug2025 20:20:51.632] [Worker-Main-2/INFO] [ImprovableSkills/]: Injecting parchment into LootTable 'minecraft:chests/illager_mansion/witch_chest'!
[20Aug2025 20:20:51.633] [Worker-Main-2/INFO] [ImprovableSkills/]: Injecting parchment into LootTable 'wares:chests/village/dark_forest_warehouse'!
[20Aug2025 20:20:51.634] [Worker-Main-2/INFO] [ImprovableSkills/]: Injecting parchment into LootTable 'nova_structures:chests/firewatch_tower'!
[20Aug2025 20:20:51.635] [Worker-Main-2/INFO] [ImprovableSkills/]: Injecting parchment into LootTable 'betterstrongholds:chests/grand_library'!
[20Aug2025 20:20:51.637] [Worker-Main-2/INFO] [ImprovableSkills/]: Injecting parchment into LootTable 'dungeons_arise:chests/shiraz_palace/shiraz_palace_treasure'!
[20Aug2025 20:20:51.638] [Worker-Main-2/INFO] [ImprovableSkills/]: Injecting parchment into LootTable 'dungeons_arise:chests/mushroom_house/mushroom_house_barrels'!
[20Aug2025 20:20:51.639] [Worker-Main-2/INFO] [ImprovableSkills/]: Injecting parchment into LootTable 'nova_structures:chests/badland_miner_outpost_forge'!
[20Aug2025 20:20:51.639] [Worker-Main-2/INFO] [ImprovableSkills/]: Injecting parchment into LootTable 'dungeons_arise:chests/foundry/foundry_treasure'!
[20Aug2025 20:20:51.639] [Worker-Main-2/INFO] [ImprovableSkills/]: Injecting parchment into LootTable 'dungeons_arise:chests/jungle_tree_house/jungle_tree_house_treasure'!
[20Aug2025 20:20:51.643] [Worker-Main-2/INFO] [ImprovableSkills/]: Injecting scroll for skill 'improvableskills:health' into LootTable 'minecraft:chests/end_city_treasure'!
[20Aug2025 20:20:51.644] [Worker-Main-2/INFO] [ImprovableSkills/]: Injecting parchment into LootTable 'minecraft:chests/end_city_treasure'!
[20Aug2025 20:20:51.646] [Worker-Main-2/INFO] [ImprovableSkills/]: Injecting parchment into LootTable 'artifacts:chests/campsite_barrel/crops'!
[20Aug2025 20:20:51.650] [Worker-Main-2/INFO] [ImprovableSkills/]: Injecting parchment into LootTable 'dungeons_arise:chests/infested_temple/infested_temple_top_treasure'!
[20Aug2025 20:20:51.651] [Worker-Main-2/INFO] [ImprovableSkills/]: Injecting parchment into LootTable 'nova_structures:chests/desert_ruins/desert_ruin_main_temple'!
[20Aug2025 20:20:51.651] [Worker-Main-2/INFO] [ImprovableSkills/]: Injecting parchment into LootTable 'artifacts:inject/chests/village/village_savanna_house'!
[20Aug2025 20:20:51.654] [Worker-Main-2/INFO] [ImprovableSkills/]: Injecting parchment into LootTable 'artifacts:chests/campsite_barrel/rails'!
[20Aug2025 20:20:51.655] [Worker-Main-2/INFO] [ImprovableSkills/]: Injecting parchment into LootTable 'nova_structures:chests/tavern_quest/desert_ruin'!
[20Aug2025 20:20:51.656] [Worker-Main-2/INFO] [ImprovableSkills/]: Injecting parchment into LootTable 'artifacts:inject/chests/igloo_chest'!
[20Aug2025 20:20:51.657] [Worker-Main-2/INFO] [ImprovableSkills/]: Injecting parchment into LootTable 'dungeons_arise:chests/thornborn_towers/thornborn_towers_top_treasure'!
[20Aug2025 20:20:51.657] [Worker-Main-2/INFO] [ImprovableSkills/]: Injecting parchment into LootTable 'nova_structures:chests/witch_villa/dirty_clothes'!
[20Aug2025 20:20:51.664] [Worker-Main-2/INFO] [ImprovableSkills/]: Injecting parchment into LootTable 'dungeons_arise:chests/bandit_towers/bandit_towers_treasure'!
[20Aug2025 20:20:51.666] [Worker-Main-2/DEBUG] [ImprovableSkills/]: SKIPPING parchment injection for LootTable 'minecraft:chests/village/village_temple'!
[20Aug2025 20:20:51.667] [Worker-Main-2/INFO] [ImprovableSkills/]: Injecting parchment into LootTable 'artifacts:inject/chests/shipwreck_treasure'!
[20Aug2025 20:20:51.671] [Worker-Main-2/INFO] [ImprovableSkills/]: Injecting parchment into LootTable 'dungeons_arise:chests/jungle_tree_house/jungle_tree_house_normal'!
[20Aug2025 20:20:51.672] [Worker-Main-2/INFO] [ImprovableSkills/]: Injecting parchment into LootTable 'dungeons_arise:chests/bandit_village/bandit_village_normal'!
[20Aug2025 20:20:51.674] [Worker-Main-2/INFO] [ImprovableSkills/]: Injecting parchment into LootTable 'minecraft:chests/ruined_portal'!
[20Aug2025 20:20:51.674] [Worker-Main-2/INFO] [ImprovableSkills/]: Injecting parchment into LootTable 'nova_structures:chests/badland_miner_outpost'!
[20Aug2025 20:20:51.675] [Worker-Main-2/INFO] [ImprovableSkills/]: Injecting parchment into LootTable 'nova_structures:chests/jungle_ruins/jungle_ruins_main_temple'!
[20Aug2025 20:20:51.677] [Worker-Main-2/INFO] [ImprovableSkills/]: Injecting parchment into LootTable 'dungeons_arise:chests/thornborn_towers/thornborn_towers_top_rooms'!
[20Aug2025 20:20:51.683] [Worker-Main-2/INFO] [ImprovableSkills/]: Injecting parchment into LootTable 'dungeons_arise:chests/greenwood_pub/greenwood_pub_barrels_hallways'!
[20Aug2025 20:20:51.684] [Worker-Main-2/INFO] [ImprovableSkills/]: Injecting parchment into LootTable 'dungeons_arise:chests/infested_temple/infested_temple_room_garden'!
[20Aug2025 20:20:51.685] [Worker-Main-2/INFO] [ImprovableSkills/]: Injecting parchment into LootTable 'dungeons_arise:chests/illager_corsair/illager_corsair_supply'!
[20Aug2025 20:20:51.686] [Worker-Main-2/INFO] [ImprovableSkills/]: Injecting parchment into LootTable 'artifacts:inject/chests/village/village_temple'!
[20Aug2025 20:20:51.687] [Worker-Main-2/INFO] [ImprovableSkills/]: Injecting parchment into LootTable 'nova_structures:chests/witch_villa/slime_room'!
[20Aug2025 20:20:51.688] [Worker-Main-2/DEBUG] [ImprovableSkills/]: SKIPPING parchment injection for LootTable 'minecraft:chests/village/village_snowy_house'!
[20Aug2025 20:20:51.690] [Worker-Main-2/INFO] [ImprovableSkills/]: Injecting parchment into LootTable 'dungeons_arise:chests/mines_treasure_medium'!
[20Aug2025 20:20:51.691] [Worker-Main-2/INFO] [ImprovableSkills/]: Injecting parchment into LootTable 'nova_structures:chests/tavern_quest/jungle_ruin'!
[20Aug2025 20:20:51.692] [Worker-Main-2/INFO] [ImprovableSkills/]: Injecting parchment into LootTable 'dungeons_arise:chests/bandit_village/bandit_village_tents'!
[20Aug2025 20:20:51.695] [Worker-Main-2/INFO] [ImprovableSkills/]: Injecting parchment into LootTable 'dungeons_arise:chests/infested_temple/infested_temple_room_supply'!
[20Aug2025 20:20:51.695] [Worker-Main-2/INFO] [ImprovableSkills/]: Injecting parchment into LootTable 'dungeons_arise:chests/aviary/aviary_treasure'!
[20Aug2025 20:20:51.696] [Worker-Main-2/INFO] [ImprovableSkills/]: Injecting parchment into LootTable 'sophisticatedbackpacks:inject/chests/shipwreck_treasure'!
[20Aug2025 20:20:51.697] [Worker-Main-2/INFO] [ImprovableSkills/]: Injecting parchment into LootTable 'betterstrongholds:chests/treasure'!
[20Aug2025 20:20:51.697] [Worker-Main-2/INFO] [ImprovableSkills/]: Injecting parchment into LootTable 'nova_structures:chests/witch_villa/bedroom'!
[20Aug2025 20:20:51.701] [Worker-Main-2/INFO] [ImprovableSkills/]: Injecting scroll for skill 'improvableskills:dexterous_arms' into LootTable 'minecraft:chests/abandoned_mineshaft'!
[20Aug2025 20:20:51.701] [Worker-Main-2/INFO] [ImprovableSkills/]: Injecting parchment into LootTable 'minecraft:chests/abandoned_mineshaft'!
[20Aug2025 20:20:51.704] [Worker-Main-2/INFO] [ImprovableSkills/]: Injecting parchment into LootTable 'dungeons_arise:chests/mechanical_nest/mechanical_nest_equipment'!
[20Aug2025 20:20:51.705] [Worker-Main-2/INFO] [ImprovableSkills/]: Injecting parchment into LootTable 'dungeons_arise:chests/aviary/aviary_normal'!
[20Aug2025 20:20:51.705] [Worker-Main-2/INFO] [ImprovableSkills/]: Injecting parchment into LootTable 'nova_structures:chests/tavern_quest'!
[20Aug2025 20:20:51.711] [Worker-Main-2/INFO] [ImprovableSkills/]: Injecting parchment into LootTable 'minecraft:chests/stronghold_corridor'!
[20Aug2025 20:20:51.712] [Worker-Main-2/INFO] [ImprovableSkills/]: Injecting parchment into LootTable 'dungeons_arise:chests/bandit_towers/bandit_towers_supply'!
[20Aug2025 20:20:51.712] [Worker-Main-2/INFO] [ImprovableSkills/]: Injecting parchment into LootTable 'minecraft:chests/village/village_swamp_house'!
[20Aug2025 20:20:51.714] [Worker-Main-2/INFO] [ImprovableSkills/]: Injecting parchment into LootTable 'betterfortresses:chests/obsidian'!
[20Aug2025 20:20:51.714] [Worker-Main-2/INFO] [ImprovableSkills/]: Injecting parchment into LootTable 'artifacts:chests/campsite_barrel/cobblestone'!
[20Aug2025 20:20:51.714] [Worker-Main-2/INFO] [ImprovableSkills/]: Injecting parchment into LootTable 'dungeons_arise:chests/merchant_campsite/merchant_campsite_supply'!
[20Aug2025 20:20:51.718] [Worker-Main-2/INFO] [ImprovableSkills/]: Injecting parchment into LootTable 'nova_structures:chests/illager_hideout_meat'!
[20Aug2025 20:20:51.741] [Worker-Main-2/INFO] [ImprovableSkills/]: Injecting scroll for skill 'improvableskills:luck_of_the_sea' into LootTable 'minecraft:gameplay/fishing'!
[20Aug2025 20:20:51.742] [Worker-Main-2/INFO] [ImprovableSkills/]: Injecting parchment into LootTable 'nova_structures:chests/desert_ruins/desert_ruin_house'!
[20Aug2025 20:20:51.742] [Worker-Main-2/INFO] [ImprovableSkills/]: Injecting parchment into LootTable 'betterfortresses:chests/beacon'!
[20Aug2025 20:20:51.743] [Worker-Main-2/DEBUG] [ImprovableSkills/]: SKIPPING parchment injection for LootTable 'minecraft:chests/village/village_fletcher'!
[20Aug2025 20:20:51.746] [Worker-Main-2/INFO] [ImprovableSkills/]: Injecting parchment into LootTable 'nova_structures:chests/conduit_ruin/conduit_ruin_main'!
[20Aug2025 20:20:51.748] [Worker-Main-2/INFO] [ImprovableSkills/]: Injecting parchment into LootTable 'nova_structures:chests/witch_villa/pumpkin_room'!
[20Aug2025 20:20:51.748] [Worker-Main-2/INFO] [ImprovableSkills/]: Injecting parchment into LootTable 'dungeons_arise:chests/monastery/monastery_bridges'!
[20Aug2025 20:20:51.749] [Worker-Main-2/INFO] [ImprovableSkills/]: Injecting parchment into LootTable 'dungeons_arise:chests/bandit_towers/bandit_towers_rooms'!
[20Aug2025 20:20:51.749] [Worker-Main-2/INFO] [ImprovableSkills/]: Injecting parchment into LootTable 'artifacts:chests/campsite_barrel/gems'!
[20Aug2025 20:20:51.750] [Worker-Main-2/INFO] [ImprovableSkills/]: Injecting parchment into LootTable 'dungeons_arise:chests/shiraz_palace/shiraz_palace_normal'!
[20Aug2025 20:20:51.751] [Worker-Main-2/INFO] [ImprovableSkills/]: Injecting parchment into LootTable 'nova_structures:chests/piglin_outstation/outstation_generic'!
[20Aug2025 20:20:51.751] [Worker-Main-2/INFO] [ImprovableSkills/]: Injecting parchment into LootTable 'dungeons_arise:chests/heavenly_conqueror/heavenly_conqueror_barrels'!
[20Aug2025 20:20:51.753] [Worker-Main-2/INFO] [ImprovableSkills/]: Injecting parchment into LootTable 'nova_structures:chests/nether_skeleton_tower/skeleton_tower_camp'!
[20Aug2025 20:20:51.754] [Worker-Main-2/INFO] [ImprovableSkills/]: Injecting parchment into LootTable 'ctov:chests/village/village_dark_forest_house'!
[20Aug2025 20:20:51.755] [Worker-Main-2/INFO] [ImprovableSkills/]: Injecting parchment into LootTable 'minecraft:chests/buried_treasure'!
[20Aug2025 20:20:51.758] [Worker-Main-2/INFO] [ImprovableSkills/]: Injecting parchment into LootTable 'dungeons_arise:chests/bandit_towers/bandit_towers_gardens'!
[20Aug2025 20:20:51.760] [Worker-Main-2/INFO] [ImprovableSkills/]: Injecting parchment into LootTable 'nova_structures:chests/witch_villa/gardening'!
[20Aug2025 20:20:51.761] [Worker-Main-2/INFO] [ImprovableSkills/]: Injecting parchment into LootTable 'dungeons_arise:chests/plague_asylum/plague_asylum_barrels'!
[20Aug2025 20:20:51.765] [Worker-Main-2/INFO] [ImprovableSkills/]: Injecting parchment into LootTable 'dungeons_arise:chests/mushroom_mines/mushroom_mines_tools'!
[20Aug2025 20:20:51.767] [Worker-Main-2/INFO] [ImprovableSkills/]: Injecting parchment into LootTable 'sophisticatedbackpacks:inject/chests/end_city_treasure'!
[20Aug2025 20:20:51.770] [Worker-Main-2/INFO] [ImprovableSkills/]: Injecting parchment into LootTable 'wares:chests/village/mountain_warehouse'!
[20Aug2025 20:20:51.771] [Worker-Main-2/INFO] [ImprovableSkills/]: Injecting parchment into LootTable 'minecraft:chests/nether_fortress/fort_inside_generic'!
[20Aug2025 20:20:51.772] [Worker-Main-2/INFO] [ImprovableSkills/]: Injecting parchment into LootTable 'sophisticatedbackpacks:inject/chests/nether_bridge'!
[20Aug2025 20:20:51.775] [Worker-Main-2/INFO] [ImprovableSkills/]: Injecting parchment into LootTable 'dungeons_arise:chests/illager_fort/illager_fort_treasure'!
[20Aug2025 20:20:51.777] [Worker-Main-2/INFO] [ImprovableSkills/]: Injecting parchment into LootTable 'nova_structures:chests/nether_port/nether_port_supplies'!
[20Aug2025 20:20:51.777] [Worker-Main-2/INFO] [ImprovableSkills/]: Injecting parchment into LootTable 'betterstrongholds:chests/common'!
[20Aug2025 20:20:51.781] [Worker-Main-2/INFO] [ImprovableSkills/]: Injecting parchment into LootTable 'minecraft:chests/bastion_bridge'!
[20Aug2025 20:20:51.785] [Worker-Main-2/INFO] [ImprovableSkills/]: Injecting parchment into LootTable 'dungeons_arise:chests/keep_kayra/keep_kayra_treasure'!
[20Aug2025 20:20:51.787] [Worker-Main-2/INFO] [ImprovableSkills/]: Injecting parchment into LootTable 'minecraft:chests/pillager_outpost'!
[20Aug2025 20:20:51.789] [Worker-Main-2/INFO] [ImprovableSkills/]: Injecting parchment into LootTable 'dungeons_arise:chests/illager_windmill/illager_windmill_barrels'!
[20Aug2025 20:20:51.790] [Worker-Main-2/INFO] [ImprovableSkills/]: Injecting parchment into LootTable 'dungeons_arise:chests/greenwood_pub/greenwood_pub_normal'!
[20Aug2025 20:20:51.793] [Worker-Main-2/INFO] [ImprovableSkills/]: Injecting parchment into LootTable 'nova_structures:chests/witch_villa/music_room'!
[20Aug2025 20:20:51.796] [Worker-Main-2/INFO] [ImprovableSkills/]: Injecting parchment into LootTable 'nova_structures:chests/tavern_quest/conduit_ruin'!
[20Aug2025 20:20:51.797] [Worker-Main-2/INFO] [ImprovableSkills/]: Injecting parchment into LootTable 'minecraft:chests/illager_mansion/library_chest'!
[20Aug2025 20:20:51.800] [Worker-Main-2/INFO] [ImprovableSkills/]: Injecting parchment into LootTable 'artifacts:inject/chests/bastion_hoglin_stable'!
[20Aug2025 20:20:51.802] [Worker-Main-2/INFO] [ImprovableSkills/]: Injecting parchment into LootTable 'nova_structures:chests/tavern_quest/badlands_miner_outpost'!
[20Aug2025 20:20:51.805] [Worker-Main-2/INFO] [ImprovableSkills/]: Injecting parchment into LootTable 'dungeons_arise:chests/keep_kayra/keep_kayra_library_normal'!
[20Aug2025 20:20:51.807] [Worker-Main-2/DEBUG] [ImprovableSkills/]: SKIPPING parchment injection for LootTable 'minecraft:chests/village/village_savanna_house'!
[20Aug2025 20:20:51.807] [Worker-Main-2/DEBUG] [ImprovableSkills/]: SKIPPING parchment injection for LootTable 'minecraft:chests/village/village_taiga_house'!
[20Aug2025 20:20:51.809] [Worker-Main-2/INFO] [ImprovableSkills/]: Injecting parchment into LootTable 'betterstrongholds:chests/cmd_yung'!
[20Aug2025 20:20:51.811] [Worker-Main-2/INFO] [ImprovableSkills/]: Injecting parchment into LootTable 'dungeons_arise:chests/giant_mushroom/twin_giant_mushroom'!
[20Aug2025 20:20:51.816] [Worker-Main-2/INFO] [ImprovableSkills/]: Injecting parchment into LootTable 'dungeons_arise:chests/abandoned_temple/abandoned_temple_entrance'!
[20Aug2025 20:20:51.823] [Worker-Main-2/INFO] [ImprovableSkills/]: Injecting parchment into LootTable 'artifacts:inject/chests/bastion_treasure'!
[20Aug2025 20:20:51.826] [Worker-Main-2/INFO] [ImprovableSkills/]: Injecting parchment into LootTable 'nova_structures:chests/hamlet/hamlet'!
[20Aug2025 20:20:51.828] [Worker-Main-2/INFO] [ImprovableSkills/]: Injecting parchment into LootTable 'dungeons_arise:chests/mushroom_village/mushroom_village_treasure'!
[20Aug2025 20:20:51.828] [Worker-Main-2/INFO] [ImprovableSkills/]: Injecting parchment into LootTable 'nova_structures:chests/tavern_quest/creeping_crypt'!
[20Aug2025 20:20:51.830] [Worker-Main-2/INFO] [ImprovableSkills/]: Injecting parchment into LootTable 'minecraft:chests/woodland_mansion'!
[20Aug2025 20:20:51.831] [Worker-Main-2/INFO] [ImprovableSkills/]: Injecting parchment into LootTable 'dungeons_arise:chests/undead_pirate_ship/undead_pirate_ship_enchants'!
[20Aug2025 20:20:51.832] [Worker-Main-2/INFO] [ImprovableSkills/]: Injecting parchment into LootTable 'dungeons_arise:chests/illager_campsite/illager_campsite_tent'!
[20Aug2025 20:20:51.840] [Worker-Main-2/INFO] [ImprovableSkills/]: Injecting parchment into LootTable 'nova_structures:chests/conduit_ruin/conduit_ruin_big'!
[20Aug2025 20:20:51.843] [Worker-Main-2/INFO] [ImprovableSkills/]: Injecting parchment into LootTable 'minecraft:chests/bastion_treasure'!
[20Aug2025 20:20:51.844] [Worker-Main-2/INFO] [ImprovableSkills/]: Injecting parchment into LootTable 'artifacts:chests/campsite_barrel/cobwebs'!
[20Aug2025 20:20:51.844] [Worker-Main-2/INFO] [ImprovableSkills/]: Injecting parchment into LootTable 'dungeons_arise:chests/foundry/foundry_normal'!
[20Aug2025 20:20:51.845] [Worker-Main-2/INFO] [ImprovableSkills/]: Injecting parchment into LootTable 'nova_structures:chests/illager_hideout_tresure'!
[20Aug2025 20:20:51.846] [Worker-Main-2/INFO] [ImprovableSkills/]: Injecting parchment into LootTable 'artifacts:inject/chests/underwater_ruin_big'!
[20Aug2025 20:20:51.847] [Worker-Main-2/DEBUG] [ImprovableSkills/]: SKIPPING parchment injection for LootTable 'minecraft:chests/village/village_toolsmith'!
[20Aug2025 20:20:51.849] [Worker-Main-2/INFO] [ImprovableSkills/]: Injecting parchment into LootTable 'wares:chests/village/badlands_warehouse'!
[20Aug2025 20:20:51.850] [Worker-Main-2/INFO] [ImprovableSkills/]: Injecting parchment into LootTable 'minecraft:chests/shipwreck_map'!
[20Aug2025 20:20:51.851] [Worker-Main-2/INFO] [ImprovableSkills/]: Injecting parchment into LootTable 'sophisticatedbackpacks:inject/chests/abandoned_mineshaft'!
[20Aug2025 20:20:51.852] [Worker-Main-2/INFO] [ImprovableSkills/]: Injecting parchment into LootTable 'betterfortresses:chests/puzzle'!
[20Aug2025 20:20:51.857] [Worker-Main-2/INFO] [ImprovableSkills/]: Injecting parchment into LootTable 'nova_structures:chests/ruin_loot_master'!
[20Aug2025 20:20:51.859] [Worker-Main-2/INFO] [ImprovableSkills/]: Injecting parchment into LootTable 'minecraft:chests/village/village_jungle_house'!
[20Aug2025 20:20:51.859] [Worker-Main-2/INFO] [ImprovableSkills/]: Injecting parchment into LootTable 'artifacts:inject/chests/abandoned_mineshaft'!
[20Aug2025 20:20:51.860] [Worker-Main-2/INFO] [ImprovableSkills/]: Injecting parchment into LootTable 'dungeons_arise:chests/plague_asylum/plague_asylum_cells'!
[20Aug2025 20:20:51.861] [Worker-Main-2/INFO] [ImprovableSkills/]: Injecting parchment into LootTable 'dungeons_arise:chests/keep_kayra/keep_kayra_library_treasure'!
[20Aug2025 20:20:51.861] [Worker-Main-2/INFO] [ImprovableSkills/]: Injecting scroll for skill 'improvableskills:atkdmg_ranged' into LootTable 'minecraft:entities/skeleton'!
[20Aug2025 20:20:51.862] [Worker-Main-2/INFO] [ImprovableSkills/]: Injecting scroll for skill 'improvableskills:ender_manipulator' into LootTable 'minecraft:entities/enderman'!
[20Aug2025 20:20:51.865] [Worker-Main-2/INFO] [ImprovableSkills/]: Injecting parchment into LootTable 'nova_structures:chests/illager_hideout_lesser_tresure'!
[20Aug2025 20:20:51.868] [Worker-Main-2/INFO] [ImprovableSkills/]: Injecting parchment into LootTable 'nova_structures:chests/illager_camp'!
[20Aug2025 20:20:51.869] [Worker-Main-2/INFO] [ImprovableSkills/]: Injecting parchment into LootTable 'nova_structures:chests/tavern_quest/illager_manor'!
[20Aug2025 20:20:51.871] [Worker-Main-2/INFO] [ImprovableSkills/]: Injecting scroll for skill 'improvableskills:obsidian_skin' into LootTable 'minecraft:chests/nether_bridge'!
[20Aug2025 20:20:51.871] [Worker-Main-2/INFO] [ImprovableSkills/]: Injecting parchment into LootTable 'minecraft:chests/nether_bridge'!
[20Aug2025 20:20:51.872] [Worker-Main-2/INFO] [ImprovableSkills/]: Injecting parchment into LootTable 'dungeons_arise:chests/shiraz_palace/shiraz_palace_library'!
[20Aug2025 20:20:51.875] [Worker-Main-2/INFO] [ImprovableSkills/]: Injecting parchment into LootTable 'nova_structures:chests/hamlet/hamlet_tresure'!
[20Aug2025 20:20:51.876] [Worker-Main-2/INFO] [ImprovableSkills/]: Injecting parchment into LootTable 'dungeons_arise:chests/heavenly_conqueror/heavenly_conqueror_treasure'!
[20Aug2025 20:20:51.877] [Worker-Main-2/INFO] [ImprovableSkills/]: Injecting parchment into LootTable 'dungeons_arise:chests/heavenly_challenger/heavenly_challenger_treasure'!
[20Aug2025 20:20:51.878] [Worker-Main-2/INFO] [ImprovableSkills/]: Injecting parchment into LootTable 'nova_structures:chests/witch_villa/library'!
[20Aug2025 20:20:51.879] [Worker-Main-2/INFO] [ImprovableSkills/]: Injecting parchment into LootTable 'dungeons_arise:chests/bathhouse/bathhouse_normal'!
[20Aug2025 20:20:51.880] [Worker-Main-2/INFO] [ImprovableSkills/]: Injecting parchment into LootTable 'ctov:chests/village/village_forager'!
[20Aug2025 20:20:51.884] [Worker-Main-2/INFO] [ImprovableSkills/]: Injecting parchment into LootTable 'minecraft:chests/illager_mansion/wool'!
[20Aug2025 20:20:51.887] [Worker-Main-2/INFO] [ImprovableSkills/]: Injecting parchment into LootTable 'ctov:chests/village/village_jungle_house'!
[20Aug2025 20:20:51.889] [Worker-Main-2/INFO] [ImprovableSkills/]: Injecting parchment into LootTable 'nova_structures:chests/tavern_quest/illager_hideout'!
[20Aug2025 20:20:51.890] [Worker-Main-2/INFO] [ImprovableSkills/]: Injecting parchment into LootTable 'nova_structures:chests/illager_hideout_vegitarian'!
[20Aug2025 20:20:51.891] [Worker-Main-2/INFO] [ImprovableSkills/]: Injecting parchment into LootTable 'nova_structures:chests/food_supply'!
[20Aug2025 20:20:51.894] [Worker-Main-2/INFO] [ImprovableSkills/]: Injecting parchment into LootTable 'nova_structures:chests/tavern_quest/ancient_city'!
[20Aug2025 20:20:51.898] [Worker-Main-2/INFO] [ImprovableSkills/]: Injecting parchment into LootTable 'artifacts:inject/chests/village/village_desert_house'!
[20Aug2025 20:20:51.901] [Worker-Main-2/INFO] [ImprovableSkills/]: Injecting parchment into LootTable 'artifacts:inject/chests/stronghold_corridor'!
[20Aug2025 20:20:51.902] [Worker-Main-2/INFO] [ImprovableSkills/]: Injecting parchment into LootTable 'nova_structures:chests/nether_skeleton_tower/skeleton_tower_supply'!
[20Aug2025 20:20:51.902] [Worker-Main-2/INFO] [ImprovableSkills/]: Injecting parchment into LootTable 'betterstrongholds:chests/prison_lg'!
[20Aug2025 20:20:51.905] [Worker-Main-2/INFO] [ImprovableSkills/]: Injecting parchment into LootTable 'nova_structures:chests/illager_hideout_random'!
[20Aug2025 20:20:51.905] [Worker-Main-2/INFO] [ImprovableSkills/]: Injecting parchment into LootTable 'nova_structures:chests/tavern_quest/ruin_town'!
[20Aug2025 20:20:51.907] [Worker-Main-2/INFO] [ImprovableSkills/]: Injecting parchment into LootTable 'nova_structures:chests/conduit_ruin/conduit_ruin_small'!
[20Aug2025 20:20:51.907] [Worker-Main-2/INFO] [ImprovableSkills/]: Injecting parchment into LootTable 'nova_structures:chests/mining_supply'!
[20Aug2025 20:20:51.908] [Worker-Main-2/INFO] [ImprovableSkills/]: Injecting parchment into LootTable 'dungeons_arise:chests/illager_corsair/illager_corsair_barrels'!
[20Aug2025 20:20:51.909] [Worker-Main-2/INFO] [ImprovableSkills/]: Injecting parchment into LootTable 'minecraft:chests/illager_mansion/kitchen'!
[20Aug2025 20:20:51.910] [Worker-Main-2/INFO] [ImprovableSkills/]: Injecting parchment into LootTable 'artifacts:chests/campsite_barrel/ores'!
[20Aug2025 20:20:51.910] [Worker-Main-2/INFO] [ImprovableSkills/]: Injecting parchment into LootTable 'artifacts:inject/chests/village/village_weaponsmith'!
[20Aug2025 20:20:51.911] [Worker-Main-2/INFO] [ImprovableSkills/]: Injecting parchment into LootTable 'minecraft:chests/bastion_hoglin_stable'!
[20Aug2025 20:20:51.913] [Worker-Main-2/INFO] [ImprovableSkills/]: Injecting parchment into LootTable 'dungeons_arise:chests/mushroom_house/mushroom_house_normal'!
[20Aug2025 20:20:51.913] [Worker-Main-2/INFO] [ImprovableSkills/]: Injecting parchment into LootTable 'dungeons_arise:chests/shiraz_palace/shiraz_palace_supply'!
[20Aug2025 20:20:51.914] [Worker-Main-2/INFO] [ImprovableSkills/]: Injecting parchment into LootTable 'sophisticatedbackpacks:inject/chests/woodland_mansion'!
[20Aug2025 20:20:51.918] [Worker-Main-2/INFO] [ImprovableSkills/]: Injecting parchment into LootTable 'dungeons_arise:chests/infested_temple/infested_temple_room_forge'!
[20Aug2025 20:20:51.919] [Worker-Main-2/INFO] [ImprovableSkills/]: Injecting parchment into LootTable 'artifacts:inject/chests/village/village_toolsmith'!
[20Aug2025 20:20:51.919] [Worker-Main-2/INFO] [ImprovableSkills/]: Injecting parchment into LootTable 'nova_structures:chests/nether_skeleton_tower/skeleton_tower_chest'!
[20Aug2025 20:20:51.922] [Worker-Main-2/INFO] [ImprovableSkills/]: Injecting parchment into LootTable 'wares:chests/village/jungle_warehouse'!
[20Aug2025 20:20:51.923] [Worker-Main-2/INFO] [ImprovableSkills/]: Injecting parchment into LootTable 'dungeons_arise:chests/merchant_campsite/merchant_campsite_map'!
[20Aug2025 20:20:51.923] [Worker-Main-2/INFO] [ImprovableSkills/]: Injecting parchment into LootTable 'dungeons_arise:chests/giant_mushroom/red_giant_mushroom'!
[20Aug2025 20:20:51.925] [Worker-Main-2/INFO] [ImprovableSkills/]: Injecting parchment into LootTable 'dungeons_arise:chests/heavenly_rider/heavenly_rider_normal'!
[20Aug2025 20:20:51.926] [Worker-Main-2/INFO] [ImprovableSkills/]: Injecting parchment into LootTable 'nova_structures:chests/stray_fort_tresure'!
[20Aug2025 20:20:51.926] [Worker-Main-2/INFO] [ImprovableSkills/]: Injecting parchment into LootTable 'artifacts:inject/chests/village/village_snowy_house'!
[20Aug2025 20:20:51.931] [Worker-Main-2/INFO] [ImprovableSkills/]: Injecting parchment into LootTable 'dungeons_arise:chests/infested_temple/infested_temple_room_normal'!
[20Aug2025 20:20:51.934] [Worker-Main-2/INFO] [ImprovableSkills/]: Injecting parchment into LootTable 'dungeons_arise:chests/monastery/monastery_barrels'!
[20Aug2025 20:20:51.935] [Worker-Main-2/INFO] [ImprovableSkills/]: Injecting parchment into LootTable 'nova_structures:chests/piglin_outstation/outstation_tower'!
[20Aug2025 20:20:51.935] [Worker-Main-2/DEBUG] [ImprovableSkills/]: SKIPPING parchment injection for LootTable 'minecraft:chests/village/village_shepherd'!
[20Aug2025 20:20:51.937] [Worker-Main-2/INFO] [ImprovableSkills/]: Injecting parchment into LootTable 'dungeons_arise:chests/bandit_village/bandit_village_barrels'!
[20Aug2025 20:20:51.940] [Worker-Main-2/INFO] [ImprovableSkills/]: Injecting parchment into LootTable 'dungeons_arise:chests/bathhouse/bathhouse_barrels'!
[20Aug2025 20:20:51.942] [Worker-Main-2/INFO] [ImprovableSkills/]: Injecting parchment into LootTable 'minecraft:chests/illager_mansion/evoker_chest'!
[20Aug2025 20:20:51.943] [Worker-Main-2/INFO] [ImprovableSkills/]: Injecting parchment into LootTable 'dungeons_arise:chests/mushroom_mines/mushroom_mines_ores'!
[20Aug2025 20:20:51.944] [Worker-Main-2/INFO] [ImprovableSkills/]: Injecting parchment into LootTable 'artifacts:inject/chests/jungle_temple'!
[20Aug2025 20:20:51.944] [Worker-Main-2/INFO] [ImprovableSkills/]: Injecting parchment into LootTable 'artifacts:chests/campsite_barrel/food'!
[20Aug2025 20:20:51.945] [Worker-Main-2/INFO] [ImprovableSkills/]: Injecting parchment into LootTable 'artifacts:inject/chests/village/village_butcher'!
[20Aug2025 20:20:51.947] [Worker-Main-2/INFO] [ImprovableSkills/]: Injecting parchment into LootTable 'nova_structures:chests/badland_miner_outpost_towers'!
[20Aug2025 20:20:51.948] [Worker-Main-2/INFO] [ImprovableSkills/]: Injecting parchment into LootTable 'dungeons_arise:chests/illager_campsite/illager_campsite_map'!
[20Aug2025 20:20:51.948] [Worker-Main-2/INFO] [ImprovableSkills/]: Injecting parchment into LootTable 'ctov:chests/village/village_farm'!
[20Aug2025 20:20:51.951] [Worker-Main-2/INFO] [ImprovableSkills/]: Injecting parchment into LootTable 'betterfortresses:chests/hall'!
[20Aug2025 20:20:51.952] [Worker-Main-2/INFO] [ImprovableSkills/]: Injecting parchment into LootTable 'betterstrongholds:chests/crypt'!
[20Aug2025 20:20:51.953] [Worker-Main-2/INFO] [ImprovableSkills/]: Injecting parchment into LootTable 'dungeons_arise:chests/bandit_towers/bandit_towers_normal'!
[20Aug2025 20:20:51.954] [Worker-Main-2/INFO] [ImprovableSkills/]: Injecting parchment into LootTable 'nova_structures:chests/illager_hideout_library'!
[20Aug2025 20:20:51.954] [Worker-Main-2/INFO] [ImprovableSkills/]: Injecting parchment into LootTable 'betterfortresses:chests/extra'!
[20Aug2025 20:20:51.956] [Worker-Main-2/INFO] [ImprovableSkills/]: Injecting parchment into LootTable 'minecraft:chests/illager_mansion/smithing_room'!
[20Aug2025 20:20:51.956] [Worker-Main-2/INFO] [ImprovableSkills/]: Injecting parchment into LootTable 'dungeons_arise:chests/mining_system/mining_system_treasure'!
[20Aug2025 20:20:51.959] [Worker-Main-2/INFO] [ImprovableSkills/]: Injecting parchment into LootTable 'nova_structures:chests/illager_hideout_trash'!
[20Aug2025 20:20:51.960] [Worker-Main-2/INFO] [ImprovableSkills/]: Injecting parchment into LootTable 'ctov:chests/village/village_beach_house'!
[20Aug2025 20:20:51.961] [Worker-Main-2/DEBUG] [ImprovableSkills/]: SKIPPING parchment injection for LootTable 'minecraft:chests/village/village_desert_house'!
[20Aug2025 20:20:51.964] [Worker-Main-2/INFO] [ImprovableSkills/]: Injecting parchment into LootTable 'dungeons_arise:chests/thornborn_towers/thornborn_towers_rooms'!
[20Aug2025 20:20:51.970] [Worker-Main-2/INFO] [ImprovableSkills/]: Injecting scroll for skill 'improvableskills:enchanter' into LootTable 'minecraft:chests/stronghold_library'!
[20Aug2025 20:20:51.970] [Worker-Main-2/INFO] [ImprovableSkills/]: Injecting parchment into LootTable 'minecraft:chests/stronghold_library'!
[20Aug2025 20:20:51.970] [Worker-Main-2/INFO] [ImprovableSkills/]: Injecting parchment into LootTable 'nova_structures:chests/tavern_quest/undead_crypt'!
[20Aug2025 20:20:51.971] [Worker-Main-2/INFO] [ImprovableSkills/]: Injecting parchment into LootTable 'nova_structures:chests/witch_villa/lab'!
[20Aug2025 20:20:51.973] [Worker-Main-2/INFO] [ImprovableSkills/]: Injecting parchment into LootTable 'dungeons_arise:chests/illager_corsair/illager_corsair_treasure'!
[20Aug2025 20:20:51.973] [Worker-Main-2/DEBUG] [ImprovableSkills/]: SKIPPING parchment injection for LootTable 'minecraft:chests/village/village_weaponsmith'!
[20Aug2025 20:20:51.975] [Worker-Main-2/INFO] [ImprovableSkills/]: Injecting parchment into LootTable 'artifacts:inject/chests/ruined_portal'!
[20Aug2025 20:20:51.979] [Worker-Main-2/INFO] [ImprovableSkills/]: Injecting parchment into LootTable 'artifacts:inject/chests/buried_treasure'!
[20Aug2025 20:20:51.979] [Worker-Main-2/INFO] [ImprovableSkills/]: Injecting parchment into LootTable 'dungeons_arise:chests/bandit_towers/bandit_towers_barrels'!
[20Aug2025 20:20:51.980] [Worker-Main-2/INFO] [ImprovableSkills/]: Injecting parchment into LootTable 'nova_structures:chests/desert_ruins/desert_ruin_grave'!
[20Aug2025 20:20:51.981] [Worker-Main-2/INFO] [ImprovableSkills/]: Injecting parchment into LootTable 'minecraft:chests/illager_mansion/ancient_city_raid_chest'!
[20Aug2025 20:20:51.984] [Worker-Main-2/INFO] [ImprovableSkills/]: Injecting scroll for skill 'improvableskills:silent_foot' into LootTable 'minecraft:chests/ancient_city_ice_box'!
[20Aug2025 20:20:51.984] [Worker-Main-2/INFO] [ImprovableSkills/]: Injecting parchment into LootTable 'minecraft:chests/ancient_city_ice_box'!
[20Aug2025 20:20:51.985] [Worker-Main-2/INFO] [ImprovableSkills/]: Injecting scroll for skill 'improvableskills:generic_protection' into LootTable 'minecraft:chests/simple_dungeon'!
[20Aug2025 20:20:51.985] [Worker-Main-2/INFO] [ImprovableSkills/]: Injecting parchment into LootTable 'minecraft:chests/simple_dungeon'!
[20Aug2025 20:20:51.988] [Worker-Main-2/INFO] [ImprovableSkills/]: Injecting parchment into LootTable 'dungeons_arise:chests/illager_fort/illager_fort_normal'!
[20Aug2025 20:20:51.989] [Worker-Main-2/INFO] [ImprovableSkills/]: Injecting parchment into LootTable 'dungeons_arise:chests/monastery/monastery_map'!
[20Aug2025 20:20:51.990] [Worker-Main-2/INFO] [ImprovableSkills/]: Injecting parchment into LootTable 'sophisticatedbackpacks:inject/chests/desert_pyramid'!
[20Aug2025 20:20:51.991] [Worker-Main-2/INFO] [ImprovableSkills/]: Injecting parchment into LootTable 'nova_structures:chests/witch_villa/kitchen'!
[20Aug2025 20:20:51.993] [Worker-Main-2/INFO] [ImprovableSkills/]: Injecting parchment into LootTable 'artifacts:inject/chests/village/village_tannery'!
[20Aug2025 20:20:51.995] [Worker-Main-2/INFO] [ImprovableSkills/]: Injecting parchment into LootTable 'artifacts:inject/chests/desert_pyramid'!
[20Aug2025 20:20:51.995] [Worker-Main-2/INFO] [ImprovableSkills/]: Injecting parchment into LootTable 'nova_structures:chests/illager_hideout_heart_loot'!
[20Aug2025 20:20:51.996] [Worker-Main-2/INFO] [ImprovableSkills/]: Injecting parchment into LootTable 'betterstrongholds:chests/armoury'!
[20Aug2025 20:20:51.999] [Worker-Main-2/INFO] [ImprovableSkills/]: Injecting parchment into LootTable 'dungeons_arise:chests/foundry/foundry_chains'!
[20Aug2025 20:20:52.000] [Worker-Main-2/INFO] [ImprovableSkills/]: Injecting parchment into LootTable 'dungeons_arise:chests/keep_kayra/keep_kayra_normal'!
[20Aug2025 20:20:52.001] [Worker-Main-2/INFO] [ImprovableSkills/]: Injecting parchment into LootTable 'minecraft:chests/shipwreck_supply'!
[20Aug2025 20:20:52.002] [Worker-Main-2/INFO] [ImprovableSkills/]: Injecting scroll for skill 'improvableskills:alchemist' into LootTable 'minecraft:entities/witch'!
[20Aug2025 20:20:52.003] [Worker-Main-2/INFO] [ImprovableSkills/]: Injecting parchment into LootTable 'dungeons_arise:chests/scorched_mines/scorched_mines_housing'!
[20Aug2025 20:20:52.004] [Worker-Main-2/INFO] [ImprovableSkills/]: Injecting parchment into LootTable 'artifacts:chests/campsite_barrel/minecarts'!
[20Aug2025 20:20:52.005] [Worker-Main-2/INFO] [ImprovableSkills/]: Injecting parchment into LootTable 'dungeons_arise:chests/small_prairie_house/small_prairie_house_normal'!
[20Aug2025 20:20:52.006] [Worker-Main-2/INFO] [ImprovableSkills/]: Injecting parchment into LootTable 'nova_structures:chests/illager_hideout_utility'!
[20Aug2025 20:20:52.008] [Worker-Main-2/INFO] [ImprovableSkills/]: Injecting parchment into LootTable 'dungeons_arise:chests/jungle_tree_house/jungle_tree_house_barrels'!
[20Aug2025 20:20:52.008] [Worker-Main-2/INFO] [ImprovableSkills/]: Injecting parchment into LootTable 'betterstrongholds:chests/mess'!
[20Aug2025 20:20:52.011] [Worker-Main-2/INFO] [ImprovableSkills/]: Injecting parchment into LootTable 'minecraft:chests/stronghold_crossing'!
[20Aug2025 20:20:52.012] [Worker-Main-2/INFO] [ImprovableSkills/]: Injecting parchment into LootTable 'dungeons_arise:chests/foundry/foundry_passage_exterior'!
[20Aug2025 20:20:52.012] [Worker-Main-2/INFO] [ImprovableSkills/]: Injecting parchment into LootTable 'dungeons_arise:chests/heavenly_challenger/heavenly_challenger_normal'!
[20Aug2025 20:20:52.013] [Worker-Main-2/INFO] [ImprovableSkills/]: Injecting parchment into LootTable 'betterfortresses:chests/worship'!
[20Aug2025 20:20:52.014] [Worker-Main-2/INFO] [ImprovableSkills/]: Injecting parchment into LootTable 'dungeons_arise:chests/scorched_mines/scorched_mines_barrels'!
[20Aug2025 20:20:52.019] [Worker-Main-2/INFO] [ImprovableSkills/]: Injecting parchment into LootTable 'dungeons_arise:chests/infested_temple/infested_temple_room_bookshelf'!
[20Aug2025 20:20:52.020] [Worker-Main-2/INFO] [ImprovableSkills/]: Injecting parchment into LootTable 'wares:chests/village/mushroom_warehouse'!
[20Aug2025 20:20:52.020] [Worker-Main-2/INFO] [ImprovableSkills/]: Injecting parchment into LootTable 'dungeons_arise:chests/plague_asylum/plague_asylum_treasure'!
[20Aug2025 20:20:52.022] [Worker-Main-2/INFO] [ImprovableSkills/]: Injecting parchment into LootTable 'minecraft:chests/shipwreck_treasure'!
[20Aug2025 20:20:52.026] [Worker-Main-2/INFO] [ImprovableSkills/]: Injecting parchment into LootTable 'dungeons_arise:chests/keep_kayra/keep_kayra_garden_treasure'!
[20Aug2025 20:20:52.030] [Worker-Main-2/INFO] [ImprovableSkills/]: Injecting parchment into LootTable 'artifacts:inject/chests/pillager_outpost'!
[20Aug2025 20:20:52.033] [Worker-Main-2/INFO] [ImprovableSkills/]: Injecting parchment into LootTable 'dungeons_arise:chests/small_blimp/small_blimp_coal_storage'!
[20Aug2025 20:20:52.036] [Worker-Main-2/INFO] [ImprovableSkills/]: Injecting parchment into LootTable 'dungeons_arise:chests/plague_asylum/plague_asylum_storage'!
[20Aug2025 20:20:52.038] [Worker-Main-2/INFO] [ImprovableSkills/]: Injecting parchment into LootTable 'dungeons_arise:chests/small_blimp/small_blimp_redstone_chamber'!
[20Aug2025 20:20:52.038] [Worker-Main-2/INFO] [ImprovableSkills/]: Injecting parchment into LootTable 'sophisticatedbackpacks:inject/chests/bastion_treasure'!
[20Aug2025 20:20:52.041] [Worker-Main-2/INFO] [ImprovableSkills/]: Injecting parchment into LootTable 'nova_structures:chests/undead_crypts_grave'!
[20Aug2025 20:20:52.042] [Worker-Main-2/INFO] [ImprovableSkills/]: Injecting parchment into LootTable 'nova_structures:chests/illager_hideout_weaponry'!
[20Aug2025 20:20:52.043] [Worker-Main-2/INFO] [ImprovableSkills/]: Injecting parchment into LootTable 'dungeons_arise:chests/bandit_village/bandit_village_supply'!
[20Aug2025 20:20:52.045] [Worker-Main-2/INFO] [ImprovableSkills/]: Injecting parchment into LootTable 'artifacts:inject/chests/nether_bridge'!
[20Aug2025 20:20:52.047] [Worker-Main-2/INFO] [ImprovableSkills/]: Injecting parchment into LootTable 'nova_structures:chests/illager_hideout_raw_ores'!
[20Aug2025 20:20:52.047] [Worker-Main-2/INFO] [ImprovableSkills/]: Injecting parchment into LootTable 'ctov:chests/village/village_mountain_house'!
[20Aug2025 20:20:52.048] [Worker-Main-2/INFO] [ImprovableSkills/]: Injecting parchment into LootTable 'minecraft:chests/nether_fortress/fort_inside'!
[20Aug2025 20:20:52.049] [Worker-Main-2/INFO] [ImprovableSkills/]: Injecting parchment into LootTable 'dungeons_arise:chests/mushroom_village/mushroom_village_barrels'!
[20Aug2025 20:20:52.049] [Worker-Main-2/DEBUG] [ImprovableSkills/]: SKIPPING parchment injection for LootTable 'minecraft:chests/village/village_tannery'!
[20Aug2025 20:20:52.050] [Worker-Main-2/INFO] [ImprovableSkills/]: Injecting parchment into LootTable 'minecraft:chests/spawn_bonus_chest'!
[20Aug2025 20:20:52.051] [Worker-Main-2/INFO] [ImprovableSkills/]: Injecting parchment into LootTable 'nova_structures:chests/tavern_quest/stray_fort'!
[20Aug2025 20:20:52.051] [Worker-Main-2/INFO] [ImprovableSkills/]: Injecting parchment into LootTable 'dungeons_arise:chests/typhon/typhon_treasure'!
[20Aug2025 20:20:52.054] [Worker-Main-2/DEBUG] [ImprovableSkills/]: SKIPPING parchment injection for LootTable 'minecraft:chests/village/village_plains_house'!
[20Aug2025 20:20:52.056] [Worker-Main-2/INFO] [ImprovableSkills/]: Injecting parchment into LootTable 'artifacts:inject/chests/village/village_taiga_house'!
[20Aug2025 20:20:52.057] [Worker-Main-2/INFO] [ImprovableSkills/]: Injecting parchment into LootTable 'nova_structures:chests/mangrove_witchhud'!
[20Aug2025 20:20:52.059] [Worker-Main-2/INFO] [ImprovableSkills/]: Injecting parchment into LootTable 'dungeons_arise:chests/small_prairie_house/small_prairie_house_barrels'!
[20Aug2025 20:20:52.061] [Worker-Main-2/INFO] [ImprovableSkills/]: Injecting parchment into LootTable 'betterfortresses:chests/quarters'!
[20Aug2025 20:20:52.063] [Worker-Main-2/INFO] [ImprovableSkills/]: Injecting parchment into LootTable 'artifacts:chests/campsite_barrel'!
[20Aug2025 20:20:52.064] [Worker-Main-2/INFO] [ImprovableSkills/]: Injecting scroll for skill 'improvableskills:soul_speed' into LootTable 'minecraft:gameplay/piglin_bartering'!
[20Aug2025 20:20:52.064] [Worker-Main-2/INFO] [ImprovableSkills/]: Injecting parchment into LootTable 'artifacts:chests/campsite_chest'!
[20Aug2025 20:20:52.066] [Worker-Main-2/INFO] [ImprovableSkills/]: Injecting scroll for skill 'improvableskills:treasure_sands' into LootTable 'minecraft:chests/desert_pyramid'!
[20Aug2025 20:20:52.066] [Worker-Main-2/INFO] [ImprovableSkills/]: Injecting parchment into LootTable 'minecraft:chests/desert_pyramid'!
[20Aug2025 20:20:52.066] [Worker-Main-2/INFO] [ImprovableSkills/]: Injecting parchment into LootTable 'betterstrongholds:chests/trap'!
[20Aug2025 20:20:52.067] [Worker-Main-2/INFO] [ImprovableSkills/]: Injecting parchment into LootTable 'artifacts:inject/chests/spawn_bonus_chest'!
[20Aug2025 20:20:52.069] [Worker-Main-2/INFO] [ImprovableSkills/]: Injecting parchment into LootTable 'minecraft:chests/underwater_ruin_big'!
[20Aug2025 20:20:52.070] [Worker-Main-2/INFO] [ImprovableSkills/]: Injecting parchment into LootTable 'sophisticatedbackpacks:inject/chests/simple_dungeon'!
[20Aug2025 20:20:52.071] [Worker-Main-2/INFO] [ImprovableSkills/]: Injecting parchment into LootTable 'minecraft:chests/illager_mansion/secret_room'!
[20Aug2025 20:20:52.072] [Worker-Main-2/INFO] [ImprovableSkills/]: Injecting parchment into LootTable 'dungeons_arise:chests/small_blimp/small_blimp_treasure'!
[20Aug2025 20:20:52.073] [Worker-Main-2/INFO] [ImprovableSkills/]: Injecting parchment into LootTable 'minecraft:chests/illager_mansion/vindicator_chest'!
[20Aug2025 20:20:52.073] [Worker-Main-2/INFO] [ImprovableSkills/]: Injecting parchment into LootTable 'nova_structures:chests/stray_fort_loot_generic'!
[20Aug2025 20:20:52.081] [Worker-Main-2/DEBUG] [tombstone/]: Updating LootTables
[20Aug2025 20:20:52.081] [Worker-Main-2/INFO] [ImprovableSkills/]: Injecting parchment into LootTable 'dungeons_arise:chests/fishing_hut/fishing_hut_barrels'!
[20Aug2025 20:20:52.085] [Worker-Main-2/INFO] [ImprovableSkills/]: Injecting parchment into LootTable 'artifacts:inject/chests/woodland_mansion'!
[20Aug2025 20:20:52.088] [Worker-Main-2/INFO] [ImprovableSkills/]: Injecting parchment into LootTable 'dungeons_arise:chests/ceryneian_hind/ceryneian_hind_treasure'!
[20Aug2025 20:20:52.092] [Worker-Main-2/INFO] [ImprovableSkills/]: Injecting parchment into LootTable 'dungeons_arise:chests/undead_pirate_ship/undead_pirate_ship_barrels'!
[20Aug2025 20:20:52.093] [Worker-Main-2/INFO] [ImprovableSkills/]: Injecting parchment into LootTable 'dungeons_arise:chests/abandoned_temple/abandoned_temple_map'!
[20Aug2025 20:20:52.097] [Worker-Main-2/INFO] [ImprovableSkills/]: Injecting parchment into LootTable 'artifacts:chests/campsite_barrel/ingots'!
[20Aug2025 20:20:52.099] [Worker-Main-2/INFO] [ImprovableSkills/]: Injecting parchment into LootTable 'ctov:chests/village/village_mushroom_house'!
[20Aug2025 20:20:52.100] [Worker-Main-2/INFO] [ImprovableSkills/]: Injecting parchment into LootTable 'nova_structures:chests/dungeon_6'!
[20Aug2025 20:20:52.100] [Worker-Main-2/INFO] [ImprovableSkills/]: Injecting parchment into LootTable 'nova_structures:chests/dungeon_5'!
[20Aug2025 20:20:52.100] [Worker-Main-2/INFO] [ImprovableSkills/]: Injecting parchment into LootTable 'nova_structures:chests/dungeon_7'!
[20Aug2025 20:20:52.100] [Worker-Main-2/INFO] [ImprovableSkills/]: Injecting parchment into LootTable 'dungeons_arise:chests/scorched_mines/scorched_mines_hub'!
[20Aug2025 20:20:52.101] [Worker-Main-2/INFO] [ImprovableSkills/]: Injecting parchment into LootTable 'dungeons_arise:chests/mining_system/mining_system_barrels'!
[20Aug2025 20:20:52.103] [Worker-Main-2/INFO] [ImprovableSkills/]: Injecting parchment into LootTable 'dungeons_arise:chests/foundry/foundry_passage_normal'!
[20Aug2025 20:20:52.103] [Worker-Main-2/INFO] [ImprovableSkills/]: Injecting parchment into LootTable 'artifacts:inject/chests/end_city_treasure'!
[20Aug2025 20:20:52.103] [Worker-Main-2/INFO] [ImprovableSkills/]: Injecting parchment into LootTable 'nova_structures:chests/desert_ruins/desert_ruin_lesser_treasure'!
[20Aug2025 20:20:52.104] [Worker-Main-2/INFO] [ImprovableSkills/]: Injecting parchment into LootTable 'nova_structures:chests/dungeon_2'!
[20Aug2025 20:20:52.104] [Worker-Main-2/INFO] [ImprovableSkills/]: Injecting parchment into LootTable 'nova_structures:chests/dungeon_1'!
[20Aug2025 20:20:52.104] [Worker-Main-2/INFO] [ImprovableSkills/]: Injecting parchment into LootTable 'nova_structures:chests/dungeon_4'!
[20Aug2025 20:20:52.105] [Worker-Main-2/INFO] [ImprovableSkills/]: Injecting parchment into LootTable 'minecraft:chests/jungle_temple_dispenser'!
[20Aug2025 20:20:52.105] [Worker-Main-2/INFO] [ImprovableSkills/]: Injecting parchment into LootTable 'nova_structures:chests/dungeon_3'!
[20Aug2025 20:20:52.106] [Worker-Main-2/INFO] [ImprovableSkills/]: Injecting parchment into LootTable 'dungeons_arise:chests/scorched_mines/scorched_mines_treasure'!
[20Aug2025 20:20:52.109] [Worker-Main-2/INFO] [ImprovableSkills/]: Injecting parchment into LootTable 'dungeons_arise:chests/undead_pirate_ship/undead_pirate_ship_treasure'!
[20Aug2025 20:20:52.110] [Worker-Main-2/INFO] [ImprovableSkills/]: Injecting parchment into LootTable 'dungeons_arise:chests/mushroom_mines/mushroom_mines_barrels'!
[20Aug2025 20:20:52.113] [Worker-Main-2/INFO] [ImprovableSkills/]: Injecting parchment into LootTable 'dungeons_arise:chests/mushroom_house/mushroom_house_treasure'!
[20Aug2025 20:20:52.113] [Worker-Main-2/INFO] [ImprovableSkills/]: Injecting parchment into LootTable 'nova_structures:chests/stray_fort_archer'!
[20Aug2025 20:20:52.114] [Worker-Main-2/INFO] [ImprovableSkills/]: Injecting parchment into LootTable 'nova_structures:chests/nether_port/nether_port_chest'!
[20Aug2025 20:20:52.115] [Worker-Main-2/INFO] [ImprovableSkills/]: Injecting parchment into LootTable 'dungeons_arise:chests/illager_fort/illager_fort_barrels'!
[20Aug2025 20:20:52.117] [Worker-Main-2/INFO] [ImprovableSkills/]: Injecting parchment into LootTable 'dungeons_arise:chests/heavenly_rider/heavenly_rider_treasure'!
[20Aug2025 20:20:52.118] [Worker-Main-2/DEBUG] [ImprovableSkills/]: SKIPPING parchment injection for LootTable 'minecraft:chests/village/village_butcher'!
[20Aug2025 20:20:52.123] [Worker-Main-2/INFO] [ImprovableSkills/]: Injecting parchment into LootTable 'dungeons_arise:chests/illager_windmill/illager_windmill_treasure'!
[20Aug2025 20:20:52.124] [Worker-Main-2/INFO] [ImprovableSkills/]: Injecting parchment into LootTable 'dungeons_arise:chests/greenwood_pub/greenwood_pub_barrels_normal'!
[20Aug2025 20:20:52.125] [Worker-Main-2/INFO] [ImprovableSkills/]: Injecting parchment into LootTable 'dungeons_arise:chests/aviary/aviary_barrels'!
[20Aug2025 20:20:52.127] [Worker-Main-2/INFO] [ImprovableSkills/]: Injecting parchment into LootTable 'wares:chests/village/beach_warehouse'!
[20Aug2025 20:20:52.128] [Worker-Main-2/INFO] [ImprovableSkills/]: Injecting parchment into LootTable 'minecraft:chests/bastion_other'!
[20Aug2025 20:20:52.128] [Worker-Main-2/INFO] [ImprovableSkills/]: Injecting parchment into LootTable 'artifacts:inject/chests/village/village_plains_house'!
[20Aug2025 20:20:52.130] [Worker-Main-2/INFO] [ImprovableSkills/]: Injecting parchment into LootTable 'artifacts:chests/campsite_barrel/tnt'!
[20Aug2025 20:20:52.131] [Worker-Main-2/INFO] [ImprovableSkills/]: Injecting parchment into LootTable 'dungeons_arise:chests/undead_pirate_ship/undead_pirate_ship_supply'!
[20Aug2025 20:20:52.132] [Worker-Main-2/INFO] [ImprovableSkills/]: Injecting parchment into LootTable 'dungeons_arise:chests/scorched_mines/scorched_mines_normal'!
[20Aug2025 20:20:52.132] [Worker-Main-2/INFO] [ImprovableSkills/]: Injecting parchment into LootTable 'artifacts:inject/chests/village/village_armorer'!
[20Aug2025 20:20:52.134] [Worker-Main-2/INFO] [ImprovableSkills/]: Injecting scroll for skill 'improvableskills:huckster' into LootTable 'minecraft:gameplay/hero_of_the_village/librarian_gift'!
[20Aug2025 20:20:52.135] [main/WARN] [net.minecraft.world.level.storage.loot.LootDataManager/]: Datapack tried to redefine minecraft:empty loot table, ignoring
[20Aug2025 20:20:52.186] [main/WARN] [net.minecraft.world.level.storage.loot.LootDataManager/]: Found loot table element validation problem in {loot_tables:dungeons_arise:chests/illager_campsite/illager_campsite_map}.pools[7].entries[0]->{minecraft:chests/pillager_outpost}.pools[8].entries[0].functions[2]: Parameters [<parameter minecraft:tool>] are not provided in this context
[20Aug2025 20:20:52.186] [main/WARN] [net.minecraft.world.level.storage.loot.LootDataManager/]: Found loot table element validation problem in {loot_tables:minecraft:chests/pillager_outpost}.pools[8].entries[0].functions[2]: Parameters [<parameter minecraft:tool>] are not provided in this context
[20Aug2025 20:20:52.186] [main/WARN] [net.minecraft.world.level.storage.loot.LootDataManager/]: Found loot table element validation problem in {loot_tables:sons_of_sins:entities/walking_bed}.pools[0].entries[0].functions[1]: Parameters [<parameter minecraft:tool>] are not provided in this context
[20Aug2025 20:20:52.186] [main/WARN] [net.minecraft.world.level.storage.loot.LootDataManager/]: Found loot table element validation problem in {loot_tables:sons_of_sins:entities/blud}.pools[0].entries[0].functions[1]: Parameters [<parameter minecraft:tool>] are not provided in this context
[20Aug2025 20:20:52.186] [main/WARN] [net.minecraft.world.level.storage.loot.LootDataManager/]: Found loot table element validation problem in {loot_tables:sons_of_sins:entities/prowler}.pools[0].entries[0].functions[1]: Parameters [<parameter minecraft:tool>] are not provided in this context
[20Aug2025 20:20:52.186] [main/WARN] [net.minecraft.world.level.storage.loot.LootDataManager/]: Found loot table element validation problem in {loot_tables:revampedvillages:pillager_treasure}.pools[0].entries[0]->{minecraft:chests/pillager_outpost}.pools[8].entries[0].functions[2]: Parameters [<parameter minecraft:tool>] are not provided in this context
[20Aug2025 20:20:52.186] [main/WARN] [net.minecraft.world.level.storage.loot.LootDataManager/]: Found loot table element validation problem in {loot_tables:dungeons_arise:chests/illager_campsite/illager_campsite_tent}.pools[5].entries[0]->{minecraft:chests/pillager_outpost}.pools[8].entries[0].functions[2]: Parameters [<parameter minecraft:tool>] are not provided in this context
[20Aug2025 20:20:52.187] [main/WARN] [net.minecraft.world.level.storage.loot.LootDataManager/]: Found loot table element validation problem in {loot_tables:sons_of_sins:entities/butcher}.pools[0].entries[0].functions[1]: Parameters [<parameter minecraft:tool>] are not provided in this context
[20Aug2025 20:20:52.187] [main/WARN] [net.minecraft.world.level.storage.loot.LootDataManager/]: Found loot table element validation problem in {loot_tables:alexsmobs:gameplay/seal_reward}.pools[0].entries[0]->{minecraft:gameplay/fishing/junk}.pools[1].condition[1]: Parameters [<parameter minecraft:origin>] are not provided in this context
[20Aug2025 20:20:52.211] [main/ERROR] [net.minecraft.world.item.crafting.RecipeManager/]: Parsing error loading recipe useless_sword:dragonbreathdiamondswordcraft2
com.google.gson.JsonSyntaxException: Unknown item 'useless_sword:dragonbreathdiamondsword'
	at net.minecraftforge.common.crafting.CraftingHelper.getItem(CraftingHelper.java:160) ~[forge-1.20.1-47.3.7-universal.jar%23304!/:?]
	at net.minecraftforge.common.crafting.CraftingHelper.getItemStack(CraftingHelper.java:186) ~[forge-1.20.1-47.3.7-universal.jar%23304!/:?]
	at net.minecraft.world.item.crafting.ShapedRecipe.m_151274_(ShapedRecipe.java:286) ~[server-1.20.1-20230612.114412-srg.jar%23299!/:?]
	at net.minecraft.world.item.crafting.ShapelessRecipe$Serializer.m_6729_(ShapelessRecipe.java:95) ~[server-1.20.1-20230612.114412-srg.jar%23299!/:?]
	at net.minecraft.world.item.crafting.ShapelessRecipe$Serializer.m_6729_(ShapelessRecipe.java:84) ~[server-1.20.1-20230612.114412-srg.jar%23299!/:?]
	at net.minecraftforge.common.extensions.IForgeRecipeSerializer.fromJson(IForgeRecipeSerializer.java:23) ~[forge-1.20.1-47.3.7-universal.jar%23304!/:?]
	at net.minecraft.world.item.crafting.RecipeManager.fromJson(RecipeManager.java:171) ~[server-1.20.1-20230612.114412-srg.jar%23299!/:?]
	at net.minecraft.world.item.crafting.RecipeManager.m_5787_(RecipeManager.java:67) ~[server-1.20.1-20230612.114412-srg.jar%23299!/:?]
	at net.minecraft.world.item.crafting.RecipeManager.m_5787_(RecipeManager.java:34) ~[server-1.20.1-20230612.114412-srg.jar%23299!/:?]
	at net.minecraft.server.packs.resources.SimplePreparableReloadListener.m_10789_(SimplePreparableReloadListener.java:13) ~[server-1.20.1-20230612.114412-srg.jar%23299!/:?]
	at java.util.concurrent.CompletableFuture$UniAccept.tryFire(CompletableFuture.java:718) ~[?:?]
	at java.util.concurrent.CompletableFuture$Completion.run(CompletableFuture.java:482) ~[?:?]
	at net.minecraft.server.packs.resources.SimpleReloadInstance.m_143940_(SimpleReloadInstance.java:69) ~[server-1.20.1-20230612.114412-srg.jar%23299!/:?]
	at net.minecraft.Util.m_214652_(Util.java:783) ~[server-1.20.1-20230612.114412-srg.jar%23299!/:?]
	at net.minecraft.Util.m_214679_(Util.java:772) ~[server-1.20.1-20230612.114412-srg.jar%23299!/:?]
	at net.minecraft.server.Main.main(Main.java:166) ~[server-1.20.1-20230612.114412-srg.jar%23299!/:?]
	at jdk.internal.reflect.NativeMethodAccessorImpl.invoke0(Native Method) ~[?:?]
	at jdk.internal.reflect.NativeMethodAccessorImpl.invoke(NativeMethodAccessorImpl.java:77) ~[?:?]
	at jdk.internal.reflect.DelegatingMethodAccessorImpl.invoke(DelegatingMethodAccessorImpl.java:43) ~[?:?]
	at java.lang.reflect.Method.invoke(Method.java:569) ~[?:?]
	at net.minecraftforge.fml.loading.targets.CommonLaunchHandler.runTarget(CommonLaunchHandler.java:111) ~[fmlloader-1.20.1-47.3.7.jar%2369!/:?]
	at net.minecraftforge.fml.loading.targets.CommonLaunchHandler.serverService(CommonLaunchHandler.java:103) ~[fmlloader-1.20.1-47.3.7.jar%2369!/:?]
	at net.minecraftforge.fml.loading.targets.CommonServerLaunchHandler.lambda$makeService$0(CommonServerLaunchHandler.java:27) ~[fmlloader-1.20.1-47.3.7.jar%2369!/:?]
	at cpw.mods.modlauncher.LaunchServiceHandlerDecorator.launch(LaunchServiceHandlerDecorator.java:30) ~[modlauncher-10.0.9.jar%2355!/:?]
	at cpw.mods.modlauncher.LaunchServiceHandler.launch(LaunchServiceHandler.java:53) ~[modlauncher-10.0.9.jar%2355!/:?]
	at cpw.mods.modlauncher.LaunchServiceHandler.launch(LaunchServiceHandler.java:71) ~[modlauncher-10.0.9.jar%2355!/:?]
	at cpw.mods.modlauncher.Launcher.run(Launcher.java:108) ~[modlauncher-10.0.9.jar%2355!/:?]
	at cpw.mods.modlauncher.Launcher.main(Launcher.java:78) ~[modlauncher-10.0.9.jar%2355!/:?]
	at cpw.mods.modlauncher.BootstrapLaunchConsumer.accept(BootstrapLaunchConsumer.java:26) ~[modlauncher-10.0.9.jar%2355!/:?]
	at cpw.mods.modlauncher.BootstrapLaunchConsumer.accept(BootstrapLaunchConsumer.java:23) ~[modlauncher-10.0.9.jar%2355!/:?]
	at cpw.mods.bootstraplauncher.BootstrapLauncher.main(BootstrapLauncher.java:141) ~[bootstraplauncher-1.1.2.jar:?]
[20Aug2025 20:20:52.277] [main/ERROR] [net.minecraft.world.item.crafting.RecipeManager/]: Parsing error loading recipe miningmaster:forging/paragon_shield
com.google.gson.JsonSyntaxException: Invalid or unsupported recipe type 'miningmaster:forging_recipe'
	at net.minecraft.world.item.crafting.RecipeManager.m_220253_(RecipeManager.java:170) ~[server-1.20.1-20230612.114412-srg.jar%23299!/:?]
	at java.util.Optional.orElseThrow(Optional.java:403) ~[?:?]
	at net.minecraft.world.item.crafting.RecipeManager.fromJson(RecipeManager.java:169) ~[server-1.20.1-20230612.114412-srg.jar%23299!/:?]
	at net.minecraft.world.item.crafting.RecipeManager.m_5787_(RecipeManager.java:67) ~[server-1.20.1-20230612.114412-srg.jar%23299!/:?]
	at net.minecraft.world.item.crafting.RecipeManager.m_5787_(RecipeManager.java:34) ~[server-1.20.1-20230612.114412-srg.jar%23299!/:?]
	at net.minecraft.server.packs.resources.SimplePreparableReloadListener.m_10789_(SimplePreparableReloadListener.java:13) ~[server-1.20.1-20230612.114412-srg.jar%23299!/:?]
	at java.util.concurrent.CompletableFuture$UniAccept.tryFire(CompletableFuture.java:718) ~[?:?]
	at java.util.concurrent.CompletableFuture$Completion.run(CompletableFuture.java:482) ~[?:?]
	at net.minecraft.server.packs.resources.SimpleReloadInstance.m_143940_(SimpleReloadInstance.java:69) ~[server-1.20.1-20230612.114412-srg.jar%23299!/:?]
	at net.minecraft.Util.m_214652_(Util.java:783) ~[server-1.20.1-20230612.114412-srg.jar%23299!/:?]
	at net.minecraft.Util.m_214679_(Util.java:772) ~[server-1.20.1-20230612.114412-srg.jar%23299!/:?]
	at net.minecraft.server.Main.main(Main.java:166) ~[server-1.20.1-20230612.114412-srg.jar%23299!/:?]
	at jdk.internal.reflect.NativeMethodAccessorImpl.invoke0(Native Method) ~[?:?]
	at jdk.internal.reflect.NativeMethodAccessorImpl.invoke(NativeMethodAccessorImpl.java:77) ~[?:?]
	at jdk.internal.reflect.DelegatingMethodAccessorImpl.invoke(DelegatingMethodAccessorImpl.java:43) ~[?:?]
	at java.lang.reflect.Method.invoke(Method.java:569) ~[?:?]
	at net.minecraftforge.fml.loading.targets.CommonLaunchHandler.runTarget(CommonLaunchHandler.java:111) ~[fmlloader-1.20.1-47.3.7.jar%2369!/:?]
	at net.minecraftforge.fml.loading.targets.CommonLaunchHandler.serverService(CommonLaunchHandler.java:103) ~[fmlloader-1.20.1-47.3.7.jar%2369!/:?]
	at net.minecraftforge.fml.loading.targets.CommonServerLaunchHandler.lambda$makeService$0(CommonServerLaunchHandler.java:27) ~[fmlloader-1.20.1-47.3.7.jar%2369!/:?]
	at cpw.mods.modlauncher.LaunchServiceHandlerDecorator.launch(LaunchServiceHandlerDecorator.java:30) ~[modlauncher-10.0.9.jar%2355!/:?]
	at cpw.mods.modlauncher.LaunchServiceHandler.launch(LaunchServiceHandler.java:53) ~[modlauncher-10.0.9.jar%2355!/:?]
	at cpw.mods.modlauncher.LaunchServiceHandler.launch(LaunchServiceHandler.java:71) ~[modlauncher-10.0.9.jar%2355!/:?]
	at cpw.mods.modlauncher.Launcher.run(Launcher.java:108) ~[modlauncher-10.0.9.jar%2355!/:?]
	at cpw.mods.modlauncher.Launcher.main(Launcher.java:78) ~[modlauncher-10.0.9.jar%2355!/:?]
	at cpw.mods.modlauncher.BootstrapLaunchConsumer.accept(BootstrapLaunchConsumer.java:26) ~[modlauncher-10.0.9.jar%2355!/:?]
	at cpw.mods.modlauncher.BootstrapLaunchConsumer.accept(BootstrapLaunchConsumer.java:23) ~[modlauncher-10.0.9.jar%2355!/:?]
	at cpw.mods.bootstraplauncher.BootstrapLauncher.main(BootstrapLauncher.java:141) ~[bootstraplauncher-1.1.2.jar:?]
[20Aug2025 20:21:14.557] [main/ERROR] [net.minecraft.world.item.crafting.RecipeManager/]: Parsing error loading recipe shieldexp:griefer_shield
com.google.gson.JsonSyntaxException: Unknown item 'savage_and_ravage:blast_proof_plating'
	at net.minecraft.world.item.crafting.ShapedRecipe.m_151280_(ShapedRecipe.java:292) ~[server-1.20.1-20230612.114412-srg.jar%23299!/:?]
	at java.util.Optional.orElseThrow(Optional.java:403) ~[?:?]
	at net.minecraft.world.item.crafting.ShapedRecipe.m_151278_(ShapedRecipe.java:291) ~[server-1.20.1-20230612.114412-srg.jar%23299!/:?]
	at net.minecraft.world.item.crafting.Ingredient.m_43919_(Ingredient.java:219) ~[server-1.20.1-20230612.114412-srg.jar%23299!/:?]
	at net.minecraftforge.common.crafting.VanillaIngredientSerializer.parse(VanillaIngredientSerializer.java:27) ~[forge-1.20.1-47.3.7-universal.jar%23304!/:?]
	at net.minecraftforge.common.crafting.CraftingHelper.getIngredient(CraftingHelper.java:148) ~[forge-1.20.1-47.3.7-universal.jar%23304!/:?]
	at net.minecraft.world.item.crafting.Ingredient.m_288218_(Ingredient.java:194) ~[server-1.20.1-20230612.114412-srg.jar%23299!/:?]
	at net.minecraft.world.item.crafting.ShapedRecipe.m_44210_(ShapedRecipe.java:278) ~[server-1.20.1-20230612.114412-srg.jar%23299!/:?]
	at net.minecraft.world.item.crafting.ShapedRecipe$Serializer.m_6729_(ShapedRecipe.java:306) ~[server-1.20.1-20230612.114412-srg.jar%23299!/:?]
	at net.minecraft.world.item.crafting.ShapedRecipe$Serializer.m_6729_(ShapedRecipe.java:301) ~[server-1.20.1-20230612.114412-srg.jar%23299!/:?]
	at net.minecraftforge.common.extensions.IForgeRecipeSerializer.fromJson(IForgeRecipeSerializer.java:23) ~[forge-1.20.1-47.3.7-universal.jar%23304!/:?]
	at net.minecraft.world.item.crafting.RecipeManager.fromJson(RecipeManager.java:171) ~[server-1.20.1-20230612.114412-srg.jar%23299!/:?]
	at net.minecraft.world.item.crafting.RecipeManager.m_5787_(RecipeManager.java:67) ~[server-1.20.1-20230612.114412-srg.jar%23299!/:?]
	at net.minecraft.world.item.crafting.RecipeManager.m_5787_(RecipeManager.java:34) ~[server-1.20.1-20230612.114412-srg.jar%23299!/:?]
	at net.minecraft.server.packs.resources.SimplePreparableReloadListener.m_10789_(SimplePreparableReloadListener.java:13) ~[server-1.20.1-20230612.114412-srg.jar%23299!/:?]
	at java.util.concurrent.CompletableFuture$UniAccept.tryFire(CompletableFuture.java:718) ~[?:?]
	at java.util.concurrent.CompletableFuture$Completion.run(CompletableFuture.java:482) ~[?:?]
	at net.minecraft.server.packs.resources.SimpleReloadInstance.m_143940_(SimpleReloadInstance.java:69) ~[server-1.20.1-20230612.114412-srg.jar%23299!/:?]
	at net.minecraft.Util.m_214652_(Util.java:783) ~[server-1.20.1-20230612.114412-srg.jar%23299!/:?]
	at net.minecraft.Util.m_214679_(Util.java:772) ~[server-1.20.1-20230612.114412-srg.jar%23299!/:?]
	at net.minecraft.server.Main.main(Main.java:166) ~[server-1.20.1-20230612.114412-srg.jar%23299!/:?]
	at jdk.internal.reflect.NativeMethodAccessorImpl.invoke0(Native Method) ~[?:?]
	at jdk.internal.reflect.NativeMethodAccessorImpl.invoke(NativeMethodAccessorImpl.java:77) ~[?:?]
	at jdk.internal.reflect.DelegatingMethodAccessorImpl.invoke(DelegatingMethodAccessorImpl.java:43) ~[?:?]
	at java.lang.reflect.Method.invoke(Method.java:569) ~[?:?]
	at net.minecraftforge.fml.loading.targets.CommonLaunchHandler.runTarget(CommonLaunchHandler.java:111) ~[fmlloader-1.20.1-47.3.7.jar%2369!/:?]
	at net.minecraftforge.fml.loading.targets.CommonLaunchHandler.serverService(CommonLaunchHandler.java:103) ~[fmlloader-1.20.1-47.3.7.jar%2369!/:?]
	at net.minecraftforge.fml.loading.targets.CommonServerLaunchHandler.lambda$makeService$0(CommonServerLaunchHandler.java:27) ~[fmlloader-1.20.1-47.3.7.jar%2369!/:?]
	at cpw.mods.modlauncher.LaunchServiceHandlerDecorator.launch(LaunchServiceHandlerDecorator.java:30) ~[modlauncher-10.0.9.jar%2355!/:?]
	at cpw.mods.modlauncher.LaunchServiceHandler.launch(LaunchServiceHandler.java:53) ~[modlauncher-10.0.9.jar%2355!/:?]
	at cpw.mods.modlauncher.LaunchServiceHandler.launch(LaunchServiceHandler.java:71) ~[modlauncher-10.0.9.jar%2355!/:?]
	at cpw.mods.modlauncher.Launcher.run(Launcher.java:108) ~[modlauncher-10.0.9.jar%2355!/:?]
	at cpw.mods.modlauncher.Launcher.main(Launcher.java:78) ~[modlauncher-10.0.9.jar%2355!/:?]
	at cpw.mods.modlauncher.BootstrapLaunchConsumer.accept(BootstrapLaunchConsumer.java:26) ~[modlauncher-10.0.9.jar%2355!/:?]
	at cpw.mods.modlauncher.BootstrapLaunchConsumer.accept(BootstrapLaunchConsumer.java:23) ~[modlauncher-10.0.9.jar%2355!/:?]
	at cpw.mods.bootstraplauncher.BootstrapLauncher.main(BootstrapLauncher.java:141) ~[bootstraplauncher-1.1.2.jar:?]
[20Aug2025 20:21:14.563] [main/INFO] [net.minecraft.world.item.crafting.RecipeManager/]: Loaded 18 recipes
[20Aug2025 20:21:14.574] [main/ERROR] [HammerLib/]: Register attachment for RegisterRecipesEvent: org.zeith.hammerlib.core.test.HammerLibRecipeExtension.
[20Aug2025 20:21:14.574] [main/ERROR] [HammerLib/]: Register attachment for RegisterRecipesEvent: org.zeith.improvableskills.api.recipe.Is3RecipeBuilderExtension.
[20Aug2025 20:21:14.598] [main/INFO] [HammerLib/]: Reloading HammerLib recipes...
[20Aug2025 20:21:14.599] [main/INFO] [HammerLib/]: HammerLib injected 16 recipes into recipe map. Removed 0 recipes from the game.
[20Aug2025 20:21:14.602] [main/INFO] [HammerLib/]: Registered 16 additional recipes.
[20Aug2025 20:21:14.602] [main/WARN] [HammerLib/]: Unable to find registry for tag directory tags/functions
[20Aug2025 20:21:14.647] [main/ERROR] [net.minecraft.server.ServerAdvancementManager/]: Parsing error loading custom advancement useless_sword:swordmaster: Expected item to be an item, was unknown string 'useless_sword:withersword'
[20Aug2025 20:21:14.767] [main/INFO] [net.minecraft.advancements.AdvancementList/]: Loaded 3766 advancements
[20Aug2025 20:21:14.773] [main/INFO] [placebo/]: Registered 0 additional recipes.
[20Aug2025 20:21:14.776] [main/DEBUG] [sophisticatedbackpacks/]: Started loading registry data from sophisticatedbackpacks:compat/woot/block_tools 
[20Aug2025 20:21:14.776] [main/DEBUG] [sophisticatedbackpacks/]: Started loading registry data from sophisticatedbackpacks:compat/fluxnetworks/block_tools 
[20Aug2025 20:21:14.777] [main/DEBUG] [sophisticatedbackpacks/]: Started loading registry data from sophisticatedbackpacks:compat/mob_grinding_utils/entity_tools 
[20Aug2025 20:21:14.777] [main/DEBUG] [sophisticatedbackpacks/]: Started loading registry data from sophisticatedbackpacks:compat/astralsorcery/block_tools 
[20Aug2025 20:21:14.777] [main/DEBUG] [sophisticatedbackpacks/]: Started loading registry data from sophisticatedbackpacks:compat/immersivepetroleum/block_tools 
[20Aug2025 20:21:14.777] [main/DEBUG] [sophisticatedbackpacks/]: Started loading registry data from sophisticatedbackpacks:compat/immersiveengineering/block_tools 
[20Aug2025 20:21:14.777] [main/DEBUG] [sophisticatedbackpacks/]: Started loading registry data from sophisticatedbackpacks:compat/pedestals/block_tools 
[20Aug2025 20:21:14.777] [main/DEBUG] [sophisticatedbackpacks/]: Started loading registry data from sophisticatedbackpacks:compat/platforms/block_tools 
[20Aug2025 20:21:14.777] [main/DEBUG] [sophisticatedbackpacks/]: Started loading registry data from sophisticatedbackpacks:compat/rftoolsutility/entity_tools 
[20Aug2025 20:21:14.777] [main/DEBUG] [sophisticatedbackpacks/]: Started loading registry data from sophisticatedbackpacks:compat/compactmachines/block_tools 
[20Aug2025 20:21:14.777] [main/DEBUG] [sophisticatedbackpacks/]: Started loading registry data from sophisticatedbackpacks:compat/mcwwindows/block_tools 
[20Aug2025 20:21:14.777] [main/DEBUG] [sophisticatedbackpacks/]: Started loading registry data from sophisticatedbackpacks:compat/integrateddynamics/block_tools 
[20Aug2025 20:21:14.777] [main/DEBUG] [sophisticatedbackpacks/]: Started loading registry data from sophisticatedbackpacks:entity_tools 
[20Aug2025 20:21:14.780] [main/DEBUG] [sophisticatedbackpacks/]: Finished loading registry data for sophisticatedbackpacks:entity_tools
[20Aug2025 20:21:14.780] [main/DEBUG] [sophisticatedbackpacks/]: Started loading registry data from sophisticatedbackpacks:compat/mekanism/block_tools 
[20Aug2025 20:21:14.780] [main/DEBUG] [sophisticatedbackpacks/]: Started loading registry data from sophisticatedbackpacks:compat/powah/block_tools 
[20Aug2025 20:21:14.780] [main/DEBUG] [sophisticatedbackpacks/]: Started loading registry data from sophisticatedbackpacks:compat/apotheosis/entity_tools 
[20Aug2025 20:21:14.780] [main/DEBUG] [sophisticatedbackpacks/]: Started loading registry data from sophisticatedbackpacks:compat/bloodmagic/block_tools 
[20Aug2025 20:21:14.780] [main/DEBUG] [sophisticatedbackpacks/]: Started loading registry data from sophisticatedbackpacks:compat/immersiveposts/block_tools 
[20Aug2025 20:21:14.780] [main/DEBUG] [sophisticatedbackpacks/]: Started loading registry data from sophisticatedbackpacks:compat/rats/entity_tools 
[20Aug2025 20:21:14.780] [main/DEBUG] [sophisticatedbackpacks/]: Started loading registry data from sophisticatedbackpacks:compat/framedcompactdrawers/block_tools 
[20Aug2025 20:21:14.780] [main/DEBUG] [sophisticatedbackpacks/]: Started loading registry data from sophisticatedbackpacks:compat/iceandfire/entity_tools 
[20Aug2025 20:21:14.780] [main/DEBUG] [sophisticatedbackpacks/]: Started loading registry data from sophisticatedbackpacks:compat/storagedrawers/block_tools 
[20Aug2025 20:21:14.780] [main/DEBUG] [sophisticatedbackpacks/]: Started loading registry data from sophisticatedbackpacks:compat/mcwroofs/block_tools 
[20Aug2025 20:21:14.780] [main/DEBUG] [sophisticatedbackpacks/]: Started loading registry data from sophisticatedbackpacks:compat/morphtool/block_tools 
[20Aug2025 20:21:14.780] [main/DEBUG] [sophisticatedbackpacks/]: Started loading registry data from sophisticatedbackpacks:compat/botania/block_tools 
[20Aug2025 20:21:14.780] [main/DEBUG] [sophisticatedbackpacks/]: Started loading registry data from sophisticatedbackpacks:compat/pneumaticraft/block_tools 
[20Aug2025 20:21:14.780] [main/DEBUG] [sophisticatedbackpacks/]: Started loading registry data from sophisticatedbackpacks:compat/shrink/entity_tools 
[20Aug2025 20:21:14.780] [main/DEBUG] [sophisticatedbackpacks/]: Started loading registry data from sophisticatedbackpacks:compat/blockcarpentry/block_tools 
[20Aug2025 20:21:14.780] [main/DEBUG] [sophisticatedbackpacks/]: Started loading registry data from sophisticatedbackpacks:compat/pipez/block_tools 
[20Aug2025 20:21:14.780] [main/DEBUG] [sophisticatedbackpacks/]: Started loading registry data from sophisticatedbackpacks:compat/transport/block_tools 
[20Aug2025 20:21:14.780] [main/DEBUG] [sophisticatedbackpacks/]: Started loading registry data from sophisticatedbackpacks:compat/thermal/block_tools 
[20Aug2025 20:21:14.780] [main/DEBUG] [sophisticatedbackpacks/]: Started loading registry data from sophisticatedbackpacks:block_tools 
[20Aug2025 20:21:14.780] [main/DEBUG] [sophisticatedbackpacks/]: Finished loading registry data for sophisticatedbackpacks:block_tools
[20Aug2025 20:21:14.780] [main/DEBUG] [sophisticatedbackpacks/]: Started loading registry data from sophisticatedbackpacks:compat/create/block_tools 
[20Aug2025 20:21:14.780] [main/DEBUG] [sophisticatedbackpacks/]: Started loading registry data from sophisticatedbackpacks:compat/farmersdelight/entity_tools 
[20Aug2025 20:21:14.780] [main/DEBUG] [sophisticatedbackpacks/]: Started loading registry data from sophisticatedbackpacks:compat/refinedstorage/block_tools 
[20Aug2025 20:21:14.780] [main/DEBUG] [sophisticatedbackpacks/]: Started loading registry data from sophisticatedbackpacks:compat/chiselsandbits/block_tools 
[20Aug2025 20:21:14.780] [main/DEBUG] [sophisticatedbackpacks/]: Started loading registry data from sophisticatedbackpacks:compat/farmersdelight/block_tools 
[20Aug2025 20:21:14.781] [main/DEBUG] [sophisticatedbackpacks/]: Started loading registry data from sophisticatedbackpacks:compat/resourcefulbees/entity_tools 
[20Aug2025 20:21:14.781] [main/DEBUG] [sophisticatedbackpacks/]: Started loading registry data from sophisticatedbackpacks:compat/tetra/swords 
[20Aug2025 20:21:14.781] [main/DEBUG] [sophisticatedbackpacks/]: Started loading registry data from sophisticatedbackpacks:swords 
[20Aug2025 20:21:14.781] [main/DEBUG] [sophisticatedbackpacks/]: Finished loading registry data for sophisticatedbackpacks:swords
[20Aug2025 20:21:14.781] [main/DEBUG] [sophisticatedbackpacks/]: Started loading registry data from sophisticatedbackpacks:compat/mythicbotany/block_tools 
[20Aug2025 20:21:14.781] [main/DEBUG] [sophisticatedbackpacks/]: Started loading registry data from sophisticatedbackpacks:compat/resourcefulbees/block_tools 
[20Aug2025 20:21:14.781] [main/DEBUG] [sophisticatedbackpacks/]: Started loading registry data from sophisticatedbackpacks:compat/syp/entity_tools 
[20Aug2025 20:21:14.781] [main/DEBUG] [sophisticatedbackpacks/]: Started loading registry data from sophisticatedbackpacks:compat/eidolon/block_tools 
[20Aug2025 20:21:14.781] [main/DEBUG] [sophisticatedbackpacks/]: Started loading registry data from sophisticatedbackpacks:compat/rftoolsbase/block_tools 
[20Aug2025 20:21:14.783] [Thread-2/DEBUG] [net.minecraftforge.fml.config.ConfigFileTypeHandler/CONFIG]: Config file ShieldExpansion-common.toml changed, sending notifies
[20Aug2025 20:21:14.783] [Thread-2/DEBUG] [net.minecraftforge.fml.config.ConfigFileTypeHandler/CONFIG]: Config file ShieldExpansion-common.toml changed, sending notifies
[20Aug2025 20:21:14.783] [Thread-2/DEBUG] [net.minecraftforge.fml.config.ConfigFileTypeHandler/CONFIG]: Config file ShieldExpansion-common.toml changed, sending notifies
[20Aug2025 20:21:14.784] [Thread-2/DEBUG] [net.minecraftforge.fml.config.ConfigFileTypeHandler/CONFIG]: Config file ShieldExpansion-common.toml changed, sending notifies
[20Aug2025 20:21:14.784] [Thread-2/DEBUG] [net.minecraftforge.fml.config.ConfigFileTypeHandler/CONFIG]: Config file ShieldExpansion-common.toml changed, sending notifies
[20Aug2025 20:21:14.785] [Thread-2/DEBUG] [net.minecraftforge.fml.config.ConfigFileTypeHandler/CONFIG]: Config file ShieldExpansion-common.toml changed, sending notifies
[20Aug2025 20:21:14.785] [Thread-2/DEBUG] [net.minecraftforge.fml.config.ConfigFileTypeHandler/CONFIG]: Config file ShieldExpansion-common.toml changed, sending notifies
[20Aug2025 20:21:14.786] [Thread-2/DEBUG] [net.minecraftforge.fml.config.ConfigFileTypeHandler/CONFIG]: Config file ShieldExpansion-common.toml changed, sending notifies
[20Aug2025 20:21:14.786] [Thread-2/DEBUG] [net.minecraftforge.fml.config.ConfigFileTypeHandler/CONFIG]: Config file ShieldExpansion-common.toml changed, sending notifies
[20Aug2025 20:21:14.786] [Thread-2/DEBUG] [net.minecraftforge.fml.config.ConfigFileTypeHandler/CONFIG]: Config file ShieldExpansion-common.toml changed, sending notifies
[20Aug2025 20:21:14.787] [Thread-2/DEBUG] [net.minecraftforge.fml.config.ConfigFileTypeHandler/CONFIG]: Config file ShieldExpansion-common.toml changed, sending notifies
[20Aug2025 20:21:14.794] [main/INFO] [top.theillusivec4.curios.Curios/]: Loaded 13 curio slots
[20Aug2025 20:21:14.799] [main/INFO] [top.theillusivec4.curios.Curios/]: Loaded 10 curio entities
[20Aug2025 20:21:14.897] [main/DEBUG] [io.netty.util.internal.InternalThreadLocalMap/]: -Dio.netty.threadLocalMap.stringBuilder.initialSize: 1024
[20Aug2025 20:21:14.897] [main/DEBUG] [io.netty.util.internal.InternalThreadLocalMap/]: -Dio.netty.threadLocalMap.stringBuilder.maxSize: 4096
[20Aug2025 20:21:14.898] [main/DEBUG] [io.netty.util.internal.ThreadLocalRandom/]: -Dio.netty.initialSeedUniquifier: 0xdf34c079756c2dba
[20Aug2025 20:21:14.908] [main/INFO] [com.brutalbosses.BrutalBosses/]: Loaded boss variant for: minecraft:drowned
[20Aug2025 20:21:14.908] [main/INFO] [com.brutalbosses.BrutalBosses/]: Loaded boss variant for: minecraft:iron_golem
[20Aug2025 20:21:14.908] [main/INFO] [com.brutalbosses.BrutalBosses/]: Loaded boss variant for: minecraft:snow_golem
[20Aug2025 20:21:14.908] [main/INFO] [com.brutalbosses.BrutalBosses/]: Loaded boss variant for: minecraft:zombie
[20Aug2025 20:21:14.908] [main/INFO] [com.brutalbosses.BrutalBosses/]: Loaded boss variant for: minecraft:skeleton
[20Aug2025 20:21:14.909] [main/INFO] [com.brutalbosses.BrutalBosses/]: Loaded boss variant for: minecraft:pillager
[20Aug2025 20:21:14.909] [main/INFO] [com.brutalbosses.BrutalBosses/]: Loaded boss variant for: minecraft:vex
[20Aug2025 20:21:14.909] [main/INFO] [com.brutalbosses.BrutalBosses/]: Loaded boss variant for: minecraft:evoker
[20Aug2025 20:21:14.909] [main/INFO] [com.brutalbosses.BrutalBosses/]: Loaded boss variant for: minecraft:zombie
[20Aug2025 20:21:14.910] [main/INFO] [com.brutalbosses.BrutalBosses/]: Loaded boss variant for: minecraft:vindicator
[20Aug2025 20:21:14.910] [main/INFO] [com.brutalbosses.BrutalBosses/]: Loaded boss variant for: minecraft:wither_skeleton
[20Aug2025 20:21:14.910] [main/INFO] [com.brutalbosses.BrutalBosses/]: Loaded boss variant for: minecraft:wither_skeleton
[20Aug2025 20:21:14.910] [main/INFO] [com.brutalbosses.BrutalBosses/]: Loaded boss variant for: minecraft:cave_spider
[20Aug2025 20:21:14.910] [main/INFO] [com.brutalbosses.BrutalBosses/]: Loaded boss variant for: minecraft:zombie
[20Aug2025 20:21:14.910] [main/INFO] [com.brutalbosses.BrutalBosses/]: Loaded boss variant for: minecraft:husk
[20Aug2025 20:21:14.910] [main/INFO] [com.brutalbosses.BrutalBosses/]: Loaded boss variant for: minecraft:evoker
[20Aug2025 20:21:14.911] [main/INFO] [com.brutalbosses.BrutalBosses/]: Loaded boss variant for: minecraft:wandering_trader
[20Aug2025 20:21:14.911] [main/INFO] [com.brutalbosses.BrutalBosses/]: Loaded boss variant for: minecraft:guardian
[20Aug2025 20:21:14.911] [main/INFO] [com.brutalbosses.BrutalBosses/]: Loaded boss variant for: minecraft:vindicator
[20Aug2025 20:21:14.911] [main/INFO] [com.brutalbosses.BrutalBosses/]: Loaded boss variant for: minecraft:shulker
[20Aug2025 20:21:14.911] [main/INFO] [com.brutalbosses.BrutalBosses/]: Loaded boss variant for: minecraft:zoglin
[20Aug2025 20:21:14.911] [main/INFO] [com.brutalbosses.BrutalBosses/]: Loaded boss variant for: minecraft:chicken
[20Aug2025 20:21:14.911] [main/INFO] [com.brutalbosses.BrutalBosses/]: Loaded boss variant for: minecraft:blaze
[20Aug2025 20:21:14.911] [main/INFO] [com.brutalbosses.BrutalBosses/]: Loaded boss variant for: minecraft:witch
[20Aug2025 20:21:14.911] [main/INFO] [com.brutalbosses.BrutalBosses/]: Loaded boss variant for: minecraft:phantom
[20Aug2025 20:21:14.911] [main/INFO] [com.brutalbosses.BrutalBosses/]: Loaded boss variant for: minecraft:mooshroom
[20Aug2025 20:21:14.912] [main/INFO] [com.brutalbosses.BrutalBosses/]: Loaded boss variant for: minecraft:rabbit
[20Aug2025 20:21:14.912] [main/INFO] [com.brutalbosses.BrutalBosses/]: Loaded boss variant for: minecraft:piglin_brute
[20Aug2025 20:21:14.912] [main/INFO] [com.brutalbosses.BrutalBosses/]: Loaded boss variant for: minecraft:ghast
[20Aug2025 20:21:14.912] [main/INFO] [com.brutalbosses.BrutalBosses/]: Loaded boss variant for: minecraft:stray
[20Aug2025 20:21:14.914] [main/INFO] [placebo/]: Registered 0 gear_sets.
[20Aug2025 20:21:16.175] [main/DEBUG] [net.minecraftforge.common.ForgeHooks/WP]: Gathering id map for writing to world save world
[20Aug2025 20:21:16.197] [main/DEBUG] [net.minecraftforge.common.ForgeHooks/WP]: ID Map collection complete world
[20Aug2025 20:21:16.265] [Server thread/INFO] [net.minecraft.server.dedicated.DedicatedServer/]: Starting minecraft server version 1.20.1
[20Aug2025 20:21:16.265] [Server thread/INFO] [net.minecraft.server.dedicated.DedicatedServer/]: Loading properties
[20Aug2025 20:21:16.265] [Server thread/INFO] [net.minecraft.server.dedicated.DedicatedServer/]: Default game type: SURVIVAL
[20Aug2025 20:21:16.265] [Server thread/INFO] [net.minecraft.server.MinecraftServer/]: Generating keypair
[20Aug2025 20:21:16.374] [Server thread/INFO] [net.minecraft.server.dedicated.DedicatedServer/]: Starting Minecraft server on *:25565
[20Aug2025 20:21:16.375] [Server thread/DEBUG] [net.minecraftforge.network.DualStackUtils/]: Detected IPv6 address: "0:0:0:0:0:0:0:0"
[20Aug2025 20:21:16.382] [Server thread/DEBUG] [io.netty.util.internal.NativeLibraryLoader/]: -Dio.netty.native.workdir: /tmp (io.netty.tmpdir)
[20Aug2025 20:21:16.382] [Server thread/DEBUG] [io.netty.util.internal.NativeLibraryLoader/]: -Dio.netty.native.deleteLibAfterLoading: true
[20Aug2025 20:21:16.382] [Server thread/DEBUG] [io.netty.util.internal.NativeLibraryLoader/]: -Dio.netty.native.tryPatchShadedId: true
[20Aug2025 20:21:16.383] [Server thread/DEBUG] [io.netty.util.internal.NativeLibraryLoader/]: -Dio.netty.native.detectNativeLibraryDuplicates: true
[20Aug2025 20:21:16.389] [Server thread/DEBUG] [io.netty.util.internal.NativeLibraryLoader/]: Successfully loaded the library /tmp/libnetty_transport_native_epoll_x86_647728540752910536618.so
[20Aug2025 20:21:16.392] [Server thread/DEBUG] [io.netty.util.NetUtil/]: -Djava.net.preferIPv4Stack: false
[20Aug2025 20:21:16.392] [Server thread/DEBUG] [io.netty.util.NetUtil/]: -Djava.net.preferIPv6Addresses: true
[20Aug2025 20:21:16.394] [Server thread/DEBUG] [io.netty.util.NetUtilInitializations/]: Loopback interface: lo (lo, 0:0:0:0:0:0:0:1%lo)
[20Aug2025 20:21:16.394] [Server thread/DEBUG] [io.netty.util.NetUtil/]: /proc/sys/net/core/somaxconn: 4096
[20Aug2025 20:21:16.399] [Server thread/INFO] [net.minecraft.server.network.ServerConnectionListener/]: Using epoll channel type
[20Aug2025 20:21:16.412] [Server thread/DEBUG] [io.netty.channel.MultithreadEventLoopGroup/]: -Dio.netty.eventLoopThreads: 8
[20Aug2025 20:21:16.433] [Server thread/DEBUG] [io.netty.util.internal.PlatformDependent/]: org.jctools-core.MpscChunkedArrayQueue: available
[20Aug2025 20:21:16.442] [Server thread/DEBUG] [io.netty.channel.DefaultChannelId/]: -Dio.netty.processId: 7083 (auto-detected)
[20Aug2025 20:21:16.443] [Server thread/DEBUG] [io.netty.channel.DefaultChannelId/]: -Dio.netty.machineId: 60:45:bd:ff:fe:f1:96:2d (auto-detected)
[20Aug2025 20:21:16.471] [Server thread/DEBUG] [io.netty.buffer.PooledByteBufAllocator/]: -Dio.netty.allocator.numHeapArenas: 8
[20Aug2025 20:21:16.471] [Server thread/DEBUG] [io.netty.buffer.PooledByteBufAllocator/]: -Dio.netty.allocator.numDirectArenas: 8
[20Aug2025 20:21:16.471] [Server thread/DEBUG] [io.netty.buffer.PooledByteBufAllocator/]: -Dio.netty.allocator.pageSize: 8192
[20Aug2025 20:21:16.471] [Server thread/DEBUG] [io.netty.buffer.PooledByteBufAllocator/]: -Dio.netty.allocator.maxOrder: 9
[20Aug2025 20:21:16.471] [Server thread/DEBUG] [io.netty.buffer.PooledByteBufAllocator/]: -Dio.netty.allocator.chunkSize: 4194304
[20Aug2025 20:21:16.471] [Server thread/DEBUG] [io.netty.buffer.PooledByteBufAllocator/]: -Dio.netty.allocator.smallCacheSize: 256
[20Aug2025 20:21:16.471] [Server thread/DEBUG] [io.netty.buffer.PooledByteBufAllocator/]: -Dio.netty.allocator.normalCacheSize: 64
[20Aug2025 20:21:16.471] [Server thread/DEBUG] [io.netty.buffer.PooledByteBufAllocator/]: -Dio.netty.allocator.maxCachedBufferCapacity: 32768
[20Aug2025 20:21:16.471] [Server thread/DEBUG] [io.netty.buffer.PooledByteBufAllocator/]: -Dio.netty.allocator.cacheTrimInterval: 8192
[20Aug2025 20:21:16.471] [Server thread/DEBUG] [io.netty.buffer.PooledByteBufAllocator/]: -Dio.netty.allocator.cacheTrimIntervalMillis: 0
[20Aug2025 20:21:16.471] [Server thread/DEBUG] [io.netty.buffer.PooledByteBufAllocator/]: -Dio.netty.allocator.useCacheForAllThreads: false
[20Aug2025 20:21:16.472] [Server thread/DEBUG] [io.netty.buffer.PooledByteBufAllocator/]: -Dio.netty.allocator.maxCachedByteBuffersPerChunk: 1023
[20Aug2025 20:21:16.480] [Server thread/DEBUG] [io.netty.buffer.ByteBufUtil/]: -Dio.netty.allocator.type: pooled
[20Aug2025 20:21:16.480] [Server thread/DEBUG] [io.netty.buffer.ByteBufUtil/]: -Dio.netty.threadLocalDirectBufferSize: 0
[20Aug2025 20:21:16.480] [Server thread/DEBUG] [io.netty.buffer.ByteBufUtil/]: -Dio.netty.maxThreadLocalCharBufferSize: 16384
[20Aug2025 20:21:16.489] [Server thread/WARN] [net.minecraft.server.dedicated.DedicatedServer/]: **** SERVER IS RUNNING IN OFFLINE/INSECURE MODE!
[20Aug2025 20:21:16.489] [Server thread/WARN] [net.minecraft.server.dedicated.DedicatedServer/]: The server will make no attempt to authenticate usernames. Beware.
[20Aug2025 20:21:16.490] [Server thread/WARN] [net.minecraft.server.dedicated.DedicatedServer/]: While this makes the game possible to play without internet access, it also opens up the ability for hackers to connect with any username they choose.
[20Aug2025 20:21:16.490] [Server thread/WARN] [net.minecraft.server.dedicated.DedicatedServer/]: To change this, set "online-mode" to "true" in the server.properties file.
[20Aug2025 20:21:16.505] [Server thread/DEBUG] [net.minecraftforge.fml.config.ConfigTracker/CONFIG]: Loading configs type SERVER
[20Aug2025 20:21:16.505] [Server thread/DEBUG] [net.minecraftforge.fml.config.ConfigFileTypeHandler/CONFIG]: Built TOML config for ./world/serverconfig/sophisticatedbackpacks-server.toml
[20Aug2025 20:21:16.507] [Server thread/DEBUG] [net.minecraftforge.fml.config.ConfigFileTypeHandler/CONFIG]: Loaded TOML config file ./world/serverconfig/sophisticatedbackpacks-server.toml
[20Aug2025 20:21:16.507] [Server thread/DEBUG] [net.minecraftforge.fml.config.ConfigFileTypeHandler/CONFIG]: Watching TOML config file ./world/serverconfig/sophisticatedbackpacks-server.toml for changes
[20Aug2025 20:21:16.510] [Thread-2/DEBUG] [net.minecraftforge.fml.config.ConfigFileTypeHandler/CONFIG]: Config file sophisticatedbackpacks-server.toml changed, sending notifies
[20Aug2025 20:21:16.512] [Server thread/DEBUG] [fuzs.puzzleslib.impl.config.core.ForgeConfigFileTypeHandler/CONFIG]: Built TOML config for /workspaces/Los-Parceritos/servidor_minecraft/config/pickupnotifier/pickupnotifier-server.toml
[20Aug2025 20:21:16.512] [Server thread/DEBUG] [fuzs.puzzleslib.impl.config.core.ForgeConfigFileTypeHandler/CONFIG]: Loaded TOML config file /workspaces/Los-Parceritos/servidor_minecraft/config/pickupnotifier/pickupnotifier-server.toml
[20Aug2025 20:21:16.513] [Thread-2/DEBUG] [net.minecraftforge.fml.config.ConfigFileTypeHandler/CONFIG]: Config file sophisticatedbackpacks-server.toml changed, sending notifies
[20Aug2025 20:21:16.514] [Server thread/DEBUG] [fuzs.puzzleslib.impl.config.core.ForgeConfigFileTypeHandler/CONFIG]: Watching TOML config file /workspaces/Los-Parceritos/servidor_minecraft/config/pickupnotifier/pickupnotifier-server.toml for changes
[20Aug2025 20:21:16.515] [Server thread/INFO] [Puzzles Lib/]: Loading server config for pickupnotifier
[20Aug2025 20:21:16.515] [Server thread/DEBUG] [net.minecraftforge.fml.config.ConfigFileTypeHandler/CONFIG]: Built TOML config for ./world/serverconfig/minetraps-server.toml
[20Aug2025 20:21:16.516] [Thread-2/DEBUG] [fuzs.puzzleslib.impl.config.core.ForgeConfigFileTypeHandler/CONFIG]: Config file pickupnotifier/pickupnotifier-server.toml changed, sending notifies
[20Aug2025 20:21:16.516] [Server thread/DEBUG] [net.minecraftforge.fml.config.ConfigFileTypeHandler/CONFIG]: Loaded TOML config file ./world/serverconfig/minetraps-server.toml
[20Aug2025 20:21:16.517] [Server thread/DEBUG] [net.minecraftforge.fml.config.ConfigFileTypeHandler/CONFIG]: Watching TOML config file ./world/serverconfig/minetraps-server.toml for changes
[20Aug2025 20:21:16.516] [Thread-2/INFO] [Puzzles Lib/]: Reloading server config for pickupnotifier
[20Aug2025 20:21:16.517] [Server thread/DEBUG] [net.minecraftforge.fml.config.ConfigFileTypeHandler/CONFIG]: Built TOML config for ./world/serverconfig/paraglider-server.toml
[20Aug2025 20:21:16.518] [Server thread/DEBUG] [net.minecraftforge.fml.config.ConfigFileTypeHandler/CONFIG]: Loaded TOML config file ./world/serverconfig/paraglider-server.toml
[20Aug2025 20:21:16.518] [Thread-2/DEBUG] [net.minecraftforge.fml.config.ConfigFileTypeHandler/CONFIG]: Config file minetraps-server.toml changed, sending notifies
[20Aug2025 20:21:16.518] [Server thread/DEBUG] [net.minecraftforge.fml.config.ConfigFileTypeHandler/CONFIG]: Watching TOML config file ./world/serverconfig/paraglider-server.toml for changes
[20Aug2025 20:21:16.520] [Server thread/DEBUG] [net.minecraftforge.fml.config.ConfigFileTypeHandler/CONFIG]: Built TOML config for ./world/serverconfig/curios-server.toml
[20Aug2025 20:21:16.520] [Server thread/DEBUG] [net.minecraftforge.fml.config.ConfigFileTypeHandler/CONFIG]: Loaded TOML config file ./world/serverconfig/curios-server.toml
[20Aug2025 20:21:16.521] [Server thread/DEBUG] [net.minecraftforge.fml.config.ConfigFileTypeHandler/CONFIG]: Watching TOML config file ./world/serverconfig/curios-server.toml for changes
[20Aug2025 20:21:16.521] [Server thread/DEBUG] [net.minecraftforge.fml.config.ConfigFileTypeHandler/CONFIG]: Built TOML config for ./world/serverconfig/camera-server.toml
[20Aug2025 20:21:16.521] [Server thread/DEBUG] [net.minecraftforge.fml.config.ConfigFileTypeHandler/CONFIG]: Loaded TOML config file ./world/serverconfig/camera-server.toml
[20Aug2025 20:21:16.522] [Server thread/DEBUG] [net.minecraftforge.fml.config.ConfigFileTypeHandler/CONFIG]: Watching TOML config file ./world/serverconfig/camera-server.toml for changes
[20Aug2025 20:21:16.522] [Thread-2/DEBUG] [net.minecraftforge.fml.config.ConfigFileTypeHandler/CONFIG]: Config file minetraps-server.toml changed, sending notifies
[20Aug2025 20:21:16.523] [Thread-2/DEBUG] [net.minecraftforge.fml.config.ConfigFileTypeHandler/CONFIG]: Config file camera-server.toml changed, sending notifies
[20Aug2025 20:21:16.522] [Server thread/DEBUG] [net.minecraftforge.fml.config.ConfigFileTypeHandler/CONFIG]: Built TOML config for /workspaces/Los-Parceritos/servidor_minecraft/config/tombstone-server.toml
[20Aug2025 20:21:16.525] [Server thread/DEBUG] [net.minecraftforge.fml.config.ConfigFileTypeHandler/CONFIG]: Loaded TOML config file /workspaces/Los-Parceritos/servidor_minecraft/config/tombstone-server.toml
[20Aug2025 20:21:16.525] [Server thread/DEBUG] [net.minecraftforge.fml.config.ConfigFileTypeHandler/CONFIG]: Watching TOML config file /workspaces/Los-Parceritos/servidor_minecraft/config/tombstone-server.toml for changes
[20Aug2025 20:21:16.526] [Thread-2/DEBUG] [net.minecraftforge.fml.config.ConfigFileTypeHandler/CONFIG]: Config file tombstone-server.toml changed, sending notifies
[20Aug2025 20:21:16.526] [Server thread/DEBUG] [net.minecraftforge.fml.config.ConfigFileTypeHandler/CONFIG]: Built TOML config for ./world/serverconfig/globalxp-server.toml
[20Aug2025 20:21:16.527] [Server thread/DEBUG] [net.minecraftforge.fml.config.ConfigFileTypeHandler/CONFIG]: Loaded TOML config file ./world/serverconfig/globalxp-server.toml
[20Aug2025 20:21:16.527] [Server thread/DEBUG] [net.minecraftforge.fml.config.ConfigFileTypeHandler/CONFIG]: Watching TOML config file ./world/serverconfig/globalxp-server.toml for changes
[20Aug2025 20:21:16.528] [Thread-2/DEBUG] [net.minecraftforge.fml.config.ConfigFileTypeHandler/CONFIG]: Config file globalxp-server.toml changed, sending notifies
[20Aug2025 20:21:16.528] [Server thread/DEBUG] [fuzs.puzzleslib.impl.config.core.ForgeConfigFileTypeHandler/CONFIG]: Built TOML config for /workspaces/Los-Parceritos/servidor_minecraft/config/enchantinginfuser-server.toml
[20Aug2025 20:21:16.529] [Thread-2/DEBUG] [net.minecraftforge.fml.config.ConfigFileTypeHandler/CONFIG]: Config file globalxp-server.toml changed, sending notifies
[20Aug2025 20:21:16.529] [Server thread/DEBUG] [fuzs.puzzleslib.impl.config.core.ForgeConfigFileTypeHandler/CONFIG]: Loaded TOML config file /workspaces/Los-Parceritos/servidor_minecraft/config/enchantinginfuser-server.toml
[20Aug2025 20:21:16.530] [Server thread/DEBUG] [fuzs.puzzleslib.impl.config.core.ForgeConfigFileTypeHandler/CONFIG]: Watching TOML config file /workspaces/Los-Parceritos/servidor_minecraft/config/enchantinginfuser-server.toml for changes
[20Aug2025 20:21:16.533] [Server thread/INFO] [Puzzles Lib/]: Loading server config for enchantinginfuser
[20Aug2025 20:21:16.534] [Server thread/DEBUG] [net.minecraftforge.fml.config.ConfigFileTypeHandler/CONFIG]: Built TOML config for ./world/serverconfig/jei-server.toml
[20Aug2025 20:21:16.534] [Server thread/DEBUG] [net.minecraftforge.fml.config.ConfigFileTypeHandler/CONFIG]: Loaded TOML config file ./world/serverconfig/jei-server.toml
[20Aug2025 20:21:16.534] [Server thread/DEBUG] [net.minecraftforge.fml.config.ConfigFileTypeHandler/CONFIG]: Watching TOML config file ./world/serverconfig/jei-server.toml for changes
[20Aug2025 20:21:16.535] [Server thread/DEBUG] [net.minecraftforge.fml.config.ConfigFileTypeHandler/CONFIG]: Built TOML config for ./world/serverconfig/journeymap-server.toml
[20Aug2025 20:21:16.535] [Server thread/DEBUG] [net.minecraftforge.fml.config.ConfigFileTypeHandler/CONFIG]: Loaded TOML config file ./world/serverconfig/journeymap-server.toml
[20Aug2025 20:21:16.535] [Server thread/DEBUG] [net.minecraftforge.fml.config.ConfigFileTypeHandler/CONFIG]: Watching TOML config file ./world/serverconfig/journeymap-server.toml for changes
[20Aug2025 20:21:16.536] [Thread-2/DEBUG] [fuzs.puzzleslib.impl.config.core.ForgeConfigFileTypeHandler/CONFIG]: Config file enchantinginfuser-server.toml changed, sending notifies
[20Aug2025 20:21:16.536] [Server thread/INFO] [journeymap/]: Loading JourneyMap Forge Configs
[20Aug2025 20:21:16.536] [Server thread/DEBUG] [net.minecraftforge.fml.config.ConfigFileTypeHandler/CONFIG]: Built TOML config for ./world/serverconfig/forge-server.toml
[20Aug2025 20:21:16.537] [Server thread/DEBUG] [net.minecraftforge.fml.config.ConfigFileTypeHandler/CONFIG]: Loaded TOML config file ./world/serverconfig/forge-server.toml
[20Aug2025 20:21:16.537] [Thread-2/INFO] [Puzzles Lib/]: Reloading server config for enchantinginfuser
[20Aug2025 20:21:16.537] [Server thread/DEBUG] [net.minecraftforge.fml.config.ConfigFileTypeHandler/CONFIG]: Watching TOML config file ./world/serverconfig/forge-server.toml for changes
[20Aug2025 20:21:16.538] [Server thread/DEBUG] [net.minecraftforge.common.ForgeConfig/FORGEMOD]: Loaded forge config file forge-server.toml
[20Aug2025 20:21:16.538] [Server thread/DEBUG] [net.minecraftforge.fml.config.ConfigFileTypeHandler/CONFIG]: Built TOML config for ./world/serverconfig/securitycraft-server.toml
[20Aug2025 20:21:16.539] [Thread-2/DEBUG] [net.minecraftforge.fml.config.ConfigFileTypeHandler/CONFIG]: Config file forge-server.toml changed, sending notifies
[20Aug2025 20:21:16.539] [Server thread/DEBUG] [net.minecraftforge.fml.config.ConfigFileTypeHandler/CONFIG]: Loaded TOML config file ./world/serverconfig/securitycraft-server.toml
[20Aug2025 20:21:16.539] [Server thread/DEBUG] [net.minecraftforge.fml.config.ConfigFileTypeHandler/CONFIG]: Watching TOML config file ./world/serverconfig/securitycraft-server.toml for changes
[20Aug2025 20:21:16.539] [Thread-2/DEBUG] [net.minecraftforge.common.ForgeConfig/FORGEMOD]: Forge config just got changed on the file system!
[20Aug2025 20:21:16.543] [Thread-2/DEBUG] [net.minecraftforge.fml.config.ConfigFileTypeHandler/CONFIG]: Config file securitycraft-server.toml changed, sending notifies
[20Aug2025 20:21:16.545] [Thread-2/DEBUG] [net.minecraftforge.fml.config.ConfigFileTypeHandler/CONFIG]: Config file securitycraft-server.toml changed, sending notifies
[20Aug2025 20:21:16.546] [Server thread/DEBUG] [mixin/]: Mixing accessor.BiomeSpecialEffectsBuilderForgeAccessor from puzzleslib.forge.mixins.json into net.minecraft.world.level.biome.BiomeSpecialEffects$Builder
[20Aug2025 20:21:16.640] [Server thread/DEBUG] [Paraglider/]: Start adding village structures
[20Aug2025 20:21:16.641] [Server thread/DEBUG] [Paraglider/]: Added 2 elements to template pool 'minecraft:village/desert/houses'
[20Aug2025 20:21:16.641] [Server thread/DEBUG] [Paraglider/]: Added 2 elements to template pool 'minecraft:village/plains/houses'
[20Aug2025 20:21:16.641] [Server thread/DEBUG] [Paraglider/]: Added 2 elements to template pool 'minecraft:village/savanna/houses'
[20Aug2025 20:21:16.641] [Server thread/DEBUG] [Paraglider/]: Added 1 elements to template pool 'minecraft:village/snowy/houses'
[20Aug2025 20:21:16.641] [Server thread/DEBUG] [Paraglider/]: Added 2 elements to template pool 'minecraft:village/taiga/houses'
[20Aug2025 20:21:16.641] [Server thread/DEBUG] [Paraglider/]: Finished adding village structures
[20Aug2025 20:21:16.646] [Server thread/INFO] [Framework/]: Loading server configs...
[20Aug2025 20:21:16.651] [Server thread/DEBUG] [Framework/]: Started watching config: /workspaces/Los-Parceritos/servidor_minecraft/config/refurbished_furniture.server.toml
[20Aug2025 20:21:16.668] [Server thread/INFO] [terrablender/]: Registered region minecraft:overworld to index 0 for type OVERWORLD
[20Aug2025 20:21:16.668] [Server thread/INFO] [terrablender/]: Registered region minecraft:nether to index 0 for type NETHER
[20Aug2025 20:21:16.779] [Server thread/INFO] [terrablender/]: Initialized TerraBlender biomes for level stem minecraft:overworld
[20Aug2025 20:21:16.780] [Server thread/INFO] [terrablender/]: Initialized TerraBlender biomes for level stem minecraft:the_nether
[20Aug2025 20:21:16.780] [Server thread/INFO] [net.minecraft.server.dedicated.DedicatedServer/]: Preparing level "world"
[20Aug2025 20:21:16.795] [Server thread/DEBUG] [net.minecraftforge.coremod.transformer.CoreModBaseTransformer/COREMOD]: Transforming net/minecraft/world/level/levelgen/PhantomSpawner
[20Aug2025 20:21:16.804] [Server thread/DEBUG] [net.minecraftforge.coremod.transformer.CoreModBaseTransformer/COREMOD]: Transforming net/minecraft/world/level/levelgen/PatrolSpawner
[20Aug2025 20:21:16.809] [Server thread/DEBUG] [net.minecraftforge.coremod.transformer.CoreModBaseTransformer/COREMOD]: Transforming net/minecraft/world/entity/npc/CatSpawner
[20Aug2025 20:21:16.814] [Server thread/DEBUG] [net.minecraftforge.coremod.transformer.CoreModBaseTransformer/COREMOD]: Transforming net/minecraft/world/entity/ai/village/VillageSiege
[20Aug2025 20:21:16.825] [Server thread/DEBUG] [mixin/]: Mixing ChunkLoadDebug from cupboard.mixins.json into net.minecraft.server.level.ServerChunkCache
[20Aug2025 20:21:16.837] [Server thread/DEBUG] [mixin/]: Mixing DamageSourcesMixin from tombstone.mixins.json into net.minecraft.world.damagesource.DamageSources
[20Aug2025 20:21:16.885] [Server thread/DEBUG] [mixin/]: Mixing common.ChunkMapMixin from lithostitched.mixins.json into net.minecraft.server.level.ChunkMap
[20Aug2025 20:21:16.886] [Server thread/DEBUG] [mixin/]: Renaming synthetic method lambda$wrapNoiseRouter$0(Lnet/minecraft/server/level/ServerLevel;Ldev/worldgen/lithostitched/worldgen/modifier/Modifier;)Z to md7b373c$lambda$wrapNoiseRouter$0$0 in lithostitched.mixins.json:common.ChunkMapMixin
[20Aug2025 20:21:16.888] [Server thread/DEBUG] [mixin/]: Mixing camera.ChunkMapMixin from securitycraft.mixins.json into net.minecraft.server.level.ChunkMap
[20Aug2025 20:21:16.889] [Server thread/DEBUG] [mixin/]: Renaming synthetic method lambda$securitycraft$onDropChunk$3(Lnet/minecraft/server/level/ServerPlayer;Lnet/minecraft/world/level/ChunkPos;Lnet/geforcemods/securitycraft/blockentities/SecurityCameraBlockEntity;)Z to md7b373c$lambda$securitycraft$onDropChunk$3$1 in securitycraft.mixins.json:camera.ChunkMapMixin
[20Aug2025 20:21:16.889] [Server thread/DEBUG] [mixin/]: Renaming synthetic method lambda$securitycraft$sendChunksToCameras$2(Lnet/minecraft/server/level/ServerPlayer;Lnet/minecraft/world/level/ChunkPos;Lnet/geforcemods/securitycraft/blockentities/SecurityCameraBlockEntity;)Z to md7b373c$lambda$securitycraft$sendChunksToCameras$2$2 in securitycraft.mixins.json:camera.ChunkMapMixin
[20Aug2025 20:21:16.889] [Server thread/DEBUG] [mixin/]: Renaming synthetic method lambda$securitycraft$trackCameraLoadedChunks$1(Lnet/minecraft/server/level/ServerPlayer;Lnet/minecraft/world/level/ChunkPos;Lnet/geforcemods/securitycraft/blockentities/SecurityCameraBlockEntity;)Z to md7b373c$lambda$securitycraft$trackCameraLoadedChunks$1$3 in securitycraft.mixins.json:camera.ChunkMapMixin
[20Aug2025 20:21:16.889] [Server thread/DEBUG] [mixin/]: Renaming synthetic method lambda$securitycraft$trackCameraLoadedChunks$0(Lnet/minecraft/server/level/ServerPlayer;Lnet/geforcemods/securitycraft/blockentities/SecurityCameraBlockEntity;)Z to md7b373c$lambda$securitycraft$trackCameraLoadedChunks$0$4 in securitycraft.mixins.json:camera.ChunkMapMixin
[20Aug2025 20:21:16.917] [Server thread/DEBUG] [mixin/]: Mixing MixinProtoChunk from forge-mca.mixin.json into net.minecraft.world.level.chunk.ProtoChunk
[20Aug2025 20:21:16.936] [Server thread/DEBUG] [mixin/]: Mixing common.RandomStateAccessor from lithostitched.mixins.json into net.minecraft.world.level.levelgen.RandomState
[20Aug2025 20:21:17.177] [Server thread/DEBUG] [mixin/]: Mixing reinforced.PortalForcerMixin from securitycraft.mixins.json into net.minecraft.world.level.portal.PortalForcer
[20Aug2025 20:21:17.190] [Server thread/DEBUG] [mixin/]: Mixing accessor.StructureManagerAccessor from betterfortresses.mixins.json into net.minecraft.world.level.StructureManager
[20Aug2025 20:21:17.219] [Server thread/WARN] [yungsapi/]: WARNING: block Block{minecraft:coal_ore} added to BlockStateRandomizer exceeds max probabiltiy of 1!
[20Aug2025 20:21:17.272] [Server thread/DEBUG] [mixin/]: Mixing CombatTrackerAccessor from playerrevive.mixins.json into net.minecraft.world.damagesource.CombatTracker
[20Aug2025 20:21:17.659] [Server thread/WARN] [net.minecraft.network.syncher.SynchedEntityData/]: defineId called for: class forge.net.mca.entity.ZombieVillagerEntityMCA from class forge.net.mca.util.network.datasync.CDataParameter
[20Aug2025 20:21:17.660] [Server thread/WARN] [net.minecraft.network.syncher.SynchedEntityData/]: defineId called for: class forge.net.mca.entity.ZombieVillagerEntityMCA from class forge.net.mca.util.network.datasync.CDataParameter
[20Aug2025 20:21:17.661] [Server thread/WARN] [net.minecraft.network.syncher.SynchedEntityData/]: defineId called for: class forge.net.mca.entity.ZombieVillagerEntityMCA from class forge.net.mca.util.network.datasync.CDataParameter
[20Aug2025 20:21:17.663] [Server thread/WARN] [net.minecraft.network.syncher.SynchedEntityData/]: defineId called for: class forge.net.mca.entity.ZombieVillagerEntityMCA from class forge.net.mca.util.network.datasync.CDataParameter
[20Aug2025 20:21:17.664] [Server thread/WARN] [net.minecraft.network.syncher.SynchedEntityData/]: defineId called for: class forge.net.mca.entity.ZombieVillagerEntityMCA from class forge.net.mca.util.network.datasync.CDataParameter
[20Aug2025 20:21:17.665] [Server thread/WARN] [net.minecraft.network.syncher.SynchedEntityData/]: defineId called for: class forge.net.mca.entity.ZombieVillagerEntityMCA from class forge.net.mca.util.network.datasync.CDataParameter
[20Aug2025 20:21:17.666] [Server thread/WARN] [net.minecraft.network.syncher.SynchedEntityData/]: defineId called for: class forge.net.mca.entity.ZombieVillagerEntityMCA from class forge.net.mca.util.network.datasync.CDataParameter
[20Aug2025 20:21:17.667] [Server thread/WARN] [net.minecraft.network.syncher.SynchedEntityData/]: defineId called for: class forge.net.mca.entity.ZombieVillagerEntityMCA from class forge.net.mca.util.network.datasync.CEnumParameter
[20Aug2025 20:21:17.668] [Server thread/WARN] [net.minecraft.network.syncher.SynchedEntityData/]: defineId called for: class forge.net.mca.entity.ZombieVillagerEntityMCA from class forge.net.mca.util.network.datasync.CDataParameter
[20Aug2025 20:21:17.669] [Server thread/WARN] [net.minecraft.network.syncher.SynchedEntityData/]: defineId called for: class forge.net.mca.entity.ZombieVillagerEntityMCA from class forge.net.mca.util.network.datasync.CDataParameter
[20Aug2025 20:21:17.670] [Server thread/WARN] [net.minecraft.network.syncher.SynchedEntityData/]: defineId called for: class forge.net.mca.entity.ZombieVillagerEntityMCA from class forge.net.mca.util.network.datasync.CDataParameter
[20Aug2025 20:21:17.671] [Server thread/WARN] [net.minecraft.network.syncher.SynchedEntityData/]: defineId called for: class forge.net.mca.entity.ZombieVillagerEntityMCA from class forge.net.mca.util.network.datasync.CDataParameter
[20Aug2025 20:21:17.673] [Server thread/WARN] [net.minecraft.network.syncher.SynchedEntityData/]: defineId called for: class forge.net.mca.entity.ZombieVillagerEntityMCA from class forge.net.mca.util.network.datasync.CDataParameter
[20Aug2025 20:21:17.674] [Server thread/WARN] [net.minecraft.network.syncher.SynchedEntityData/]: defineId called for: class forge.net.mca.entity.ZombieVillagerEntityMCA from class forge.net.mca.util.network.datasync.CDataParameter
[20Aug2025 20:21:17.675] [Server thread/WARN] [net.minecraft.network.syncher.SynchedEntityData/]: defineId called for: class forge.net.mca.entity.ZombieVillagerEntityMCA from class forge.net.mca.util.network.datasync.CDataParameter
[20Aug2025 20:21:17.676] [Server thread/WARN] [net.minecraft.network.syncher.SynchedEntityData/]: defineId called for: class forge.net.mca.entity.ZombieVillagerEntityMCA from class forge.net.mca.util.network.datasync.CDataParameter
[20Aug2025 20:21:17.677] [Server thread/WARN] [net.minecraft.network.syncher.SynchedEntityData/]: defineId called for: class forge.net.mca.entity.ZombieVillagerEntityMCA from class forge.net.mca.util.network.datasync.CDataParameter
[20Aug2025 20:21:17.678] [Server thread/WARN] [net.minecraft.network.syncher.SynchedEntityData/]: defineId called for: class forge.net.mca.entity.ZombieVillagerEntityMCA from class forge.net.mca.util.network.datasync.CDataParameter
[20Aug2025 20:21:17.679] [Server thread/WARN] [net.minecraft.network.syncher.SynchedEntityData/]: defineId called for: class forge.net.mca.entity.ZombieVillagerEntityMCA from class forge.net.mca.util.network.datasync.CDataParameter
[20Aug2025 20:21:17.679] [Server thread/WARN] [net.minecraft.network.syncher.SynchedEntityData/]: defineId called for: class forge.net.mca.entity.ZombieVillagerEntityMCA from class forge.net.mca.util.network.datasync.CEnumParameter
[20Aug2025 20:21:17.680] [Server thread/WARN] [net.minecraft.network.syncher.SynchedEntityData/]: defineId called for: class forge.net.mca.entity.ZombieVillagerEntityMCA from class forge.net.mca.util.network.datasync.CDataParameter
[20Aug2025 20:21:17.682] [Server thread/WARN] [net.minecraft.network.syncher.SynchedEntityData/]: defineId called for: class forge.net.mca.entity.ZombieVillagerEntityMCA from class forge.net.mca.util.network.datasync.CDataParameter
[20Aug2025 20:21:17.682] [Server thread/WARN] [net.minecraft.network.syncher.SynchedEntityData/]: defineId called for: class forge.net.mca.entity.ZombieVillagerEntityMCA from class forge.net.mca.util.network.datasync.CEnumParameter
[20Aug2025 20:21:17.683] [Server thread/WARN] [net.minecraft.network.syncher.SynchedEntityData/]: defineId called for: class forge.net.mca.entity.ZombieVillagerEntityMCA from class forge.net.mca.util.network.datasync.CDataParameter
[20Aug2025 20:21:17.684] [Server thread/WARN] [net.minecraft.network.syncher.SynchedEntityData/]: defineId called for: class forge.net.mca.entity.ZombieVillagerEntityMCA from class forge.net.mca.util.network.datasync.CEnumParameter
[20Aug2025 20:21:17.685] [Server thread/WARN] [net.minecraft.network.syncher.SynchedEntityData/]: defineId called for: class forge.net.mca.entity.ZombieVillagerEntityMCA from class forge.net.mca.util.network.datasync.CEnumParameter
[20Aug2025 20:21:17.686] [Server thread/WARN] [net.minecraft.network.syncher.SynchedEntityData/]: defineId called for: class forge.net.mca.entity.ZombieVillagerEntityMCA from class forge.net.mca.util.network.datasync.CDataParameter
[20Aug2025 20:21:17.687] [Server thread/WARN] [net.minecraft.network.syncher.SynchedEntityData/]: defineId called for: class forge.net.mca.entity.ZombieVillagerEntityMCA from class forge.net.mca.util.network.datasync.CDataParameter
[20Aug2025 20:21:17.688] [Server thread/WARN] [net.minecraft.network.syncher.SynchedEntityData/]: defineId called for: class forge.net.mca.entity.ZombieVillagerEntityMCA from class forge.net.mca.util.network.datasync.CDataParameter
[20Aug2025 20:21:17.688] [Server thread/WARN] [net.minecraft.network.syncher.SynchedEntityData/]: defineId called for: class forge.net.mca.entity.ZombieVillagerEntityMCA from class forge.net.mca.util.network.datasync.CDataParameter
[20Aug2025 20:21:17.689] [Server thread/WARN] [net.minecraft.network.syncher.SynchedEntityData/]: defineId called for: class forge.net.mca.entity.ZombieVillagerEntityMCA from class forge.net.mca.util.network.datasync.CDataParameter
[20Aug2025 20:21:17.691] [Server thread/WARN] [net.minecraft.network.syncher.SynchedEntityData/]: defineId called for: class forge.net.mca.entity.ZombieVillagerEntityMCA from class forge.net.mca.util.network.datasync.CDataParameter
[20Aug2025 20:21:17.692] [Server thread/WARN] [net.minecraft.network.syncher.SynchedEntityData/]: defineId called for: class forge.net.mca.entity.ZombieVillagerEntityMCA from class forge.net.mca.util.network.datasync.CDataParameter
[20Aug2025 20:21:17.692] [Server thread/WARN] [net.minecraft.network.syncher.SynchedEntityData/]: defineId called for: class forge.net.mca.entity.ZombieVillagerEntityMCA from class forge.net.mca.util.network.datasync.CDataParameter
[20Aug2025 20:21:17.693] [Server thread/WARN] [net.minecraft.network.syncher.SynchedEntityData/]: defineId called for: class forge.net.mca.entity.ZombieVillagerEntityMCA from class forge.net.mca.util.network.datasync.CDataParameter
[20Aug2025 20:21:17.694] [Server thread/WARN] [net.minecraft.network.syncher.SynchedEntityData/]: defineId called for: class forge.net.mca.entity.ZombieVillagerEntityMCA from class forge.net.mca.util.network.datasync.CDataParameter
[20Aug2025 20:21:17.695] [Server thread/WARN] [net.minecraft.network.syncher.SynchedEntityData/]: defineId called for: class forge.net.mca.entity.ZombieVillagerEntityMCA from class forge.net.mca.util.network.datasync.CDataParameter
[20Aug2025 20:21:17.912] [Server thread/DEBUG] [mixin/]: Mixing MixinPiglinAi from curios.mixins.json into net.minecraft.world.entity.monster.piglin.PiglinAi
[20Aug2025 20:21:20.521] [Server thread/WARN] [yungsapi/]: WARNING: block Block{minecraft:coal_ore} added to BlockStateRandomizer exceeds max probabiltiy of 1!
[20Aug2025 20:21:20.538] [Server thread/WARN] [yungsapi/]: WARNING: block Block{minecraft:coal_ore} added to BlockStateRandomizer exceeds max probabiltiy of 1!
[20Aug2025 20:21:20.545] [Server thread/INFO] [net.minecraft.server.MinecraftServer/]: Preparing start region for dimension minecraft:overworld
[20Aug2025 20:21:21.484] [Server thread/DEBUG] [mixin/]: Mixing MixinChunkSerializer from architectury.mixins.json into net.minecraft.world.level.chunk.storage.ChunkSerializer
[20Aug2025 20:21:21.520] [Server thread/DEBUG] [mixin/]: Mixing ThreadingDetectorMixin from cupboard.mixins.json into net.minecraft.util.ThreadingDetector
[20Aug2025 20:21:22.144] [Server thread/DEBUG] [mixin/]: Mixing accessor.BoundingBoxAccessor from yungsapi.mixins.json into net.minecraft.world.level.levelgen.structure.BoundingBox
[20Aug2025 20:21:22.152] [Server thread/DEBUG] [net.minecraftforge.coremod.transformer.CoreModBaseTransformer/COREMOD]: Transforming net/minecraft/world/level/levelgen/structure/templatesystem/StructureTemplate
[20Aug2025 20:21:22.285] [Server thread/DEBUG] [mixin/]: Mixing common.StructureTemplateMixin from lithostitched.mixins.json into net.minecraft.world.level.levelgen.structure.templatesystem.StructureTemplate
[20Aug2025 20:21:22.288] [Server thread/DEBUG] [mixin/]: Mixing passcode.StructureTemplateMixin from securitycraft.mixins.json into net.minecraft.world.level.levelgen.structure.templatesystem.StructureTemplate
[20Aug2025 20:21:28.988] [Server thread/INFO] [net.minecraft.server.level.progress.LoggerChunkProgressListener/]: Time elapsed: 864556 ms
[20Aug2025 20:21:28.988] [Server thread/INFO] [net.minecraft.server.dedicated.DedicatedServer/]: Done (12.484s)! For help, type "help"
[20Aug2025 20:21:28.994] [Server thread/DEBUG] [mixin/]: Mixing HTTPUtilMixin from mixins.hammerlib.json into net.minecraft.util.HttpUtil
[20Aug2025 20:21:28.995] [Server thread/DEBUG] [mixin/]: Renaming synthetic method lambda$getAvailablePort_HammerLib$1(Lorg/zeith/hammerlib/event/GetSuitableLanPortEvent;Lorg/zeith/hammerlib/core/ConfigHL;)V to md7b373c$lambda$getAvailablePort_HammerLib$1$0 in mixins.hammerlib.json:HTTPUtilMixin
[20Aug2025 20:21:28.995] [Server thread/DEBUG] [mixin/]: Renaming synthetic method lambda$getAvailablePort_HammerLib$0(Lorg/zeith/hammerlib/event/GetSuitableLanPortEvent;Ljava/lang/Number;)V to md7b373c$lambda$getAvailablePort_HammerLib$0$1 in mixins.hammerlib.json:HTTPUtilMixin
[20Aug2025 20:21:29.013] [Server thread/DEBUG] [net.minecraftforge.network.DualStackUtils/]: Detected IPv6 address: "0:0:0:0:0:0:0:0"
[20Aug2025 20:21:29.055] [Server thread/DEBUG] [net.minecraftforge.common.ForgeI18n/CORE]: Loading I18N data entries: 11303
[20Aug2025 20:21:29.058] [Server thread/INFO] [net.minecraftforge.server.permission.PermissionAPI/]: Successfully initialized permission handler forge:default_handler
[20Aug2025 20:21:29.094] [Server thread/INFO] [com.cupboard.Cupboard/]: Loaded config for: brutalbosses.json
[20Aug2025 20:21:29.109] [Server thread/INFO] [atomicstryker.infernalmobs.common.InfernalMobsCore/]: item config parser finished, item count: 14
[20Aug2025 20:21:29.109] [Server thread/INFO] [atomicstryker.infernalmobs.common.InfernalMobsCore/]: item config parser finished, item count: 17
[20Aug2025 20:21:29.110] [Server thread/INFO] [atomicstryker.infernalmobs.common.InfernalMobsCore/]: item config parser finished, item count: 16
[20Aug2025 20:21:29.110] [Server thread/INFO] [atomicstryker.infernalmobs.common.InfernalMobsCore/]: InfernalMobsCore commonSetup completed! Modifiers ready: 28
[20Aug2025 20:21:29.110] [Server thread/INFO] [atomicstryker.infernalmobs.common.InfernalMobsCore/]: InfernalMobsCore commonSetup completed! config file at: /workspaces/Los-Parceritos/servidor_minecraft/./config/infernalmobs.cfg
[20Aug2025 20:21:29.140] [Server thread/DEBUG] [io.netty.buffer.AbstractByteBuf/]: -Dio.netty.buffer.checkAccessible: true
[20Aug2025 20:21:29.141] [Server thread/DEBUG] [io.netty.buffer.AbstractByteBuf/]: -Dio.netty.buffer.checkBounds: true
[20Aug2025 20:21:29.141] [Server thread/DEBUG] [io.netty.util.ResourceLeakDetectorFactory/]: Loaded default ResourceLeakDetector: io.netty.util.ResourceLeakDetector@1c254c9c
[20Aug2025 20:21:29.189] [Server thread/DEBUG] [net.minecraftforge.coremod.transformer.CoreModBaseTransformer/COREMOD]: Transforming net/minecraft/world/level/NaturalSpawner
[20Aug2025 20:21:29.215] [Server thread/DEBUG] [mixin/]: Mixing item.wearable.NaturalSpawnerMixin from mixins.artifacts.common.json into net.minecraft.world.level.NaturalSpawner
[20Aug2025 20:21:29.216] [Server thread/DEBUG] [mixin/]: Renaming synthetic method lambda$spawnCategoryForPosition$0(Lnet/minecraft/world/entity/Mob;Lnet/minecraft/world/item/ItemStack;)V to md7b373c$lambda$spawnCategoryForPosition$0$0 in mixins.artifacts.common.json:item.wearable.NaturalSpawnerMixin
[20Aug2025 20:21:29.278] [Server thread/DEBUG] [mixin/]: Mixing camera.TrackedEntityMixin from securitycraft.mixins.json into net.minecraft.server.level.ChunkMap$TrackedEntity
[20Aug2025 20:21:29.291] [Server thread/DEBUG] [atomicstryker.infernalmobs.common.InfernalMobsCore/]: entity Vindicator['Vindicator'/345, l='ServerLevel[world]', x=-2390.51, y=7.00, z=821.63] was spawned in unmodified before, not modifying it
[20Aug2025 20:21:29.291] [Server thread/DEBUG] [atomicstryker.infernalmobs.common.InfernalMobsCore/]: entity Vindicator['Vindicator'/346, l='ServerLevel[world]', x=-2386.55, y=7.00, z=821.45] was spawned in unmodified before, not modifying it
[20Aug2025 20:21:29.291] [Server thread/DEBUG] [atomicstryker.infernalmobs.common.InfernalMobsCore/]: entity Witch['Witch'/347, l='ServerLevel[world]', x=-2388.39, y=7.00, z=818.40] was spawned in unmodified before, not modifying it
[20Aug2025 20:21:29.292] [Server thread/DEBUG] [atomicstryker.infernalmobs.common.InfernalMobsCore/]: entity MimicEntity['Mimic'/349, l='ServerLevel[world]', x=-2388.50, y=35.00, z=819.50] was spawned in unmodified before, not modifying it
[20Aug2025 20:21:29.293] [Server thread/DEBUG] [atomicstryker.infernalmobs.common.InfernalMobsCore/]: entity Evoker['Evoker'/355, l='ServerLevel[world]', x=-2391.30, y=7.00, z=814.04] was spawned in unmodified before, not modifying it
[20Aug2025 20:21:29.295] [Server thread/DEBUG] [atomicstryker.infernalmobs.common.InfernalMobsCore/]: reloading mods for Pillager['Pillager'/356, l='ServerLevel[world]', x=-2391.57, y=7.00, z=813.39]: Storm Ender Bulwark Alchemist , mod instance atomicstryker.infernalmobs.common.mods.MM_Storm@7fd4d5e8
[20Aug2025 20:21:29.296] [Server thread/DEBUG] [atomicstryker.infernalmobs.common.InfernalMobsCore/]: entity Witch['Witch'/357, l='ServerLevel[world]', x=-2397.32, y=14.00, z=803.73] was spawned in unmodified before, not modifying it
[20Aug2025 20:21:29.296] [Server thread/DEBUG] [atomicstryker.infernalmobs.common.InfernalMobsCore/]: entity Pillager['Pillager'/358, l='ServerLevel[world]', x=-2396.50, y=7.00, z=812.83] was spawned in unmodified before, not modifying it
[20Aug2025 20:21:29.296] [Server thread/DEBUG] [atomicstryker.infernalmobs.common.InfernalMobsCore/]: entity Pillager['Pillager'/361, l='ServerLevel[world]', x=-2388.73, y=-6.00, z=803.70] was spawned in unmodified before, not modifying it
[20Aug2025 20:21:29.297] [Server thread/DEBUG] [atomicstryker.infernalmobs.common.InfernalMobsCore/]: entity Pillager['Pillager'/371, l='ServerLevel[world]', x=-2378.42, y=0.00, z=815.58] was spawned in unmodified before, not modifying it
[20Aug2025 20:21:29.297] [Server thread/DEBUG] [atomicstryker.infernalmobs.common.InfernalMobsCore/]: entity Vindicator['Vindicator'/372, l='ServerLevel[world]', x=-2380.54, y=7.00, z=810.87] was spawned in unmodified before, not modifying it
[20Aug2025 20:21:29.298] [Server thread/DEBUG] [atomicstryker.infernalmobs.common.InfernalMobsCore/]: entity Vindicator['Vindicator'/373, l='ServerLevel[world]', x=-2381.49, y=7.00, z=815.08] was spawned in unmodified before, not modifying it
[20Aug2025 20:21:29.300] [Server thread/DEBUG] [atomicstryker.infernalmobs.common.InfernalMobsCore/]: entity Witch['Witch'/386, l='ServerLevel[world]', x=-2404.70, y=15.64, z=802.89] was spawned in unmodified before, not modifying it
[20Aug2025 20:21:29.300] [Server thread/DEBUG] [atomicstryker.infernalmobs.common.InfernalMobsCore/]: entity Witch['Witch'/387, l='ServerLevel[world]', x=-2403.75, y=15.25, z=801.94] was spawned in unmodified before, not modifying it
[20Aug2025 20:21:29.301] [Server thread/DEBUG] [atomicstryker.infernalmobs.common.InfernalMobsCore/]: reloading mods for Vindicator['Vindicator'/391, l='ServerLevel[world]', x=-2400.11, y=14.00, z=794.09]: Weakness LifeSteal Vengeance Wither , mod instance atomicstryker.infernalmobs.common.mods.MM_Weakness@51701fe0
[20Aug2025 20:21:29.302] [Server thread/DEBUG] [atomicstryker.infernalmobs.common.InfernalMobsCore/]: entity Pillager['Pillager'/392, l='ServerLevel[world]', x=-2404.93, y=-14.00, z=794.51] was spawned in unmodified before, not modifying it
[20Aug2025 20:21:29.302] [Server thread/DEBUG] [atomicstryker.infernalmobs.common.InfernalMobsCore/]: entity Pillager['Pillager'/393, l='ServerLevel[world]', x=-2393.14, y=9.00, z=790.50] was spawned in unmodified before, not modifying it
[20Aug2025 20:21:29.302] [Server thread/DEBUG] [atomicstryker.infernalmobs.common.InfernalMobsCore/]: entity Pillager['Pillager'/394, l='ServerLevel[world]', x=-2399.52, y=0.00, z=799.50] was spawned in unmodified before, not modifying it
[20Aug2025 20:21:29.303] [Server thread/DEBUG] [atomicstryker.infernalmobs.common.InfernalMobsCore/]: entity Evoker['Evoker'/396, l='ServerLevel[world]', x=-2389.45, y=-14.00, z=795.44] was spawned in unmodified before, not modifying it
[20Aug2025 20:21:29.303] [Server thread/DEBUG] [atomicstryker.infernalmobs.common.InfernalMobsCore/]: entity Pillager['Pillager'/397, l='ServerLevel[world]', x=-2386.51, y=-14.00, z=795.49] was spawned in unmodified before, not modifying it
[20Aug2025 20:21:29.303] [Server thread/DEBUG] [atomicstryker.infernalmobs.common.InfernalMobsCore/]: reloading mods for Pillager['Pillager'/398, l='ServerLevel[world]', x=-2388.42, y=-7.00, z=797.13]: Bulwark Alchemist , mod instance atomicstryker.infernalmobs.common.mods.MM_Bulwark@7ca50067
[20Aug2025 20:21:29.303] [Server thread/DEBUG] [atomicstryker.infernalmobs.common.InfernalMobsCore/]: entity Vindicator['Vindicator'/399, l='ServerLevel[world]', x=-2384.22, y=-14.00, z=794.30] was spawned in unmodified before, not modifying it
[20Aug2025 20:21:29.304] [Server thread/DEBUG] [atomicstryker.infernalmobs.common.InfernalMobsCore/]: entity Pillager['Pillager'/400, l='ServerLevel[world]', x=-2398.27, y=-14.00, z=797.51] was spawned in unmodified before, not modifying it
[20Aug2025 20:21:29.304] [Server thread/DEBUG] [atomicstryker.infernalmobs.common.InfernalMobsCore/]: entity Pillager['Pillager'/401, l='ServerLevel[world]', x=-2384.08, y=-5.83, z=799.71] was spawned in unmodified before, not modifying it
[20Aug2025 20:21:29.304] [Server thread/DEBUG] [atomicstryker.infernalmobs.common.InfernalMobsCore/]: entity Pillager['Pillager'/402, l='ServerLevel[world]', x=-2371.06, y=-12.00, z=791.76] was spawned in unmodified before, not modifying it
[20Aug2025 20:21:29.304] [Server thread/DEBUG] [atomicstryker.infernalmobs.common.InfernalMobsCore/]: entity Vindicator['Vindicator'/403, l='ServerLevel[world]', x=-2378.87, y=-4.00, z=788.47] was spawned in unmodified before, not modifying it
[20Aug2025 20:21:29.305] [Server thread/DEBUG] [atomicstryker.infernalmobs.common.InfernalMobsCore/]: entity Pillager['Pillager'/404, l='ServerLevel[world]', x=-2381.33, y=-14.00, z=795.33] was spawned in unmodified before, not modifying it
[20Aug2025 20:21:29.305] [Server thread/DEBUG] [atomicstryker.infernalmobs.common.InfernalMobsCore/]: entity Pillager['Pillager'/405, l='ServerLevel[world]', x=-2372.51, y=-14.00, z=786.49] was spawned in unmodified before, not modifying it
[20Aug2025 20:21:29.305] [Server thread/DEBUG] [atomicstryker.infernalmobs.common.InfernalMobsCore/]: entity Pillager['Pillager'/406, l='ServerLevel[world]', x=-2379.43, y=-4.00, z=787.43] was spawned in unmodified before, not modifying it
[20Aug2025 20:21:29.305] [Server thread/DEBUG] [atomicstryker.infernalmobs.common.InfernalMobsCore/]: entity Vindicator['Vindicator'/407, l='ServerLevel[world]', x=-2378.98, y=-14.00, z=788.38] was spawned in unmodified before, not modifying it
[20Aug2025 20:21:29.306] [Server thread/DEBUG] [atomicstryker.infernalmobs.common.InfernalMobsCore/]: reloading mods for Pillager['Pillager'/408, l='ServerLevel[world]', x=-2378.89, y=-7.00, z=792.63]: Blastoff Sprint Regen , mod instance atomicstryker.infernalmobs.common.mods.MM_Blastoff@1f70d1d0
[20Aug2025 20:21:29.306] [Server thread/DEBUG] [atomicstryker.infernalmobs.common.InfernalMobsCore/]: entity Pillager['Pillager'/409, l='ServerLevel[world]', x=-2377.51, y=-14.00, z=794.50] was spawned in unmodified before, not modifying it
[20Aug2025 20:21:29.307] [Server thread/DEBUG] [atomicstryker.infernalmobs.common.InfernalMobsCore/]: reloading mods for Pillager['Pillager'/410, l='ServerLevel[world]', x=-2376.08, y=-10.82, z=786.51]: Vengeance Exhaust , mod instance atomicstryker.infernalmobs.common.mods.MM_Vengeance@7ff98675
[20Aug2025 20:21:29.307] [Server thread/DEBUG] [atomicstryker.infernalmobs.common.InfernalMobsCore/]: entity Vindicator['Vindicator'/411, l='ServerLevel[world]', x=-2372.55, y=-9.00, z=785.61] was spawned in unmodified before, not modifying it
[20Aug2025 20:21:29.309] [Server thread/DEBUG] [atomicstryker.infernalmobs.common.InfernalMobsCore/]: entity Witch['Witch'/414, l='ServerLevel[world]', x=-2355.49, y=8.00, z=792.52] was spawned in unmodified before, not modifying it
[20Aug2025 20:21:29.309] [Server thread/DEBUG] [atomicstryker.infernalmobs.common.InfernalMobsCore/]: entity Vindicator['Vindicator'/417, l='ServerLevel[world]', x=-2324.96, y=8.92, z=789.02] was spawned in unmodified before, not modifying it
[20Aug2025 20:21:29.309] [Server thread/DEBUG] [atomicstryker.infernalmobs.common.InfernalMobsCore/]: entity Witch['Witch'/418, l='ServerLevel[world]', x=-2325.70, y=8.13, z=790.08] was spawned in unmodified before, not modifying it
[20Aug2025 20:21:29.310] [Server thread/DEBUG] [atomicstryker.infernalmobs.common.InfernalMobsCore/]: entity Pillager['Pillager'/419, l='ServerLevel[world]', x=-2326.49, y=7.00, z=785.50] was spawned in unmodified before, not modifying it
[20Aug2025 20:21:29.310] [Server thread/DEBUG] [atomicstryker.infernalmobs.common.InfernalMobsCore/]: entity Witch['Witch'/420, l='ServerLevel[world]', x=-2325.70, y=8.88, z=789.31] was spawned in unmodified before, not modifying it
[20Aug2025 20:21:29.310] [Server thread/DEBUG] [atomicstryker.infernalmobs.common.InfernalMobsCore/]: entity Witch['Witch'/421, l='ServerLevel[world]', x=-2323.73, y=8.25, z=789.50] was spawned in unmodified before, not modifying it
[20Aug2025 20:21:29.312] [Server thread/DEBUG] [atomicstryker.infernalmobs.common.InfernalMobsCore/]: entity Pillager['Pillager'/427, l='ServerLevel[world]', x=-2405.53, y=7.00, z=769.53] was spawned in unmodified before, not modifying it
[20Aug2025 20:21:29.313] [Server thread/DEBUG] [atomicstryker.infernalmobs.common.InfernalMobsCore/]: entity Vindicator['Vindicator'/428, l='ServerLevel[world]', x=-2414.76, y=-21.00, z=772.54] was spawned in unmodified before, not modifying it
[20Aug2025 20:21:29.313] [Server thread/DEBUG] [atomicstryker.infernalmobs.common.InfernalMobsCore/]: entity Pillager['Pillager'/429, l='ServerLevel[world]', x=-2402.52, y=-0.06, z=771.46] was spawned in unmodified before, not modifying it
[20Aug2025 20:21:29.313] [Server thread/DEBUG] [atomicstryker.infernalmobs.common.InfernalMobsCore/]: entity Pillager['Pillager'/430, l='ServerLevel[world]', x=-2401.78, y=-0.06, z=771.55] was spawned in unmodified before, not modifying it
[20Aug2025 20:21:29.313] [Server thread/DEBUG] [atomicstryker.infernalmobs.common.InfernalMobsCore/]: entity Vindicator['Vindicator'/431, l='ServerLevel[world]', x=-2397.21, y=7.00, z=778.79] was spawned in unmodified before, not modifying it
[20Aug2025 20:21:29.314] [Server thread/DEBUG] [atomicstryker.infernalmobs.common.InfernalMobsCore/]: entity Vindicator['Vindicator'/433, l='ServerLevel[world]', x=-2376.18, y=2.50, z=782.52] was spawned in unmodified before, not modifying it
[20Aug2025 20:21:29.314] [Server thread/DEBUG] [atomicstryker.infernalmobs.common.InfernalMobsCore/]: entity Pillager['Pillager'/434, l='ServerLevel[world]', x=-2368.54, y=7.00, z=769.54] was spawned in unmodified before, not modifying it
[20Aug2025 20:21:29.314] [Server thread/DEBUG] [atomicstryker.infernalmobs.common.InfernalMobsCore/]: entity Pillager['Pillager'/435, l='ServerLevel[world]', x=-2373.51, y=7.00, z=769.49] was spawned in unmodified before, not modifying it
[20Aug2025 20:21:29.314] [Server thread/DEBUG] [atomicstryker.infernalmobs.common.InfernalMobsCore/]: entity Pillager['Pillager'/436, l='ServerLevel[world]', x=-2375.51, y=-21.00, z=782.05] was spawned in unmodified before, not modifying it
[20Aug2025 20:21:29.314] [Server thread/DEBUG] [atomicstryker.infernalmobs.common.InfernalMobsCore/]: entity Vindicator['Vindicator'/437, l='ServerLevel[world]', x=-2371.58, y=-14.00, z=782.69] was spawned in unmodified before, not modifying it
[20Aug2025 20:21:29.315] [Server thread/DEBUG] [atomicstryker.infernalmobs.common.InfernalMobsCore/]: entity Vindicator['Vindicator'/438, l='ServerLevel[world]', x=-2372.64, y=-14.00, z=782.37] was spawned in unmodified before, not modifying it
[20Aug2025 20:21:29.315] [Server thread/DEBUG] [atomicstryker.infernalmobs.common.InfernalMobsCore/]: entity Pillager['Pillager'/439, l='ServerLevel[world]', x=-2372.78, y=-7.00, z=783.20] was spawned in unmodified before, not modifying it
[20Aug2025 20:21:29.315] [Server thread/DEBUG] [atomicstryker.infernalmobs.common.InfernalMobsCore/]: entity Pillager['Pillager'/440, l='ServerLevel[world]', x=-2371.52, y=-7.00, z=781.08] was spawned in unmodified before, not modifying it
[20Aug2025 20:21:29.315] [Server thread/DEBUG] [atomicstryker.infernalmobs.common.InfernalMobsCore/]: entity Pillager['Pillager'/441, l='ServerLevel[world]', x=-2378.74, y=-14.00, z=783.95] was spawned in unmodified before, not modifying it
[20Aug2025 20:21:29.316] [Server thread/DEBUG] [atomicstryker.infernalmobs.common.InfernalMobsCore/]: entity Pillager['Pillager'/444, l='ServerLevel[world]', x=-2357.46, y=0.00, z=778.50] was spawned in unmodified before, not modifying it
[20Aug2025 20:21:29.316] [Server thread/DEBUG] [atomicstryker.infernalmobs.common.InfernalMobsCore/]: entity Pillager['Pillager'/445, l='ServerLevel[world]', x=-2366.69, y=0.00, z=772.54] was spawned in unmodified before, not modifying it
[20Aug2025 20:21:29.316] [Server thread/DEBUG] [atomicstryker.infernalmobs.common.InfernalMobsCore/]: entity Pillager['Pillager'/446, l='ServerLevel[world]', x=-2365.50, y=7.00, z=777.54] was spawned in unmodified before, not modifying it
[20Aug2025 20:21:29.316] [Server thread/DEBUG] [atomicstryker.infernalmobs.common.InfernalMobsCore/]: entity Pillager['Pillager'/447, l='ServerLevel[world]', x=-2346.49, y=7.00, z=773.49] was spawned in unmodified before, not modifying it
[20Aug2025 20:21:29.316] [Server thread/DEBUG] [atomicstryker.infernalmobs.common.InfernalMobsCore/]: entity Pillager['Pillager'/448, l='ServerLevel[world]', x=-2341.48, y=7.00, z=782.19] was spawned in unmodified before, not modifying it
[20Aug2025 20:21:29.317] [Server thread/DEBUG] [atomicstryker.infernalmobs.common.InfernalMobsCore/]: entity MimicEntity['Mimic'/449, l='ServerLevel[world]', x=-2342.50, y=-48.00, z=779.50] was spawned in unmodified before, not modifying it
[20Aug2025 20:21:29.317] [Server thread/DEBUG] [atomicstryker.infernalmobs.common.InfernalMobsCore/]: entity Vindicator['Vindicator'/450, l='ServerLevel[world]', x=-2325.49, y=7.69, z=769.30] was spawned in unmodified before, not modifying it
[20Aug2025 20:21:29.317] [Server thread/DEBUG] [atomicstryker.infernalmobs.common.InfernalMobsCore/]: entity Pillager['Pillager'/451, l='ServerLevel[world]', x=-2326.50, y=7.00, z=769.00] was spawned in unmodified before, not modifying it
[20Aug2025 20:21:29.318] [Server thread/DEBUG] [atomicstryker.infernalmobs.common.InfernalMobsCore/]: entity Pillager['Pillager'/453, l='ServerLevel[world]', x=-2317.52, y=7.00, z=780.51] was spawned in unmodified before, not modifying it
[20Aug2025 20:21:29.319] [Server thread/DEBUG] [atomicstryker.infernalmobs.common.InfernalMobsCore/]: entity Pillager['Pillager'/462, l='ServerLevel[world]', x=-2421.45, y=-7.00, z=814.45] was spawned in unmodified before, not modifying it
[20Aug2025 20:21:29.319] [Server thread/DEBUG] [atomicstryker.infernalmobs.common.InfernalMobsCore/]: reloading mods for Pillager['Pillager'/463, l='ServerLevel[world]', x=-2429.70, y=14.00, z=774.70]: Sticky Gravity Ghastly Blastoff , mod instance atomicstryker.infernalmobs.common.mods.MM_Sticky@3d99aee1
[20Aug2025 20:21:29.319] [Server thread/DEBUG] [atomicstryker.infernalmobs.common.InfernalMobsCore/]: entity Pillager['Pillager'/464, l='ServerLevel[world]', x=-2421.47, y=14.00, z=775.12] was spawned in unmodified before, not modifying it
[20Aug2025 20:21:29.320] [Server thread/DEBUG] [atomicstryker.infernalmobs.common.InfernalMobsCore/]: entity Ravager['Ravager'/465, l='ServerLevel[world]', x=-2422.02, y=-18.00, z=778.40] was spawned in unmodified before, not modifying it
[20Aug2025 20:21:29.320] [Server thread/DEBUG] [atomicstryker.infernalmobs.common.InfernalMobsCore/]: entity Ravager['Ravager'/466, l='ServerLevel[world]', x=-2421.72, y=-18.00, z=780.41] was spawned in unmodified before, not modifying it
[20Aug2025 20:21:29.320] [Server thread/DEBUG] [atomicstryker.infernalmobs.common.InfernalMobsCore/]: entity Witch['Witch'/468, l='ServerLevel[world]', x=-2409.70, y=17.00, z=767.37] was spawned in unmodified before, not modifying it
[20Aug2025 20:21:29.320] [Server thread/DEBUG] [atomicstryker.infernalmobs.common.InfernalMobsCore/]: entity Witch['Witch'/469, l='ServerLevel[world]', x=-2409.30, y=17.00, z=766.57] was spawned in unmodified before, not modifying it
[20Aug2025 20:21:29.321] [Server thread/DEBUG] [atomicstryker.infernalmobs.common.InfernalMobsCore/]: reloading mods for Vindicator['Vindicator'/470, l='ServerLevel[world]', x=-2403.49, y=-21.00, z=752.29]: Sapper Webber , mod instance atomicstryker.infernalmobs.common.mods.MM_Sapper@3cc8ad12
[20Aug2025 20:21:29.321] [Server thread/DEBUG] [atomicstryker.infernalmobs.common.InfernalMobsCore/]: reloading mods for Evoker['Evoker'/471, l='ServerLevel[world]', x=-2413.07, y=-21.00, z=755.30]: Bulwark Ender Fiery , mod instance atomicstryker.infernalmobs.common.mods.MM_Bulwark@5e3d67c6
[20Aug2025 20:21:29.322] [Server thread/DEBUG] [atomicstryker.infernalmobs.common.InfernalMobsCore/]: entity Vindicator['Vindicator'/472, l='ServerLevel[world]', x=-2394.34, y=10.18, z=762.07] was spawned in unmodified before, not modifying it
[20Aug2025 20:21:29.322] [Server thread/DEBUG] [atomicstryker.infernalmobs.common.InfernalMobsCore/]: entity Vindicator['Vindicator'/473, l='ServerLevel[world]', x=-2395.52, y=7.00, z=761.08] was spawned in unmodified before, not modifying it
[20Aug2025 20:21:29.322] [Server thread/DEBUG] [atomicstryker.infernalmobs.common.InfernalMobsCore/]: entity Witch['Witch'/474, l='ServerLevel[world]', x=-2394.70, y=17.00, z=759.48] was spawned in unmodified before, not modifying it
[20Aug2025 20:21:29.322] [Server thread/DEBUG] [atomicstryker.infernalmobs.common.InfernalMobsCore/]: entity Witch['Witch'/475, l='ServerLevel[world]', x=-2394.36, y=17.00, z=760.21] was spawned in unmodified before, not modifying it
[20Aug2025 20:21:29.323] [Server thread/DEBUG] [atomicstryker.infernalmobs.common.InfernalMobsCore/]: entity Vindicator['Vindicator'/476, l='ServerLevel[world]', x=-2398.49, y=-21.00, z=756.50] was spawned in unmodified before, not modifying it
[20Aug2025 20:21:29.323] [Server thread/DEBUG] [atomicstryker.infernalmobs.common.InfernalMobsCore/]: entity Vindicator['Vindicator'/477, l='ServerLevel[world]', x=-2387.51, y=-21.00, z=753.50] was spawned in unmodified before, not modifying it
[20Aug2025 20:21:29.323] [Server thread/DEBUG] [atomicstryker.infernalmobs.common.InfernalMobsCore/]: entity Witch['Witch'/478, l='ServerLevel[world]', x=-2396.30, y=-11.00, z=761.43] was spawned in unmodified before, not modifying it
[20Aug2025 20:21:29.323] [Server thread/DEBUG] [atomicstryker.infernalmobs.common.InfernalMobsCore/]: entity Witch['Witch'/479, l='ServerLevel[world]', x=-2397.45, y=-11.00, z=762.50] was spawned in unmodified before, not modifying it
[20Aug2025 20:21:29.324] [Server thread/DEBUG] [atomicstryker.infernalmobs.common.InfernalMobsCore/]: entity Vindicator['Vindicator'/480, l='ServerLevel[world]', x=-2368.90, y=7.00, z=765.70] was spawned in unmodified before, not modifying it
[20Aug2025 20:21:29.324] [Server thread/DEBUG] [atomicstryker.infernalmobs.common.InfernalMobsCore/]: entity Pillager['Pillager'/481, l='ServerLevel[world]', x=-2375.88, y=-7.00, z=767.98] was spawned in unmodified before, not modifying it
[20Aug2025 20:21:29.324] [Server thread/DEBUG] [atomicstryker.infernalmobs.common.InfernalMobsCore/]: entity Pillager['Pillager'/482, l='ServerLevel[world]', x=-2357.90, y=0.00, z=761.94] was spawned in unmodified before, not modifying it
[20Aug2025 20:21:29.324] [Server thread/DEBUG] [atomicstryker.infernalmobs.common.InfernalMobsCore/]: entity Pillager['Pillager'/483, l='ServerLevel[world]', x=-2352.49, y=0.00, z=764.50] was spawned in unmodified before, not modifying it
[20Aug2025 20:21:29.325] [Server thread/DEBUG] [atomicstryker.infernalmobs.common.InfernalMobsCore/]: reloading mods for Vindicator['Vindicator'/484, l='ServerLevel[world]', x=-2358.92, y=7.00, z=762.50]: Ghastly Cloaking Sticky Regen , mod instance atomicstryker.infernalmobs.common.mods.MM_Ghastly@7dd4dab9
[20Aug2025 20:21:29.325] [Server thread/DEBUG] [atomicstryker.infernalmobs.common.InfernalMobsCore/]: entity Vindicator['Vindicator'/485, l='ServerLevel[world]', x=-2357.30, y=0.00, z=756.13] was spawned in unmodified before, not modifying it
[20Aug2025 20:21:29.325] [Server thread/DEBUG] [atomicstryker.infernalmobs.common.InfernalMobsCore/]: entity Pillager['Pillager'/486, l='ServerLevel[world]', x=-2354.58, y=1.00, z=766.42] was spawned in unmodified before, not modifying it
[20Aug2025 20:21:29.326] [Server thread/DEBUG] [atomicstryker.infernalmobs.common.InfernalMobsCore/]: entity Pillager['Pillager'/487, l='ServerLevel[world]', x=-2365.04, y=7.00, z=766.50] was spawned in unmodified before, not modifying it
[20Aug2025 20:21:29.326] [Server thread/DEBUG] [atomicstryker.infernalmobs.common.InfernalMobsCore/]: entity Pillager['Pillager'/488, l='ServerLevel[world]', x=-2364.50, y=0.00, z=764.14] was spawned in unmodified before, not modifying it
[20Aug2025 20:21:29.326] [Server thread/DEBUG] [atomicstryker.infernalmobs.common.InfernalMobsCore/]: entity Pillager['Pillager'/489, l='ServerLevel[world]', x=-2365.70, y=-48.70, z=758.70] was spawned in unmodified before, not modifying it
[20Aug2025 20:21:29.326] [Server thread/DEBUG] [atomicstryker.infernalmobs.common.InfernalMobsCore/]: entity Pillager['Pillager'/490, l='ServerLevel[world]', x=-2364.88, y=-48.82, z=758.70] was spawned in unmodified before, not modifying it
[20Aug2025 20:21:29.327] [Server thread/DEBUG] [atomicstryker.infernalmobs.common.InfernalMobsCore/]: entity Pillager['Pillager'/491, l='ServerLevel[world]', x=-2359.51, y=-21.00, z=752.51] was spawned in unmodified before, not modifying it
[20Aug2025 20:21:29.327] [Server thread/DEBUG] [atomicstryker.infernalmobs.common.InfernalMobsCore/]: entity Witch['Witch'/492, l='ServerLevel[world]', x=-2359.76, y=-13.00, z=760.50] was spawned in unmodified before, not modifying it
[20Aug2025 20:21:29.327] [Server thread/DEBUG] [atomicstryker.infernalmobs.common.InfernalMobsCore/]: entity Witch['Witch'/493, l='ServerLevel[world]', x=-2365.27, y=-12.13, z=759.56] was spawned in unmodified before, not modifying it
[20Aug2025 20:21:29.327] [Server thread/DEBUG] [atomicstryker.infernalmobs.common.InfernalMobsCore/]: entity Pillager['Pillager'/494, l='ServerLevel[world]', x=-2358.51, y=-7.00, z=760.74] was spawned in unmodified before, not modifying it
[20Aug2025 20:21:29.327] [Server thread/DEBUG] [atomicstryker.infernalmobs.common.InfernalMobsCore/]: entity Pillager['Pillager'/495, l='ServerLevel[world]', x=-2354.55, y=-7.00, z=763.55] was spawned in unmodified before, not modifying it
[20Aug2025 20:21:29.328] [Server thread/DEBUG] [atomicstryker.infernalmobs.common.InfernalMobsCore/]: entity Witch['Witch'/496, l='ServerLevel[world]', x=-2363.81, y=-14.00, z=756.15] was spawned in unmodified before, not modifying it
[20Aug2025 20:21:29.328] [Server thread/DEBUG] [atomicstryker.infernalmobs.common.InfernalMobsCore/]: entity Evoker['Evoker'/497, l='ServerLevel[world]', x=-2339.43, y=1.00, z=767.53] was spawned in unmodified before, not modifying it
[20Aug2025 20:21:29.328] [Server thread/DEBUG] [atomicstryker.infernalmobs.common.InfernalMobsCore/]: entity Witch['Witch'/498, l='ServerLevel[world]', x=-2331.51, y=-28.00, z=759.63] was spawned in unmodified before, not modifying it
[20Aug2025 20:21:29.328] [Server thread/DEBUG] [atomicstryker.infernalmobs.common.InfernalMobsCore/]: entity Pillager['Pillager'/499, l='ServerLevel[world]', x=-2323.50, y=-28.00, z=758.54] was spawned in unmodified before, not modifying it
[20Aug2025 20:21:29.329] [Server thread/DEBUG] [atomicstryker.infernalmobs.common.InfernalMobsCore/]: entity Evoker['Evoker'/510, l='ServerLevel[world]', x=-2439.58, y=14.00, z=797.35] was spawned in unmodified before, not modifying it
[20Aug2025 20:21:29.329] [Server thread/DEBUG] [atomicstryker.infernalmobs.common.InfernalMobsCore/]: entity Witch['Witch'/511, l='ServerLevel[world]', x=-2437.49, y=14.00, z=796.97] was spawned in unmodified before, not modifying it
[20Aug2025 20:21:29.330] [Server thread/DEBUG] [atomicstryker.infernalmobs.common.InfernalMobsCore/]: entity Pillager['Pillager'/512, l='ServerLevel[world]', x=-2437.52, y=10.00, z=797.52] was spawned in unmodified before, not modifying it
[20Aug2025 20:21:29.330] [Server thread/DEBUG] [atomicstryker.infernalmobs.common.InfernalMobsCore/]: entity MimicEntity['Mimic'/514, l='ServerLevel[world]', x=-2305.56, y=28.00, z=940.14] was spawned in unmodified before, not modifying it
[20Aug2025 20:21:29.330] [Server thread/DEBUG] [atomicstryker.infernalmobs.common.InfernalMobsCore/]: entity MimicEntity['Mimic'/515, l='ServerLevel[world]', x=-2440.50, y=8.00, z=932.50] was spawned in unmodified before, not modifying it
[20Aug2025 20:21:29.330] [Server thread/DEBUG] [atomicstryker.infernalmobs.common.InfernalMobsCore/]: entity Vindicator['Vindicator'/516, l='ServerLevel[world]', x=-2409.51, y=0.00, z=736.06] was spawned in unmodified before, not modifying it
[20Aug2025 20:21:29.331] [Server thread/DEBUG] [atomicstryker.infernalmobs.common.InfernalMobsCore/]: entity MimicEntity['Mimic'/517, l='ServerLevel[world]', x=-2386.44, y=0.00, z=740.56] was spawned in unmodified before, not modifying it
[20Aug2025 20:21:29.331] [Server thread/DEBUG] [atomicstryker.infernalmobs.common.InfernalMobsCore/]: entity Witch['Witch'/518, l='ServerLevel[world]', x=-2393.50, y=7.00, z=744.00] was spawned in unmodified before, not modifying it
[20Aug2025 20:21:29.331] [Server thread/DEBUG] [atomicstryker.infernalmobs.common.InfernalMobsCore/]: entity Pillager['Pillager'/519, l='ServerLevel[world]', x=-2399.50, y=2.00, z=743.51] was spawned in unmodified before, not modifying it
[20Aug2025 20:21:29.331] [Server thread/DEBUG] [atomicstryker.infernalmobs.common.InfernalMobsCore/]: entity Witch['Witch'/520, l='ServerLevel[world]', x=-2396.37, y=-27.00, z=746.00] was spawned in unmodified before, not modifying it
[20Aug2025 20:21:29.332] [Server thread/DEBUG] [atomicstryker.infernalmobs.common.InfernalMobsCore/]: entity Pillager['Pillager'/521, l='ServerLevel[world]', x=-2397.50, y=-21.00, z=749.51] was spawned in unmodified before, not modifying it
[20Aug2025 20:21:29.332] [Server thread/DEBUG] [atomicstryker.infernalmobs.common.InfernalMobsCore/]: entity Vindicator['Vindicator'/522, l='ServerLevel[world]', x=-2397.50, y=-21.00, z=750.21] was spawned in unmodified before, not modifying it
[20Aug2025 20:21:29.332] [Server thread/DEBUG] [atomicstryker.infernalmobs.common.InfernalMobsCore/]: entity Pillager['Pillager'/523, l='ServerLevel[world]', x=-2397.59, y=-15.00, z=748.21] was spawned in unmodified before, not modifying it
[20Aug2025 20:21:29.333] [Server thread/DEBUG] [atomicstryker.infernalmobs.common.InfernalMobsCore/]: reloading mods for Evoker['Evoker'/529, l='ServerLevel[world]', x=-2381.60, y=8.00, z=742.60]: Alchemist Bulwark Fiery , mod instance atomicstryker.infernalmobs.common.mods.MM_Alchemist@48628192
[20Aug2025 20:21:29.333] [Server thread/DEBUG] [atomicstryker.infernalmobs.common.InfernalMobsCore/]: entity Pillager['Pillager'/530, l='ServerLevel[world]', x=-2375.21, y=6.00, z=746.57] was spawned in unmodified before, not modifying it
[20Aug2025 20:21:29.333] [Server thread/DEBUG] [atomicstryker.infernalmobs.common.InfernalMobsCore/]: entity Pillager['Pillager'/531, l='ServerLevel[world]', x=-2374.43, y=6.00, z=750.43] was spawned in unmodified before, not modifying it
[20Aug2025 20:21:29.333] [Server thread/DEBUG] [atomicstryker.infernalmobs.common.InfernalMobsCore/]: entity Pillager['Pillager'/532, l='ServerLevel[world]', x=-2378.51, y=-35.00, z=739.49] was spawned in unmodified before, not modifying it
[20Aug2025 20:21:29.334] [Server thread/DEBUG] [atomicstryker.infernalmobs.common.InfernalMobsCore/]: entity Pillager['Pillager'/536, l='ServerLevel[world]', x=-2372.92, y=-14.00, z=747.50] was spawned in unmodified before, not modifying it
[20Aug2025 20:21:29.334] [Server thread/DEBUG] [atomicstryker.infernalmobs.common.InfernalMobsCore/]: entity Pillager['Pillager'/539, l='ServerLevel[world]', x=-2378.93, y=-14.00, z=739.47] was spawned in unmodified before, not modifying it
[20Aug2025 20:21:29.334] [Server thread/DEBUG] [atomicstryker.infernalmobs.common.InfernalMobsCore/]: entity Pillager['Pillager'/540, l='ServerLevel[world]', x=-2367.51, y=0.00, z=742.51] was spawned in unmodified before, not modifying it
[20Aug2025 20:21:29.334] [Server thread/DEBUG] [atomicstryker.infernalmobs.common.InfernalMobsCore/]: entity Vindicator['Vindicator'/541, l='ServerLevel[world]', x=-2367.19, y=0.00, z=744.46] was spawned in unmodified before, not modifying it
[20Aug2025 20:21:29.335] [Server thread/DEBUG] [atomicstryker.infernalmobs.common.InfernalMobsCore/]: entity Pillager['Pillager'/542, l='ServerLevel[world]', x=-2364.41, y=-28.00, z=751.44] was spawned in unmodified before, not modifying it
[20Aug2025 20:21:29.335] [Server thread/DEBUG] [atomicstryker.infernalmobs.common.InfernalMobsCore/]: entity Pillager['Pillager'/543, l='ServerLevel[world]', x=-2361.10, y=-28.00, z=739.76] was spawned in unmodified before, not modifying it
[20Aug2025 20:21:29.335] [Server thread/DEBUG] [atomicstryker.infernalmobs.common.InfernalMobsCore/]: entity Pillager['Pillager'/544, l='ServerLevel[world]', x=-2365.50, y=-27.00, z=746.50] was spawned in unmodified before, not modifying it
[20Aug2025 20:21:29.336] [Server thread/DEBUG] [atomicstryker.infernalmobs.common.InfernalMobsCore/]: reloading mods for Vindicator['Vindicator'/545, l='ServerLevel[world]', x=-2364.92, y=-21.00, z=749.09]: Berserk Darkness Cloaking , mod instance atomicstryker.infernalmobs.common.mods.MM_Berserk@3a12e5a
[20Aug2025 20:21:29.336] [Server thread/DEBUG] [atomicstryker.infernalmobs.common.InfernalMobsCore/]: entity Pillager['Pillager'/546, l='ServerLevel[world]', x=-2361.50, y=-14.00, z=739.31] was spawned in unmodified before, not modifying it
[20Aug2025 20:21:29.336] [Server thread/DEBUG] [atomicstryker.infernalmobs.common.InfernalMobsCore/]: entity Pillager['Pillager'/547, l='ServerLevel[world]', x=-2367.50, y=-14.00, z=742.48] was spawned in unmodified before, not modifying it
[20Aug2025 20:21:29.336] [Server thread/DEBUG] [atomicstryker.infernalmobs.common.InfernalMobsCore/]: entity Evoker['Evoker'/548, l='ServerLevel[world]', x=-2344.47, y=-18.00, z=747.48] was spawned in unmodified before, not modifying it
[20Aug2025 20:21:29.336] [Server thread/DEBUG] [atomicstryker.infernalmobs.common.InfernalMobsCore/]: entity MimicEntity['Mimic'/549, l='ServerLevel[world]', x=-2326.60, y=-28.00, z=748.28] was spawned in unmodified before, not modifying it
[20Aug2025 20:21:29.337] [Server thread/DEBUG] [atomicstryker.infernalmobs.common.InfernalMobsCore/]: entity Pillager['Pillager'/550, l='ServerLevel[world]', x=-2325.47, y=-28.00, z=744.11] was spawned in unmodified before, not modifying it
[20Aug2025 20:21:29.337] [Server thread/DEBUG] [atomicstryker.infernalmobs.common.InfernalMobsCore/]: entity Pillager['Pillager'/551, l='ServerLevel[world]', x=-2325.50, y=-28.00, z=739.33] was spawned in unmodified before, not modifying it
[20Aug2025 20:21:29.337] [Server thread/DEBUG] [atomicstryker.infernalmobs.common.InfernalMobsCore/]: entity MimicEntity['Mimic'/552, l='ServerLevel[world]', x=-2454.50, y=-53.00, z=852.50] was spawned in unmodified before, not modifying it
[20Aug2025 20:21:29.337] [Server thread/DEBUG] [atomicstryker.infernalmobs.common.InfernalMobsCore/]: entity Pillager['Pillager'/554, l='ServerLevel[world]', x=-2423.54, y=0.00, z=739.56] was spawned in unmodified before, not modifying it
[20Aug2025 20:21:29.338] [Server thread/DEBUG] [atomicstryker.infernalmobs.common.InfernalMobsCore/]: entity Pillager['Pillager'/555, l='ServerLevel[world]', x=-2419.51, y=0.00, z=739.09] was spawned in unmodified before, not modifying it
[20Aug2025 20:21:29.338] [Server thread/DEBUG] [atomicstryker.infernalmobs.common.InfernalMobsCore/]: entity Pillager['Pillager'/556, l='ServerLevel[world]', x=-2420.56, y=0.00, z=744.04] was spawned in unmodified before, not modifying it
[20Aug2025 20:21:29.338] [Server thread/DEBUG] [atomicstryker.infernalmobs.common.InfernalMobsCore/]: entity Witch['Witch'/557, l='ServerLevel[world]', x=-2434.52, y=0.50, z=744.09] was spawned in unmodified before, not modifying it
[20Aug2025 20:21:29.339] [Server thread/DEBUG] [atomicstryker.infernalmobs.common.InfernalMobsCore/]: entity Vindicator['Vindicator'/571, l='ServerLevel[world]', x=-2409.50, y=0.00, z=735.44] was spawned in unmodified before, not modifying it
[20Aug2025 20:21:29.339] [Server thread/DEBUG] [atomicstryker.infernalmobs.common.InfernalMobsCore/]: entity Vindicator['Vindicator'/572, l='ServerLevel[world]', x=-2411.50, y=0.00, z=724.51] was spawned in unmodified before, not modifying it
[20Aug2025 20:21:29.339] [Server thread/DEBUG] [atomicstryker.infernalmobs.common.InfernalMobsCore/]: entity Witch['Witch'/573, l='ServerLevel[world]', x=-2390.47, y=8.38, z=724.47] was spawned in unmodified before, not modifying it
[20Aug2025 20:21:29.340] [Server thread/DEBUG] [atomicstryker.infernalmobs.common.InfernalMobsCore/]: entity Witch['Witch'/574, l='ServerLevel[world]', x=-2390.24, y=8.00, z=726.50] was spawned in unmodified before, not modifying it
[20Aug2025 20:21:29.340] [Server thread/DEBUG] [atomicstryker.infernalmobs.common.InfernalMobsCore/]: entity Evoker['Evoker'/575, l='ServerLevel[world]', x=-2396.03, y=6.05, z=720.30] was spawned in unmodified before, not modifying it
[20Aug2025 20:21:29.340] [Server thread/DEBUG] [atomicstryker.infernalmobs.common.InfernalMobsCore/]: entity Pillager['Pillager'/576, l='ServerLevel[world]', x=-2392.54, y=0.00, z=722.50] was spawned in unmodified before, not modifying it
[20Aug2025 20:21:29.340] [Server thread/DEBUG] [atomicstryker.infernalmobs.common.InfernalMobsCore/]: entity Pillager['Pillager'/577, l='ServerLevel[world]', x=-2388.46, y=-35.00, z=728.47] was spawned in unmodified before, not modifying it
[20Aug2025 20:21:29.340] [Server thread/DEBUG] [atomicstryker.infernalmobs.common.InfernalMobsCore/]: entity Pillager['Pillager'/578, l='ServerLevel[world]', x=-2398.49, y=-18.00, z=720.50] was spawned in unmodified before, not modifying it
[20Aug2025 20:21:29.341] [Server thread/DEBUG] [atomicstryker.infernalmobs.common.InfernalMobsCore/]: entity Witch['Witch'/579, l='ServerLevel[world]', x=-2371.50, y=0.00, z=728.60] was spawned in unmodified before, not modifying it
[20Aug2025 20:21:29.341] [Server thread/DEBUG] [atomicstryker.infernalmobs.common.InfernalMobsCore/]: entity Vindicator['Vindicator'/580, l='ServerLevel[world]', x=-2380.66, y=0.00, z=727.66] was spawned in unmodified before, not modifying it
[20Aug2025 20:21:29.341] [Server thread/DEBUG] [atomicstryker.infernalmobs.common.InfernalMobsCore/]: entity Pillager['Pillager'/581, l='ServerLevel[world]', x=-2381.47, y=0.00, z=722.77] was spawned in unmodified before, not modifying it
[20Aug2025 20:21:29.341] [Server thread/DEBUG] [atomicstryker.infernalmobs.common.InfernalMobsCore/]: entity Pillager['Pillager'/582, l='ServerLevel[world]', x=-2376.45, y=14.00, z=722.50] was spawned in unmodified before, not modifying it
[20Aug2025 20:21:29.342] [Server thread/DEBUG] [atomicstryker.infernalmobs.common.InfernalMobsCore/]: entity Vindicator['Vindicator'/583, l='ServerLevel[world]', x=-2376.46, y=0.00, z=734.08] was spawned in unmodified before, not modifying it
[20Aug2025 20:21:29.342] [Server thread/DEBUG] [atomicstryker.infernalmobs.common.InfernalMobsCore/]: reloading mods for Pillager['Pillager'/584, l='ServerLevel[world]', x=-2381.56, y=14.00, z=722.56]: Webber Cloaking Darkness , mod instance atomicstryker.infernalmobs.common.mods.MM_Webber@13dce028
[20Aug2025 20:21:29.342] [Server thread/DEBUG] [atomicstryker.infernalmobs.common.InfernalMobsCore/]: entity Vindicator['Vindicator'/585, l='ServerLevel[world]', x=-2380.77, y=6.00, z=732.50] was spawned in unmodified before, not modifying it
[20Aug2025 20:21:29.343] [Server thread/DEBUG] [atomicstryker.infernalmobs.common.InfernalMobsCore/]: entity Pillager['Pillager'/586, l='ServerLevel[world]', x=-2381.50, y=0.00, z=722.13] was spawned in unmodified before, not modifying it
[20Aug2025 20:21:29.343] [Server thread/DEBUG] [atomicstryker.infernalmobs.common.InfernalMobsCore/]: entity Pillager['Pillager'/587, l='ServerLevel[world]', x=-2383.67, y=21.00, z=722.41] was spawned in unmodified before, not modifying it
[20Aug2025 20:21:29.343] [Server thread/DEBUG] [atomicstryker.infernalmobs.common.InfernalMobsCore/]: entity Vindicator['Vindicator'/588, l='ServerLevel[world]', x=-2374.78, y=21.00, z=723.50] was spawned in unmodified before, not modifying it
[20Aug2025 20:21:29.343] [Server thread/DEBUG] [atomicstryker.infernalmobs.common.InfernalMobsCore/]: entity Pillager['Pillager'/589, l='ServerLevel[world]', x=-2379.90, y=-18.00, z=731.48] was spawned in unmodified before, not modifying it
[20Aug2025 20:21:29.343] [Server thread/DEBUG] [atomicstryker.infernalmobs.common.InfernalMobsCore/]: entity Witch['Witch'/590, l='ServerLevel[world]', x=-2368.50, y=-13.00, z=728.54] was spawned in unmodified before, not modifying it
[20Aug2025 20:21:29.344] [Server thread/DEBUG] [atomicstryker.infernalmobs.common.InfernalMobsCore/]: entity Pillager['Pillager'/591, l='ServerLevel[world]', x=-2362.66, y=0.00, z=722.57] was spawned in unmodified before, not modifying it
[20Aug2025 20:21:29.344] [Server thread/DEBUG] [atomicstryker.infernalmobs.common.InfernalMobsCore/]: entity Pillager['Pillager'/592, l='ServerLevel[world]', x=-2354.49, y=-42.00, z=722.49] was spawned in unmodified before, not modifying it
[20Aug2025 20:21:29.344] [Server thread/DEBUG] [atomicstryker.infernalmobs.common.InfernalMobsCore/]: entity Vindicator['Vindicator'/595, l='ServerLevel[world]', x=-2363.59, y=-42.00, z=724.61] was spawned in unmodified before, not modifying it
[20Aug2025 20:21:29.345] [Server thread/DEBUG] [atomicstryker.infernalmobs.common.InfernalMobsCore/]: reloading mods for Pillager['Pillager'/596, l='ServerLevel[world]', x=-2360.49, y=-42.00, z=727.13]: Darkness Blastoff Ghastly Vengeance Cloaking Quicksand 1UP , mod instance atomicstryker.infernalmobs.common.mods.MM_Darkness@2e63c218
[20Aug2025 20:21:29.345] [Server thread/DEBUG] [atomicstryker.infernalmobs.common.InfernalMobsCore/]: entity Pillager['Pillager'/597, l='ServerLevel[world]', x=-2357.30, y=-19.98, z=720.70] was spawned in unmodified before, not modifying it
[20Aug2025 20:21:29.346] [Server thread/DEBUG] [atomicstryker.infernalmobs.common.InfernalMobsCore/]: entity Pillager['Pillager'/598, l='ServerLevel[world]', x=-2365.70, y=-21.00, z=720.70] was spawned in unmodified before, not modifying it
[20Aug2025 20:21:29.346] [Server thread/DEBUG] [atomicstryker.infernalmobs.common.InfernalMobsCore/]: entity Vindicator['Vindicator'/599, l='ServerLevel[world]', x=-2360.65, y=-26.00, z=734.50] was spawned in unmodified before, not modifying it
[20Aug2025 20:21:29.346] [Server thread/DEBUG] [atomicstryker.infernalmobs.common.InfernalMobsCore/]: entity Vindicator['Vindicator'/600, l='ServerLevel[world]', x=-2357.30, y=-20.88, z=720.10] was spawned in unmodified before, not modifying it
[20Aug2025 20:21:29.346] [Server thread/DEBUG] [atomicstryker.infernalmobs.common.InfernalMobsCore/]: entity Pillager['Pillager'/601, l='ServerLevel[world]', x=-2360.53, y=-14.00, z=734.51] was spawned in unmodified before, not modifying it
[20Aug2025 20:21:29.347] [Server thread/DEBUG] [atomicstryker.infernalmobs.common.InfernalMobsCore/]: reloading mods for Witch['Witch'/602, l='ServerLevel[world]', x=-2367.97, y=-14.00, z=734.86]: Sticky Ninja , mod instance atomicstryker.infernalmobs.common.mods.MM_Sticky@771fc2ba
[20Aug2025 20:21:29.347] [Server thread/DEBUG] [atomicstryker.infernalmobs.common.InfernalMobsCore/]: entity MimicEntity['Mimic'/606, l='ServerLevel[world]', x=-2470.31, y=39.00, z=804.30] was spawned in unmodified before, not modifying it
[20Aug2025 20:21:29.348] [Server thread/DEBUG] [atomicstryker.infernalmobs.common.InfernalMobsCore/]: reloading mods for Vindicator['Vindicator'/608, l='ServerLevel[world]', x=-2427.15, y=21.06, z=722.10]: 1UP Quicksand , mod instance atomicstryker.infernalmobs.common.mods.MM_1UP@5806d3dc
[20Aug2025 20:21:29.348] [Server thread/DEBUG] [atomicstryker.infernalmobs.common.InfernalMobsCore/]: entity Pillager['Pillager'/609, l='ServerLevel[world]', x=-2427.26, y=21.06, z=721.35] was spawned in unmodified before, not modifying it
[20Aug2025 20:21:29.349] [Server thread/DEBUG] [atomicstryker.infernalmobs.common.InfernalMobsCore/]: reloading mods for Pillager['Pillager'/619, l='ServerLevel[world]', x=-2408.44, y=0.50, z=711.46]: Gravity Storm Quicksand LifeSteal , mod instance atomicstryker.infernalmobs.common.mods.MM_Gravity@2c7869a2
[20Aug2025 20:21:29.349] [Server thread/DEBUG] [atomicstryker.infernalmobs.common.InfernalMobsCore/]: entity Vindicator['Vindicator'/620, l='ServerLevel[world]', x=-2412.51, y=22.00, z=706.30] was spawned in unmodified before, not modifying it
[20Aug2025 20:21:29.350] [Server thread/DEBUG] [atomicstryker.infernalmobs.common.InfernalMobsCore/]: entity Pillager['Pillager'/621, l='ServerLevel[world]', x=-2391.12, y=28.00, z=710.09] was spawned in unmodified before, not modifying it
[20Aug2025 20:21:29.350] [Server thread/DEBUG] [atomicstryker.infernalmobs.common.InfernalMobsCore/]: entity Pillager['Pillager'/625, l='ServerLevel[world]', x=-2388.53, y=-35.00, z=717.50] was spawned in unmodified before, not modifying it
[20Aug2025 20:21:29.350] [Server thread/DEBUG] [atomicstryker.infernalmobs.common.InfernalMobsCore/]: entity Vindicator['Vindicator'/626, l='ServerLevel[world]', x=-2395.59, y=-35.00, z=713.64] was spawned in unmodified before, not modifying it
[20Aug2025 20:21:29.351] [Server thread/DEBUG] [atomicstryker.infernalmobs.common.InfernalMobsCore/]: entity Pillager['Pillager'/627, l='ServerLevel[world]', x=-2390.10, y=-7.00, z=707.11] was spawned in unmodified before, not modifying it
[20Aug2025 20:21:29.351] [Server thread/DEBUG] [atomicstryker.infernalmobs.common.InfernalMobsCore/]: entity Pillager['Pillager'/628, l='ServerLevel[world]', x=-2394.45, y=-7.00, z=716.13] was spawned in unmodified before, not modifying it
[20Aug2025 20:21:29.351] [Server thread/DEBUG] [atomicstryker.infernalmobs.common.InfernalMobsCore/]: entity Vindicator['Vindicator'/629, l='ServerLevel[world]', x=-2371.54, y=0.00, z=717.45] was spawned in unmodified before, not modifying it
[20Aug2025 20:21:29.351] [Server thread/DEBUG] [atomicstryker.infernalmobs.common.InfernalMobsCore/]: entity Vindicator['Vindicator'/630, l='ServerLevel[world]', x=-2368.49, y=23.00, z=711.31] was spawned in unmodified before, not modifying it
[20Aug2025 20:21:29.352] [Server thread/DEBUG] [atomicstryker.infernalmobs.common.InfernalMobsCore/]: entity Pillager['Pillager'/631, l='ServerLevel[world]', x=-2372.88, y=21.00, z=711.15] was spawned in unmodified before, not modifying it
[20Aug2025 20:21:29.352] [Server thread/DEBUG] [atomicstryker.infernalmobs.common.InfernalMobsCore/]: entity Pillager['Pillager'/632, l='ServerLevel[world]', x=-2382.52, y=24.00, z=719.50] was spawned in unmodified before, not modifying it
[20Aug2025 20:21:29.352] [Server thread/DEBUG] [atomicstryker.infernalmobs.common.InfernalMobsCore/]: entity Vindicator['Vindicator'/633, l='ServerLevel[world]', x=-2369.55, y=21.06, z=718.56] was spawned in unmodified before, not modifying it
[20Aug2025 20:21:29.352] [Server thread/DEBUG] [atomicstryker.infernalmobs.common.InfernalMobsCore/]: entity Pillager['Pillager'/634, l='ServerLevel[world]', x=-2377.50, y=21.06, z=707.49] was spawned in unmodified before, not modifying it
[20Aug2025 20:21:29.352] [Server thread/DEBUG] [atomicstryker.infernalmobs.common.InfernalMobsCore/]: entity Pillager['Pillager'/635, l='ServerLevel[world]', x=-2374.49, y=17.00, z=717.54] was spawned in unmodified before, not modifying it
[20Aug2025 20:21:29.353] [Server thread/DEBUG] [atomicstryker.infernalmobs.common.InfernalMobsCore/]: entity Pillager['Pillager'/636, l='ServerLevel[world]', x=-2372.48, y=17.00, z=715.50] was spawned in unmodified before, not modifying it
[20Aug2025 20:21:29.353] [Server thread/DEBUG] [atomicstryker.infernalmobs.common.InfernalMobsCore/]: entity MimicEntity['Mimic'/637, l='ServerLevel[world]', x=-2378.44, y=-7.00, z=704.44] was spawned in unmodified before, not modifying it
[20Aug2025 20:21:29.354] [Server thread/DEBUG] [atomicstryker.infernalmobs.common.InfernalMobsCore/]: reloading mods for Pillager['Pillager'/638, l='ServerLevel[world]', x=-2365.70, y=-21.00, z=712.30]: Cloaking Sapper Rust Sticky , mod instance atomicstryker.infernalmobs.common.mods.MM_Cloaking@16a30983
[20Aug2025 20:21:29.354] [Server thread/DEBUG] [atomicstryker.infernalmobs.common.InfernalMobsCore/]: entity Vindicator['Vindicator'/639, l='ServerLevel[world]', x=-2365.08, y=-21.00, z=712.30] was spawned in unmodified before, not modifying it
[20Aug2025 20:21:29.355] [Server thread/DEBUG] [atomicstryker.infernalmobs.common.InfernalMobsCore/]: entity Pillager['Pillager'/640, l='ServerLevel[world]', x=-2365.70, y=-21.00, z=712.87] was spawned in unmodified before, not modifying it
[20Aug2025 20:21:29.355] [Server thread/DEBUG] [atomicstryker.infernalmobs.common.InfernalMobsCore/]: entity Vindicator['Vindicator'/641, l='ServerLevel[world]', x=-2365.70, y=-21.00, z=713.55] was spawned in unmodified before, not modifying it
[20Aug2025 20:21:29.355] [Server thread/DEBUG] [atomicstryker.infernalmobs.common.InfernalMobsCore/]: entity Vindicator['Vindicator'/642, l='ServerLevel[world]', x=-2364.42, y=-21.00, z=712.30] was spawned in unmodified before, not modifying it
[20Aug2025 20:21:29.355] [Server thread/DEBUG] [atomicstryker.infernalmobs.common.InfernalMobsCore/]: entity Pillager['Pillager'/643, l='ServerLevel[world]', x=-2365.51, y=-4.00, z=717.52] was spawned in unmodified before, not modifying it
[20Aug2025 20:21:29.355] [Server thread/DEBUG] [atomicstryker.infernalmobs.common.InfernalMobsCore/]: entity Vindicator['Vindicator'/644, l='ServerLevel[world]', x=-2362.85, y=-7.00, z=709.41] was spawned in unmodified before, not modifying it
[20Aug2025 20:21:29.356] [Server thread/DEBUG] [atomicstryker.infernalmobs.common.InfernalMobsCore/]: entity Pillager['Pillager'/645, l='ServerLevel[world]', x=-2362.55, y=-7.00, z=713.20] was spawned in unmodified before, not modifying it
[20Aug2025 20:21:29.356] [Server thread/DEBUG] [atomicstryker.infernalmobs.common.InfernalMobsCore/]: entity Evoker['Evoker'/646, l='ServerLevel[world]', x=-2344.40, y=7.00, z=714.49] was spawned in unmodified before, not modifying it
[20Aug2025 20:21:29.356] [Server thread/DEBUG] [atomicstryker.infernalmobs.common.InfernalMobsCore/]: entity Pillager['Pillager'/647, l='ServerLevel[world]', x=-2346.08, y=7.00, z=713.54] was spawned in unmodified before, not modifying it
[20Aug2025 20:21:29.356] [Server thread/DEBUG] [atomicstryker.infernalmobs.common.InfernalMobsCore/]: entity Vindicator['Vindicator'/648, l='ServerLevel[world]', x=-2340.23, y=7.50, z=711.71] was spawned in unmodified before, not modifying it
[20Aug2025 20:21:29.356] [Server thread/DEBUG] [atomicstryker.infernalmobs.common.InfernalMobsCore/]: entity Pillager['Pillager'/649, l='ServerLevel[world]', x=-2339.51, y=-35.00, z=718.51] was spawned in unmodified before, not modifying it
[20Aug2025 20:21:29.357] [Server thread/DEBUG] [atomicstryker.infernalmobs.common.InfernalMobsCore/]: entity Pillager['Pillager'/651, l='ServerLevel[world]', x=-2324.88, y=7.00, z=709.53] was spawned in unmodified before, not modifying it
[20Aug2025 20:21:29.357] [Server thread/DEBUG] [atomicstryker.infernalmobs.common.InfernalMobsCore/]: entity Pillager['Pillager'/652, l='ServerLevel[world]', x=-2330.50, y=7.00, z=705.49] was spawned in unmodified before, not modifying it
[20Aug2025 20:21:29.357] [Server thread/DEBUG] [atomicstryker.infernalmobs.common.InfernalMobsCore/]: entity Pillager['Pillager'/653, l='ServerLevel[world]', x=-2325.99, y=-35.00, z=718.50] was spawned in unmodified before, not modifying it
[20Aug2025 20:21:29.357] [Server thread/DEBUG] [atomicstryker.infernalmobs.common.InfernalMobsCore/]: entity Pillager['Pillager'/654, l='ServerLevel[world]', x=-2416.86, y=0.00, z=719.08] was spawned in unmodified before, not modifying it
[20Aug2025 20:21:29.357] [Server thread/DEBUG] [atomicstryker.infernalmobs.common.InfernalMobsCore/]: entity Vindicator['Vindicator'/655, l='ServerLevel[world]', x=-2426.51, y=21.00, z=706.50] was spawned in unmodified before, not modifying it
[20Aug2025 20:21:29.358] [Server thread/DEBUG] [atomicstryker.infernalmobs.common.InfernalMobsCore/]: entity Pillager['Pillager'/656, l='ServerLevel[world]', x=-2421.25, y=23.00, z=708.19] was spawned in unmodified before, not modifying it
[20Aug2025 20:21:29.358] [Server thread/DEBUG] [atomicstryker.infernalmobs.common.InfernalMobsCore/]: entity Vindicator['Vindicator'/657, l='ServerLevel[world]', x=-2423.30, y=21.00, z=717.83] was spawned in unmodified before, not modifying it
[20Aug2025 20:21:29.358] [Server thread/DEBUG] [atomicstryker.infernalmobs.common.InfernalMobsCore/]: entity MimicEntity['Mimic'/658, l='ServerLevel[world]', x=-2225.50, y=-28.00, z=888.50] was spawned in unmodified before, not modifying it
[20Aug2025 20:21:29.359] [Server thread/DEBUG] [atomicstryker.infernalmobs.common.InfernalMobsCore/]: entity Pillager['Pillager'/673, l='ServerLevel[world]', x=-2419.25, y=17.00, z=678.41] was spawned in unmodified before, not modifying it
[20Aug2025 20:21:29.360] [Server thread/DEBUG] [atomicstryker.infernalmobs.common.InfernalMobsCore/]: reloading mods for Vindicator['Vindicator'/675, l='ServerLevel[world]', x=-2400.51, y=7.00, z=696.50]: LifeSteal Choke Poisonous Exhaust , mod instance atomicstryker.infernalmobs.common.mods.MM_Lifesteal@84ea683
[20Aug2025 20:21:29.360] [Server thread/DEBUG] [atomicstryker.infernalmobs.common.InfernalMobsCore/]: entity Pillager['Pillager'/676, l='ServerLevel[world]', x=-2400.28, y=7.00, z=700.72] was spawned in unmodified before, not modifying it
[20Aug2025 20:21:29.360] [Server thread/DEBUG] [atomicstryker.infernalmobs.common.InfernalMobsCore/]: entity Pillager['Pillager'/677, l='ServerLevel[world]', x=-2399.50, y=7.00, z=697.50] was spawned in unmodified before, not modifying it
[20Aug2025 20:21:29.360] [Server thread/DEBUG] [atomicstryker.infernalmobs.common.InfernalMobsCore/]: entity Pillager['Pillager'/678, l='ServerLevel[world]', x=-2374.47, y=-7.00, z=682.50] was spawned in unmodified before, not modifying it
[20Aug2025 20:21:29.362] [Server thread/DEBUG] [atomicstryker.infernalmobs.common.InfernalMobsCore/]: reloading mods for Witch['Witch'/679, l='ServerLevel[world]', x=-2370.50, y=-7.00, z=687.95]: Alchemist Unyielding Gravity Vengeance Sticky Ghastly Berserk Exhaust , mod instance atomicstryker.infernalmobs.common.mods.MM_Alchemist@6af49e20
[20Aug2025 20:21:29.362] [Server thread/DEBUG] [atomicstryker.infernalmobs.common.InfernalMobsCore/]: entity Vindicator['Vindicator'/680, l='ServerLevel[world]', x=-2371.46, y=-7.00, z=687.99] was spawned in unmodified before, not modifying it
[20Aug2025 20:21:29.363] [Server thread/DEBUG] [atomicstryker.infernalmobs.common.InfernalMobsCore/]: reloading mods for MimicEntity['Mimic'/681, l='ServerLevel[world]', x=-2375.50, y=20.00, z=694.50]: Blastoff Bulwark Storm , mod instance atomicstryker.infernalmobs.common.mods.MM_Blastoff@7131a033
[20Aug2025 20:21:29.363] [Server thread/DEBUG] [atomicstryker.infernalmobs.common.InfernalMobsCore/]: entity Vindicator['Vindicator'/682, l='ServerLevel[world]', x=-2383.30, y=23.00, z=703.83] was spawned in unmodified before, not modifying it
[20Aug2025 20:21:29.363] [Server thread/DEBUG] [atomicstryker.infernalmobs.common.InfernalMobsCore/]: entity Pillager['Pillager'/683, l='ServerLevel[world]', x=-2352.97, y=7.00, z=687.96] was spawned in unmodified before, not modifying it
[20Aug2025 20:21:29.363] [Server thread/DEBUG] [atomicstryker.infernalmobs.common.InfernalMobsCore/]: entity Pillager['Pillager'/684, l='ServerLevel[world]', x=-2356.79, y=7.00, z=687.95] was spawned in unmodified before, not modifying it
[20Aug2025 20:21:29.363] [Server thread/DEBUG] [atomicstryker.infernalmobs.common.InfernalMobsCore/]: entity Pillager['Pillager'/685, l='ServerLevel[world]', x=-2363.96, y=-22.00, z=687.96] was spawned in unmodified before, not modifying it
[20Aug2025 20:21:29.364] [Server thread/DEBUG] [atomicstryker.infernalmobs.common.InfernalMobsCore/]: entity Witch['Witch'/687, l='ServerLevel[world]', x=-2354.24, y=-5.63, z=678.58] was spawned in unmodified before, not modifying it
[20Aug2025 20:21:29.364] [Server thread/DEBUG] [atomicstryker.infernalmobs.common.InfernalMobsCore/]: entity Pillager['Pillager'/690, l='ServerLevel[world]', x=-2364.95, y=-7.00, z=678.48] was spawned in unmodified before, not modifying it
[20Aug2025 20:21:29.364] [Server thread/DEBUG] [atomicstryker.infernalmobs.common.InfernalMobsCore/]: entity Pillager['Pillager'/693, l='ServerLevel[world]', x=-2360.50, y=-7.00, z=680.57] was spawned in unmodified before, not modifying it
[20Aug2025 20:21:29.365] [Server thread/DEBUG] [atomicstryker.infernalmobs.common.InfernalMobsCore/]: entity Vindicator['Vindicator'/694, l='ServerLevel[world]', x=-2347.97, y=7.00, z=687.97] was spawned in unmodified before, not modifying it
[20Aug2025 20:21:29.365] [Server thread/DEBUG] [atomicstryker.infernalmobs.common.InfernalMobsCore/]: reloading mods for Pillager['Pillager'/696, l='ServerLevel[world]', x=-2324.64, y=7.00, z=687.97]: LifeSteal Sapper Berserk Unyielding , mod instance atomicstryker.infernalmobs.common.mods.MM_Lifesteal@2eb76ada
[20Aug2025 20:21:29.366] [Server thread/DEBUG] [atomicstryker.infernalmobs.common.InfernalMobsCore/]: reloading mods for Pillager['Pillager'/697, l='ServerLevel[world]', x=-2321.46, y=14.00, z=687.96]: Exhaust Darkness Sapper , mod instance atomicstryker.infernalmobs.common.mods.MM_Exhaust@3913d5b5
[20Aug2025 20:21:29.366] [Server thread/DEBUG] [atomicstryker.infernalmobs.common.InfernalMobsCore/]: entity Pillager['Pillager'/698, l='ServerLevel[world]', x=-2322.62, y=14.00, z=687.97] was spawned in unmodified before, not modifying it
[20Aug2025 20:21:29.366] [Server thread/DEBUG] [atomicstryker.infernalmobs.common.InfernalMobsCore/]: entity Pillager['Pillager'/699, l='ServerLevel[world]', x=-2323.60, y=14.00, z=687.98] was spawned in unmodified before, not modifying it
[20Aug2025 20:21:29.366] [Server thread/DEBUG] [atomicstryker.infernalmobs.common.InfernalMobsCore/]: entity Evoker['Evoker'/700, l='ServerLevel[world]', x=-2321.54, y=14.00, z=687.96] was spawned in unmodified before, not modifying it
[20Aug2025 20:21:29.367] [Server thread/DEBUG] [atomicstryker.infernalmobs.common.InfernalMobsCore/]: entity Pillager['Pillager'/701, l='ServerLevel[world]', x=-2322.46, y=14.00, z=687.98] was spawned in unmodified before, not modifying it
[20Aug2025 20:21:29.367] [Server thread/DEBUG] [atomicstryker.infernalmobs.common.InfernalMobsCore/]: entity Pillager['Pillager'/702, l='ServerLevel[world]', x=-2324.15, y=14.56, z=687.97] was spawned in unmodified before, not modifying it
[20Aug2025 20:21:29.367] [Server thread/DEBUG] [atomicstryker.infernalmobs.common.InfernalMobsCore/]: reloading mods for Pillager['Pillager'/704, l='ServerLevel[world]', x=-2325.56, y=10.00, z=696.47]: Vengeance Wither Sprint Ghastly Sapper LifeSteal , mod instance atomicstryker.infernalmobs.common.mods.MM_Vengeance@363ada17
[20Aug2025 20:21:29.368] [Server thread/DEBUG] [atomicstryker.infernalmobs.common.InfernalMobsCore/]: entity Vindicator['Vindicator'/706, l='ServerLevel[world]', x=-2317.92, y=15.00, z=686.55] was spawned in unmodified before, not modifying it
[20Aug2025 20:21:29.368] [Server thread/DEBUG] [atomicstryker.infernalmobs.common.InfernalMobsCore/]: entity Pillager['Pillager'/707, l='ServerLevel[world]', x=-2314.70, y=14.00, z=686.30] was spawned in unmodified before, not modifying it
[20Aug2025 20:21:29.368] [Server thread/DEBUG] [atomicstryker.infernalmobs.common.InfernalMobsCore/]: entity Pillager['Pillager'/708, l='ServerLevel[world]', x=-2314.52, y=14.00, z=688.00] was spawned in unmodified before, not modifying it
[20Aug2025 20:21:29.368] [Server thread/DEBUG] [atomicstryker.infernalmobs.common.InfernalMobsCore/]: entity Pillager['Pillager'/709, l='ServerLevel[world]', x=-2316.33, y=9.50, z=688.00] was spawned in unmodified before, not modifying it
[20Aug2025 20:21:29.369] [Server thread/DEBUG] [atomicstryker.infernalmobs.common.InfernalMobsCore/]: entity Pillager['Pillager'/710, l='ServerLevel[world]', x=-2313.51, y=14.00, z=688.00] was spawned in unmodified before, not modifying it
[20Aug2025 20:21:29.369] [Server thread/DEBUG] [atomicstryker.infernalmobs.common.InfernalMobsCore/]: reloading mods for Vindicator['Vindicator'/711, l='ServerLevel[world]', x=-2318.01, y=14.00, z=693.53]: LifeSteal Poisonous , mod instance atomicstryker.infernalmobs.common.mods.MM_Lifesteal@11a30f18
[20Aug2025 20:21:29.369] [Server thread/DEBUG] [atomicstryker.infernalmobs.common.InfernalMobsCore/]: entity MimicEntity['Mimic'/713, l='ServerLevel[world]', x=-2462.50, y=23.00, z=680.50] was spawned in unmodified before, not modifying it
[20Aug2025 20:21:29.371] [Server thread/DEBUG] [atomicstryker.infernalmobs.common.InfernalMobsCore/]: entity MimicEntity['Mimic'/740, l='ServerLevel[world]', x=-2520.50, y=-41.00, z=874.50] was spawned in unmodified before, not modifying it
[20Aug2025 20:21:29.450] [Server thread/DEBUG] [artifacts.Artifacts/]: Loaded artifacts.forge.platform.ForgePlatformHelper@5cd90713 for service interface artifacts.platform.PlatformHelper
[20Aug2025 20:21:29.694] [Server thread/DEBUG] [net.minecraftforge.coremod.transformer.CoreModBaseTransformer/COREMOD]: Transforming m_280174_ with desc (Lnet/minecraft/server/level/ServerLevel;Lnet/minecraft/world/level/gameevent/vibrations/VibrationSystem$Data;Lnet/minecraft/world/level/gameevent/vibrations/VibrationSystem$User;Lnet/minecraft/world/level/gameevent/vibrations/VibrationInfo;)Z
[20Aug2025 20:21:30.013] [Server thread/DEBUG] [mixin/]: Mixing boat.VanillaInventoryCodeHooksMixin from securitycraft.mixins.json into net.minecraftforge.items.VanillaInventoryCodeHooks
[20Aug2025 20:21:30.013] [Server thread/DEBUG] [mixin/]: Renaming synthetic method lambda$securitycraft$callGetCapabilityForSecuritySeaBoat$0(Lnet/geforcemods/securitycraft/entity/SecuritySeaBoat;Lnet/minecraftforge/items/IItemHandler;)Lorg/apache/commons/lang3/tuple/Pair; to md7b373c$lambda$securitycraft$callGetCapabilityForSecuritySeaBoat$0$0 in securitycraft.mixins.json:boat.VanillaInventoryCodeHooksMixin
[20Aug2025 20:21:31.659] [Server thread/DEBUG] [atomicstryker.infernalmobs.common.InfernalMobsCore/]: reloading mods for MimicEntity['Mimic'/762, l='ServerLevel[world]', x=-2531.50, y=-32.00, z=766.50]: Cloaking Ender , mod instance atomicstryker.infernalmobs.common.mods.MM_Cloaking@5df430b7
[20Aug2025 20:21:32.566] [Server thread/WARN] [net.minecraft.server.MinecraftServer/]: Can't keep up! Is the server overloaded? Running 2004ms or 40 ticks behind
[20Aug2025 20:21:32.951] [Server thread/DEBUG] [atomicstryker.infernalmobs.common.InfernalMobsCore/]: entity MimicEntity['Mimic'/786, l='ServerLevel[world]', x=-2209.50, y=-6.00, z=1016.50] was spawned in unmodified before, not modifying it
[20Aug2025 20:21:33.289] [Server thread/DEBUG] [atomicstryker.infernalmobs.common.InfernalMobsCore/]: entity MimicEntity['Mimic'/793, l='ServerLevel[world]', x=-2534.50, y=21.00, z=910.50] was spawned in unmodified before, not modifying it
[20Aug2025 20:21:38.348] [Server thread/DEBUG] [mixin/]: Mixing swimming.FallLocationMixin from expandability-common.mixins.json into net.minecraft.world.damagesource.FallLocation
[20Aug2025 20:24:01.241] [Netty Epoll Server IO #1/DEBUG] [io.netty.util.Recycler/]: -Dio.netty.recycler.maxCapacityPerThread: 4096
[20Aug2025 20:24:01.241] [Netty Epoll Server IO #1/DEBUG] [io.netty.util.Recycler/]: -Dio.netty.recycler.ratio: 8
[20Aug2025 20:24:01.241] [Netty Epoll Server IO #1/DEBUG] [io.netty.util.Recycler/]: -Dio.netty.recycler.chunkSize: 32
[20Aug2025 20:24:01.241] [Netty Epoll Server IO #1/DEBUG] [io.netty.util.Recycler/]: -Dio.netty.recycler.blocking: false
[20Aug2025 20:24:23.567] [Server thread/INFO] [net.minecraft.server.MinecraftServer/]: Unknown or incomplete command, see below for error
[20Aug2025 20:24:23.567] [Server thread/INFO] [net.minecraft.server.MinecraftServer/]: ping<--[HERE]
[20Aug2025 20:24:35.613] [Server thread/INFO] [net.minecraft.server.MinecraftServer/]: Unknown or incomplete command, see below for error
[20Aug2025 20:24:35.614] [Server thread/INFO] [net.minecraft.server.MinecraftServer/]: ms<--[HERE]
[20Aug2025 20:24:46.463] [Server thread/INFO] [net.minecraft.server.MinecraftServer/]: Unknown or incomplete command, see below for error
[20Aug2025 20:24:46.464] [Server thread/INFO] [net.minecraft.server.MinecraftServer/]: fps<--[HERE]
[20Aug2025 20:26:31.134] [Server thread/DEBUG] [net.minecraftforge.common.ForgeHooks/WP]: Gathering id map for writing to world save world
[20Aug2025 20:26:31.157] [Server thread/DEBUG] [net.minecraftforge.common.ForgeHooks/WP]: ID Map collection complete world
