[20Aug2025 20:19:40.136] [main/INFO] [cpw.mods.modlauncher.Launcher/MODLAUNCHER]: ModLauncher running: args [--launchTarget, forgeserver, --fml.forgeVersion, 47.3.7, --fml.mcVersion, 1.20.1, --fml.forgeGroup, net.minecraftforge, --fml.mcpVersion, 20230612.114412, nogui]
[20Aug2025 20:19:40.140] [main/INFO] [cpw.mods.modlauncher.Launcher/MODLAUNCHER]: ModLauncher 10.0.9+10.0.9+main.dcd20f30 starting: java version 17.0.15 by Ubuntu; OS Linux arch amd64 version 6.8.0-1030-azure
[20Aug2025 20:19:41.574] [main/INFO] [net.minecraftforge.fml.loading.ImmediateWindowHandler/]: ImmediateWindowProvider not loading because launch target is forgeserver
[20Aug2025 20:19:41.587] [main/INFO] [optifine.OptiFineTransformationService/]: OptiFineTransformationService.onLoad
[20Aug2025 20:19:41.588] [main/INFO] [optifine.OptiFineTransformationService/]: OptiFine ZIP file URL: union:/workspaces/Los-Parceritos/servidor_minecraft/mods/preview_OptiFine_1.20.1_HD_U_I6_pre6.jar%23199!/
[20Aug2025 20:19:41.599] [main/INFO] [optifine.OptiFineTransformationService/]: OptiFine ZIP file: /workspaces/Los-Parceritos/servidor_minecraft/mods/preview_OptiFine_1.20.1_HD_U_I6_pre6.jar
[20Aug2025 20:19:41.600] [main/INFO] [optifine.OptiFineTransformer/]: Target.PRE_CLASS is available
[20Aug2025 20:19:41.673] [main/INFO] [mixin/]: SpongePowered MIXIN Subsystem Version=0.8.5 Source=union:/workspaces/Los-Parceritos/servidor_minecraft/libraries/org/spongepowered/mixin/0.8.5/mixin-0.8.5.jar%2365!/ Service=ModLauncher Env=SERVER
[20Aug2025 20:19:41.697] [main/INFO] [optifine.OptiFineTransformationService/]: OptiFineTransformationService.initialize
[20Aug2025 20:19:42.139] [main/WARN] [net.minecraftforge.fml.loading.moddiscovery.ModFileParser/LOADING]: Mod file /workspaces/Los-Parceritos/servidor_minecraft/libraries/net/minecraftforge/fmlcore/1.20.1-47.3.7/fmlcore-1.20.1-47.3.7.jar is missing mods.toml file
[20Aug2025 20:19:42.141] [main/WARN] [net.minecraftforge.fml.loading.moddiscovery.ModFileParser/LOADING]: Mod file /workspaces/Los-Parceritos/servidor_minecraft/libraries/net/minecraftforge/javafmllanguage/1.20.1-47.3.7/javafmllanguage-1.20.1-47.3.7.jar is missing mods.toml file
[20Aug2025 20:19:42.142] [main/WARN] [net.minecraftforge.fml.loading.moddiscovery.ModFileParser/LOADING]: Mod file /workspaces/Los-Parceritos/servidor_minecraft/libraries/net/minecraftforge/lowcodelanguage/1.20.1-47.3.7/lowcodelanguage-1.20.1-47.3.7.jar is missing mods.toml file
[20Aug2025 20:19:42.143] [main/WARN] [net.minecraftforge.fml.loading.moddiscovery.ModFileParser/LOADING]: Mod file /workspaces/Los-Parceritos/servidor_minecraft/libraries/net/minecraftforge/mclanguage/1.20.1-47.3.7/mclanguage-1.20.1-47.3.7.jar is missing mods.toml file
[20Aug2025 20:19:42.602] [main/WARN] [net.minecraftforge.jarjar.selection.JarSelector/]: Attempted to select two dependency jars from JarJar which have the same identification: Mod File:  and Mod File: . Using Mod File: 
[20Aug2025 20:19:42.603] [main/INFO] [net.minecraftforge.fml.loading.moddiscovery.JarInJarDependencyLocator/]: Found 11 dependencies adding them to mods collection
[20Aug2025 20:19:43.459] [main/INFO] [optifine.OptiFineTransformationService/]: OptiFineTransformationService.transformers
[20Aug2025 20:19:43.468] [main/INFO] [optifine.OptiFineTransformer/]: Targets: 412
[20Aug2025 20:19:43.978] [main/INFO] [optifine.OptiFineTransformationService/]: additionalClassesLocator: [optifine., net.optifine.]
[20Aug2025 20:19:45.363] [main/INFO] [mixin/]: Compatibility level set to JAVA_17
[20Aug2025 20:19:45.626] [main/INFO] [mixin/]: Successfully loaded Mixin Connector [tictim.paraglider.MixinConnector]
[20Aug2025 20:19:45.627] [main/INFO] [mixin/]: Successfully loaded Mixin Connector [de.maxhenkel.camera.MixinConnector]
[20Aug2025 20:19:45.629] [main/INFO] [mixin/]: Successfully loaded Mixin Connector [org.tlauncher.MixinConnector]
[20Aug2025 20:19:45.637] [main/INFO] [cpw.mods.modlauncher.LaunchServiceHandler/MODLAUNCHER]: Launching target 'forgeserver' with arguments [nogui]
[20Aug2025 20:19:45.929] [main/WARN] [mixin/]: Reference map 'coroutil.refmap.json' for coroutil.mixins.json could not be read. If this is a development environment you can ignore this message
[20Aug2025 20:19:45.986] [main/WARN] [mixin/]: Reference map 'cristellib-common-refmap.json' for cristellib-common.mixins.json could not be read. If this is a development environment you can ignore this message
[20Aug2025 20:19:45.988] [main/WARN] [mixin/]: Reference map 'cristellib-forge-refmap.json' for cristellib.mixins.json could not be read. If this is a development environment you can ignore this message
[20Aug2025 20:19:46.248] [main/INFO] [net.minecraftforge.coremod.CoreMod.placebo/COREMODLOG]: Patching IForgeItemStack#getEnchantmentLevel
[20Aug2025 20:19:46.260] [main/INFO] [net.minecraftforge.coremod.CoreMod.placebo/COREMODLOG]: Patching IForgeItemStack#getEnchantmentLevel
[20Aug2025 20:19:46.337] [main/WARN] [mixin/]: Error loading class: dev/latvian/mods/kubejs/recipe/RecipesEventJS (java.lang.ClassNotFoundException: dev.latvian.mods.kubejs.recipe.RecipesEventJS)
[20Aug2025 20:19:46.337] [main/WARN] [mixin/]: @Mixin target dev.latvian.mods.kubejs.recipe.RecipesEventJS was not found mixins.hammerlib.json:bs.kubejs.RecipeEventJSMixin
[20Aug2025 20:19:46.927] [main/WARN] [mixin/]: Error loading class: jeresources/api/util/LootConditionHelper (java.lang.ClassNotFoundException: jeresources.api.util.LootConditionHelper)
[20Aug2025 20:19:46.928] [main/WARN] [mixin/]: @Mixin target jeresources.api.util.LootConditionHelper was not found mixins.improvableskills.json:jer.LootConditionHelperMixin
[20Aug2025 20:19:47.713] [main/WARN] [mixin/]: Error loading class: vazkii/quark/addons/oddities/inventory/BackpackMenu (java.lang.ClassNotFoundException: vazkii.quark.addons.oddities.inventory.BackpackMenu)
[20Aug2025 20:19:47.715] [main/WARN] [mixin/]: Error loading class: net/minecraft/client/gui/screens/inventory/CraftingScreen (java.lang.ClassNotFoundException: net.minecraft.client.gui.screens.inventory.CraftingScreen)
[20Aug2025 20:19:47.715] [main/WARN] [mixin/]: @Mixin target net.minecraft.client.gui.screens.inventory.CraftingScreen was not found fastbench.mixins.json:MixinCraftingScreen
[20Aug2025 20:19:47.925] [main/ERROR] [net.minecraftforge.fml.loading.RuntimeDistCleaner/DISTXFORM]: Attempted to load class net/minecraft/client/player/AbstractClientPlayer for invalid dist DEDICATED_SERVER
[20Aug2025 20:19:47.926] [main/WARN] [mixin/]: Error loading class: net/minecraft/client/player/AbstractClientPlayer (java.lang.RuntimeException: Attempted to load class net/minecraft/client/player/AbstractClientPlayer for invalid dist DEDICATED_SERVER)
[20Aug2025 20:19:47.927] [main/WARN] [mixin/]: @Mixin target net.minecraft.client.player.AbstractClientPlayer was not found tlskincape-mixins.json:MixinAbstractPlayer
[20Aug2025 20:19:47.941] [main/ERROR] [net.minecraftforge.fml.loading.RuntimeDistCleaner/DISTXFORM]: Attempted to load class net/minecraft/client/gui/screens/TitleScreen for invalid dist DEDICATED_SERVER
[20Aug2025 20:19:47.944] [main/WARN] [mixin/]: Error loading class: net/minecraft/client/gui/screens/TitleScreen (java.lang.RuntimeException: Attempted to load class net/minecraft/client/gui/screens/TitleScreen for invalid dist DEDICATED_SERVER)
[20Aug2025 20:19:47.944] [main/WARN] [mixin/]: @Mixin target net.minecraft.client.gui.screens.TitleScreen was not found tlskincape-mixins.json:MixinMainMenu
[20Aug2025 20:19:47.946] [main/WARN] [mixin/]: Error loading class: net/minecraft/client/model/PlayerModel (java.lang.ClassNotFoundException: net.minecraft.client.model.PlayerModel)
[20Aug2025 20:19:47.947] [main/WARN] [mixin/]: @Mixin target net.minecraft.client.model.PlayerModel was not found tlskincape-mixins.json:MixinPlayerModel
[20Aug2025 20:19:48.116] [main/INFO] [MixinExtras|Service/]: Initializing MixinExtras via com.llamalad7.mixinextras.service.MixinExtrasServiceImpl(version=0.4.1).
[20Aug2025 20:19:49.593] [main/INFO] [net.minecraftforge.coremod.CoreMod.placebo/COREMODLOG]: Patching IForgeItemStack#getEnchantmentLevel
[20Aug2025 20:19:49.594] [main/INFO] [net.minecraftforge.coremod.CoreMod.placebo/COREMODLOG]: Patching IForgeItemStack#getEnchantmentLevel
[20Aug2025 20:20:34.952] [main/INFO] [net.minecraftforge.coremod.CoreMod.placebo/COREMODLOG]: Patching IForgeItemStack#getEnchantmentLevel
[20Aug2025 20:20:34.953] [main/INFO] [net.minecraftforge.coremod.CoreMod.placebo/COREMODLOG]: Patching IForgeItemStack#getEnchantmentLevel
[20Aug2025 20:20:36.780] [main/WARN] [mixin/]: @Inject(@At("INVOKE_ASSIGN")) Shift.BY=2 on refurbished_furniture.common.mixins.json:LevelChunkMixin::handler$zgl000$refurbishedFurniture$AfterRemoveBlockEntity exceeds the maximum allowed value: 0. Increase the value of maxShiftBy to suppress this warning.
[20Aug2025 20:20:38.333] [modloading-worker-0/INFO] [Bookshelf/]: Fixing MC-151457. Crafting remainder for minecraft:pufferfish_bucket is now minecraft:bucket.
[20Aug2025 20:20:38.333] [modloading-worker-0/INFO] [Bookshelf/]: Fixing MC-151457. Crafting remainder for minecraft:salmon_bucket is now minecraft:bucket.
[20Aug2025 20:20:38.333] [modloading-worker-0/INFO] [Bookshelf/]: Fixing MC-151457. Crafting remainder for minecraft:cod_bucket is now minecraft:bucket.
[20Aug2025 20:20:38.333] [modloading-worker-0/INFO] [Bookshelf/]: Fixing MC-151457. Crafting remainder for minecraft:tropical_fish_bucket is now minecraft:bucket.
[20Aug2025 20:20:38.333] [modloading-worker-0/INFO] [Bookshelf/]: Fixing MC-151457. Crafting remainder for minecraft:axolotl_bucket is now minecraft:bucket.
[20Aug2025 20:20:38.334] [modloading-worker-0/INFO] [Bookshelf/]: Fixing MC-151457. Crafting remainder for minecraft:powder_snow_bucket is now minecraft:bucket.
[20Aug2025 20:20:38.334] [modloading-worker-0/INFO] [Bookshelf/]: Fixing MC-151457. Crafting remainder for minecraft:tadpole_bucket is now minecraft:bucket.
[20Aug2025 20:20:38.711] [modloading-worker-0/INFO] [Puzzles Lib/]: Constructing common components for pickupnotifier:main
[20Aug2025 20:20:39.104] [modloading-worker-0/INFO] [de.keksuccino.konkrete.Konkrete/]: [KONKRETE] Successfully initialized!
[20Aug2025 20:20:39.104] [modloading-worker-0/INFO] [de.keksuccino.konkrete.Konkrete/]: [KONKRETE] Server-side libs ready to use!
[20Aug2025 20:20:39.285] [modloading-worker-0/INFO] [Collective/]: Loading Collective version 7.91.
[20Aug2025 20:20:39.327] [modloading-worker-0/INFO] [HammerLib/]: Registered charge handler for type org.zeith.hammerlib.util.charging.fluid.FluidCharge - org.zeith.hammerlib.util.charging.impl.FluidChargeHandler@2f47d702
[20Aug2025 20:20:39.332] [modloading-worker-0/INFO] [HammerLib/]: Registered charge handler for type org.zeith.hammerlib.util.charging.fe.FECharge - org.zeith.hammerlib.util.charging.impl.FEChargeHandler@45ac5761
[20Aug2025 20:20:39.339] [modloading-worker-0/INFO] [HammerLib/]: Registered inventory lister org.zeith.hammerlib.util.charging.impl.VanillaPlayerInvLister
[20Aug2025 20:20:39.378] [modloading-worker-0/WARN] [yungsapi/]: WARNING: block Block{minecraft:coal_ore} added to BlockStateRandomizer exceeds max probabiltiy of 1!
[20Aug2025 20:20:39.399] [modloading-worker-0/INFO] [HammerLib/]: Hooked Lorg/zeith/hammerlib/core/test/machine/TileTestMachine; from hammerlib to register it's stuff.
[20Aug2025 20:20:39.401] [modloading-worker-0/INFO] [HammerLib/]: Hooked Lorg/zeith/hammerlib/core/test/machine/RecipeTestMachine; from hammerlib to register it's stuff.
[20Aug2025 20:20:39.402] [modloading-worker-0/INFO] [HammerLib/]: Hooked Lorg/zeith/hammerlib/core/test/machine/BlockTestMachine; from hammerlib to register it's stuff.
[20Aug2025 20:20:39.403] [modloading-worker-0/INFO] [HammerLib/]: Hooked Lorg/zeith/hammerlib/core/recipes/replacers/WaterBottleReplacer; from hammerlib to register it's stuff.
[20Aug2025 20:20:39.403] [modloading-worker-0/INFO] [HammerLib/]: Hooked Lorg/zeith/hammerlib/core/recipes/replacers/RemainingReplacerRegistrar; from hammerlib to register it's stuff.
[20Aug2025 20:20:39.403] [modloading-worker-0/INFO] [HammerLib/]: Hooked Lorg/zeith/hammerlib/core/init/SourceTypesHL; from hammerlib to register it's stuff.
[20Aug2025 20:20:39.404] [modloading-worker-0/INFO] [HammerLib/]: Hooked Lorg/zeith/hammerlib/core/init/RecipesHL; from hammerlib to register it's stuff.
[20Aug2025 20:20:39.404] [modloading-worker-0/INFO] [HammerLib/]: Hooked Lorg/zeith/hammerlib/core/init/LevelActionTypesHL; from hammerlib to register it's stuff.
[20Aug2025 20:20:39.404] [modloading-worker-0/INFO] [HammerLib/]: Hooked Lorg/zeith/hammerlib/core/init/ItemsHL; from hammerlib to register it's stuff.
[20Aug2025 20:20:39.404] [modloading-worker-0/INFO] [HammerLib/]: Hooked Lorg/zeith/hammerlib/core/init/GearsHL; from hammerlib to register it's stuff.
[20Aug2025 20:20:39.404] [modloading-worker-0/INFO] [HammerLib/]: Hooked Lorg/zeith/hammerlib/api/forge/ContainerAPI; from hammerlib to register it's stuff.
[20Aug2025 20:20:39.404] [modloading-worker-0/INFO] [HammerLib/]: Hooked Lorg/zeith/improvableskills/init/SkillsIS; from improvableskills to register it's stuff.
[20Aug2025 20:20:39.404] [modloading-worker-0/INFO] [HammerLib/]: Hooked Lorg/zeith/improvableskills/init/RecipeTypesIS; from improvableskills to register it's stuff.
[20Aug2025 20:20:39.405] [modloading-worker-0/INFO] [HammerLib/]: Hooked Lorg/zeith/improvableskills/init/ParticleTypesIS; from improvableskills to register it's stuff.
[20Aug2025 20:20:39.406] [modloading-worker-0/INFO] [HammerLib/]: Hooked Lorg/zeith/improvableskills/init/PageletsIS; from improvableskills to register it's stuff.
[20Aug2025 20:20:39.406] [modloading-worker-0/INFO] [HammerLib/]: Hooked Lorg/zeith/improvableskills/init/ItemsIS; from improvableskills to register it's stuff.
[20Aug2025 20:20:39.406] [modloading-worker-0/INFO] [HammerLib/]: Hooked Lorg/zeith/improvableskills/init/GuiHooksIS; from improvableskills to register it's stuff.
[20Aug2025 20:20:39.407] [modloading-worker-0/INFO] [HammerLib/]: Hooked Lorg/zeith/improvableskills/init/AbilitiesIS; from improvableskills to register it's stuff.
[20Aug2025 20:20:39.430] [modloading-worker-0/INFO] [HammerLib/]: Injecting config setup into class org.zeith.improvableskills.cfg.ConfigsIS
[20Aug2025 20:20:39.526] [modloading-worker-0/INFO] [HammerLib/]: Injecting setup into org.zeith.hammerlib.net.Network
[20Aug2025 20:20:39.567] [modloading-worker-0/INFO] [com.cupboard.Cupboard/]: Loaded config for: cupboard.json
[20Aug2025 20:20:39.574] [modloading-worker-0/INFO] [dev.architectury.networking.forge.NetworkManagerImpl/]: Registering C2S receiver with id architectury:sync_ids
[20Aug2025 20:20:39.594] [modloading-worker-0/INFO] [Puzzles Lib/]: Constructing common components for enchantinginfuser:main
[20Aug2025 20:20:39.848] [modloading-worker-0/INFO] [net.minecraftforge.common.ForgeMod/FORGEMOD]: Forge mod loading, version 47.3.7, for MC 1.20.1 with MCP 20230612.114412
[20Aug2025 20:20:39.849] [modloading-worker-0/INFO] [net.minecraftforge.common.MinecraftForge/FORGE]: MinecraftForge v47.3.7 Initialized
[20Aug2025 20:20:39.922] [modloading-worker-0/INFO] [dev.architectury.networking.forge.NetworkManagerImpl/]: Registering C2S receiver with id artifacts:networking_channel/42a7ad70b1cc371599a0eff744096b8a
[20Aug2025 20:20:39.924] [modloading-worker-0/INFO] [dev.architectury.networking.forge.NetworkManagerImpl/]: Registering C2S receiver with id artifacts:networking_channel/74a5e841822a3a87854ae896a33430d6
[20Aug2025 20:20:39.926] [modloading-worker-0/INFO] [dev.architectury.networking.forge.NetworkManagerImpl/]: Registering C2S receiver with id artifacts:networking_channel/eb3d1e2748533430848cadf0f37c7e9c
[20Aug2025 20:20:39.927] [modloading-worker-0/INFO] [dev.architectury.networking.forge.NetworkManagerImpl/]: Registering C2S receiver with id artifacts:networking_channel/91c8520f19f93b3e8b6a727568e194ab
[20Aug2025 20:20:39.929] [modloading-worker-0/INFO] [dev.architectury.networking.forge.NetworkManagerImpl/]: Registering C2S receiver with id artifacts:networking_channel/8c2784d778293fd482ed84b8aa5fedb9
[20Aug2025 20:20:39.938] [modloading-worker-0/INFO] [dev.architectury.networking.forge.NetworkManagerImpl/]: Registering C2S receiver with id artifacts:networking_channel/ea038224ea783d40b2863f52239e2604
[20Aug2025 20:20:39.939] [modloading-worker-0/INFO] [dev.architectury.networking.forge.NetworkManagerImpl/]: Registering C2S receiver with id artifacts:networking_channel/97ad64b7ecaf33209991c4f031501a58
[20Aug2025 20:20:40.229] [modloading-worker-0/INFO] [coroutil/]: forge loader environment detected
[20Aug2025 20:20:40.309] [modloading-worker-0/INFO] [Puzzles Lib/]: Constructing common components for puzzleslib:main
[20Aug2025 20:20:40.319] [modloading-worker-0/WARN] [de.keksuccino.justzoom.JustZoom/]: [JUST ZOOM] Disabling 'Just Zoom' since it's a client-side mod and current environment is server!
[20Aug2025 20:20:40.322] [modloading-worker-0/INFO] [me.treyruffy.betterf3.BetterF3Forge/]: [BetterF3] Starting...
[20Aug2025 20:20:40.322] [modloading-worker-0/WARN] [me.treyruffy.betterf3.BetterF3Forge/]: [BetterF3] Not supported on dedicated server!
[20Aug2025 20:20:40.323] [modloading-worker-0/INFO] [be.florens.expandability.ExpandAbility/]: ExpandAbility here, who dis?
[20Aug2025 20:20:40.327] [modloading-worker-0/INFO] [Puzzles Lib/]: Constructing common components for overflowingbars:main
[20Aug2025 20:20:40.898] [modloading-worker-0/INFO] [thedarkcolour.kotlinforforge.test.KotlinForForge/]: Kotlin For Forge Enabled!
[20Aug2025 20:20:42.539] [main/WARN] [dev.architectury.registry.registries.forge.RegistrarManagerImpl/]: Registry entry listened Registry Entry [minecraft:entity_type / artifacts:mimic] was not realized!
[20Aug2025 20:20:42.967] [main/WARN] [net.minecraft.network.syncher.SynchedEntityData/]: defineId called for: class forge.net.mca.entity.VillagerEntityMCA from class forge.net.mca.util.network.datasync.CDataParameter
[20Aug2025 20:20:42.968] [main/WARN] [net.minecraft.network.syncher.SynchedEntityData/]: defineId called for: class forge.net.mca.entity.VillagerEntityMCA from class forge.net.mca.util.network.datasync.CDataParameter
[20Aug2025 20:20:42.969] [main/WARN] [net.minecraft.network.syncher.SynchedEntityData/]: defineId called for: class forge.net.mca.entity.VillagerEntityMCA from class forge.net.mca.util.network.datasync.CDataParameter
[20Aug2025 20:20:42.969] [main/WARN] [net.minecraft.network.syncher.SynchedEntityData/]: defineId called for: class forge.net.mca.entity.VillagerEntityMCA from class forge.net.mca.util.network.datasync.CDataParameter
[20Aug2025 20:20:42.969] [main/WARN] [net.minecraft.network.syncher.SynchedEntityData/]: defineId called for: class forge.net.mca.entity.VillagerEntityMCA from class forge.net.mca.util.network.datasync.CDataParameter
[20Aug2025 20:20:42.969] [main/WARN] [net.minecraft.network.syncher.SynchedEntityData/]: defineId called for: class forge.net.mca.entity.VillagerEntityMCA from class forge.net.mca.util.network.datasync.CDataParameter
[20Aug2025 20:20:42.970] [main/WARN] [net.minecraft.network.syncher.SynchedEntityData/]: defineId called for: class forge.net.mca.entity.VillagerEntityMCA from class forge.net.mca.util.network.datasync.CDataParameter
[20Aug2025 20:20:42.970] [main/WARN] [net.minecraft.network.syncher.SynchedEntityData/]: defineId called for: class forge.net.mca.entity.VillagerEntityMCA from class forge.net.mca.util.network.datasync.CEnumParameter
[20Aug2025 20:20:42.972] [main/WARN] [net.minecraft.network.syncher.SynchedEntityData/]: defineId called for: class forge.net.mca.entity.VillagerEntityMCA from class forge.net.mca.util.network.datasync.CDataParameter
[20Aug2025 20:20:42.972] [main/WARN] [net.minecraft.network.syncher.SynchedEntityData/]: defineId called for: class forge.net.mca.entity.VillagerEntityMCA from class forge.net.mca.util.network.datasync.CDataParameter
[20Aug2025 20:20:42.972] [main/WARN] [net.minecraft.network.syncher.SynchedEntityData/]: defineId called for: class forge.net.mca.entity.VillagerEntityMCA from class forge.net.mca.util.network.datasync.CDataParameter
[20Aug2025 20:20:42.972] [main/WARN] [net.minecraft.network.syncher.SynchedEntityData/]: defineId called for: class forge.net.mca.entity.VillagerEntityMCA from class forge.net.mca.util.network.datasync.CDataParameter
[20Aug2025 20:20:42.973] [main/WARN] [net.minecraft.network.syncher.SynchedEntityData/]: defineId called for: class forge.net.mca.entity.VillagerEntityMCA from class forge.net.mca.util.network.datasync.CDataParameter
[20Aug2025 20:20:42.973] [main/WARN] [net.minecraft.network.syncher.SynchedEntityData/]: defineId called for: class forge.net.mca.entity.VillagerEntityMCA from class forge.net.mca.util.network.datasync.CDataParameter
[20Aug2025 20:20:42.973] [main/WARN] [net.minecraft.network.syncher.SynchedEntityData/]: defineId called for: class forge.net.mca.entity.VillagerEntityMCA from class forge.net.mca.util.network.datasync.CDataParameter
[20Aug2025 20:20:42.974] [main/WARN] [net.minecraft.network.syncher.SynchedEntityData/]: defineId called for: class forge.net.mca.entity.VillagerEntityMCA from class forge.net.mca.util.network.datasync.CDataParameter
[20Aug2025 20:20:42.974] [main/WARN] [net.minecraft.network.syncher.SynchedEntityData/]: defineId called for: class forge.net.mca.entity.VillagerEntityMCA from class forge.net.mca.util.network.datasync.CDataParameter
[20Aug2025 20:20:42.974] [main/WARN] [net.minecraft.network.syncher.SynchedEntityData/]: defineId called for: class forge.net.mca.entity.VillagerEntityMCA from class forge.net.mca.util.network.datasync.CDataParameter
[20Aug2025 20:20:42.975] [main/WARN] [net.minecraft.network.syncher.SynchedEntityData/]: defineId called for: class forge.net.mca.entity.VillagerEntityMCA from class forge.net.mca.util.network.datasync.CDataParameter
[20Aug2025 20:20:42.975] [main/WARN] [net.minecraft.network.syncher.SynchedEntityData/]: defineId called for: class forge.net.mca.entity.VillagerEntityMCA from class forge.net.mca.util.network.datasync.CEnumParameter
[20Aug2025 20:20:42.976] [main/WARN] [net.minecraft.network.syncher.SynchedEntityData/]: defineId called for: class forge.net.mca.entity.VillagerEntityMCA from class forge.net.mca.util.network.datasync.CDataParameter
[20Aug2025 20:20:42.979] [main/WARN] [net.minecraft.network.syncher.SynchedEntityData/]: defineId called for: class forge.net.mca.entity.VillagerEntityMCA from class forge.net.mca.util.network.datasync.CDataParameter
[20Aug2025 20:20:42.979] [main/WARN] [net.minecraft.network.syncher.SynchedEntityData/]: defineId called for: class forge.net.mca.entity.VillagerEntityMCA from class forge.net.mca.util.network.datasync.CEnumParameter
[20Aug2025 20:20:42.980] [main/WARN] [net.minecraft.network.syncher.SynchedEntityData/]: defineId called for: class forge.net.mca.entity.VillagerEntityMCA from class forge.net.mca.util.network.datasync.CDataParameter
[20Aug2025 20:20:42.980] [main/WARN] [net.minecraft.network.syncher.SynchedEntityData/]: defineId called for: class forge.net.mca.entity.VillagerEntityMCA from class forge.net.mca.util.network.datasync.CEnumParameter
[20Aug2025 20:20:42.980] [main/WARN] [net.minecraft.network.syncher.SynchedEntityData/]: defineId called for: class forge.net.mca.entity.VillagerEntityMCA from class forge.net.mca.util.network.datasync.CEnumParameter
[20Aug2025 20:20:42.980] [main/WARN] [net.minecraft.network.syncher.SynchedEntityData/]: defineId called for: class forge.net.mca.entity.VillagerEntityMCA from class forge.net.mca.util.network.datasync.CDataParameter
[20Aug2025 20:20:42.980] [main/WARN] [net.minecraft.network.syncher.SynchedEntityData/]: defineId called for: class forge.net.mca.entity.VillagerEntityMCA from class forge.net.mca.util.network.datasync.CDataParameter
[20Aug2025 20:20:42.981] [main/WARN] [net.minecraft.network.syncher.SynchedEntityData/]: defineId called for: class forge.net.mca.entity.VillagerEntityMCA from class forge.net.mca.util.network.datasync.CDataParameter
[20Aug2025 20:20:42.981] [main/WARN] [net.minecraft.network.syncher.SynchedEntityData/]: defineId called for: class forge.net.mca.entity.VillagerEntityMCA from class forge.net.mca.util.network.datasync.CDataParameter
[20Aug2025 20:20:42.981] [main/WARN] [net.minecraft.network.syncher.SynchedEntityData/]: defineId called for: class forge.net.mca.entity.VillagerEntityMCA from class forge.net.mca.util.network.datasync.CDataParameter
[20Aug2025 20:20:42.982] [main/WARN] [net.minecraft.network.syncher.SynchedEntityData/]: defineId called for: class forge.net.mca.entity.VillagerEntityMCA from class forge.net.mca.util.network.datasync.CDataParameter
[20Aug2025 20:20:42.986] [main/WARN] [net.minecraft.network.syncher.SynchedEntityData/]: defineId called for: class forge.net.mca.entity.VillagerEntityMCA from class forge.net.mca.util.network.datasync.CDataParameter
[20Aug2025 20:20:42.987] [main/WARN] [net.minecraft.network.syncher.SynchedEntityData/]: defineId called for: class forge.net.mca.entity.VillagerEntityMCA from class forge.net.mca.util.network.datasync.CDataParameter
[20Aug2025 20:20:42.988] [main/WARN] [net.minecraft.network.syncher.SynchedEntityData/]: defineId called for: class forge.net.mca.entity.VillagerEntityMCA from class forge.net.mca.util.network.datasync.CDataParameter
[20Aug2025 20:20:42.988] [main/WARN] [net.minecraft.network.syncher.SynchedEntityData/]: defineId called for: class forge.net.mca.entity.VillagerEntityMCA from class forge.net.mca.util.network.datasync.CDataParameter
[20Aug2025 20:20:42.988] [main/WARN] [net.minecraft.network.syncher.SynchedEntityData/]: defineId called for: class forge.net.mca.entity.VillagerEntityMCA from class forge.net.mca.util.network.datasync.CDataParameter
[20Aug2025 20:20:42.989] [main/WARN] [net.minecraft.network.syncher.SynchedEntityData/]: defineId called for: class forge.net.mca.entity.GrimReaperEntity from class forge.net.mca.util.network.datasync.CEnumParameter
[20Aug2025 20:20:43.123] [main/WARN] [yungsapi/]: WARNING: block Block{minecraft:coal_ore} added to BlockStateRandomizer exceeds max probabiltiy of 1!
[20Aug2025 20:20:43.161] [modloading-worker-0/INFO] [HammerLib/]: Setup HammerLib networking!
[20Aug2025 20:20:43.326] [modloading-worker-0/INFO] [com.brutalbosses.BrutalBosses/]: brutalbosses mod initialized
[20Aug2025 20:20:43.398] [Forge Version Check/INFO] [net.minecraftforge.fml.VersionChecker/]: [hammerlib] Starting version check at https://api.modrinth.com/updates/PlkSuVtM/forge_updates.json
[20Aug2025 20:20:43.646] [main/INFO] [Framework/SYNCED_ENTITY_DATA]: Registered synced data key refurbished_furniture:lock_yaw for refurbished_furniture:seat
[20Aug2025 20:20:43.680] [main/INFO] [journeymap/]: Initializing Packet Registries
[20Aug2025 20:20:43.733] [modloading-worker-0/INFO] [HammerLib/]: Performed registerFoil from hammerlib. Determined constant(0xFFFFFF0F) foil provider
[20Aug2025 20:20:43.738] [modloading-worker-0/INFO] [HammerLib/]: Performed registerFoil from hammerlib. Determined dynamic(org.zeith.hammerlib.client.CustomFoilConfigs$$Lambda$12700/0x00007a134d75eb10@3386ae16) foil provider
[20Aug2025 20:20:43.807] [modloading-worker-0/INFO] [Jade/]: Start loading plugin at org.zeith.hammerlib.compat.jade.GetWaila
[20Aug2025 20:20:43.817] [modloading-worker-0/INFO] [Jade/]: Start loading plugin at net.blay09.mods.balm.forge.compat.hudinfo.ForgeJadeModCompat
[20Aug2025 20:20:43.818] [modloading-worker-0/INFO] [Jade/]: Start loading plugin at de.maxhenkel.camera.integration.waila.PluginCamera
[20Aug2025 20:20:43.819] [modloading-worker-0/INFO] [Jade/]: Start loading plugin at ovh.corail.tombstone.compatibility.IntegrationJade
[20Aug2025 20:20:43.820] [modloading-worker-0/INFO] [Jade/]: Start loading plugin at bl4ckscor3.mod.globalxp.compat.WailaDataProvider
[20Aug2025 20:20:43.821] [modloading-worker-0/INFO] [Jade/]: Start loading plugin at net.blay09.mods.waystones.compat.JadeIntegration
[20Aug2025 20:20:43.821] [modloading-worker-0/INFO] [Jade/]: Start loading plugin at snownee.jade.addon.vanilla.VanillaPlugin
[20Aug2025 20:20:43.835] [modloading-worker-0/INFO] [Jade/]: Start loading plugin at snownee.jade.addon.universal.UniversalPlugin
[20Aug2025 20:20:43.849] [modloading-worker-0/INFO] [Jade/]: Start loading plugin at snownee.jade.addon.core.CorePlugin
[20Aug2025 20:20:43.854] [modloading-worker-0/INFO] [Jade/]: Start loading plugin at net.geforcemods.securitycraft.compat.hudmods.JadeDataProvider
[20Aug2025 20:20:43.856] [modloading-worker-0/INFO] [Jade/]: Start loading plugin at lekavar.lma.drinkbeer.compat.jade.JadePlugin
[20Aug2025 20:20:43.874] [Forge Version Check/INFO] [net.minecraftforge.fml.VersionChecker/]: [hammerlib] Found status: OUTDATED Current: 20.1.32 Target: 20.1.50
[20Aug2025 20:20:43.874] [Forge Version Check/INFO] [net.minecraftforge.fml.VersionChecker/]: [tipsmod] Starting version check at https://updates.blamejared.com/get?n=tipsmod&gv=1.20.1
[20Aug2025 20:20:43.991] [Forge Version Check/INFO] [net.minecraftforge.fml.VersionChecker/]: [tipsmod] Found status: BETA_OUTDATED Current: 12.0.4 Target: 12.1.8
[20Aug2025 20:20:43.991] [Forge Version Check/INFO] [net.minecraftforge.fml.VersionChecker/]: [prism] Starting version check at https://mc-update-check.anthonyhilyard.com/638111
[20Aug2025 20:20:44.414] [Forge Version Check/INFO] [net.minecraftforge.fml.VersionChecker/]: [prism] Found status: OUTDATED Current: 1.0.3 Target: 1.0.5
[20Aug2025 20:20:44.414] [Forge Version Check/INFO] [net.minecraftforge.fml.VersionChecker/]: [bookshelf] Starting version check at https://updates.blamejared.com/get?n=bookshelf&gv=1.20.1
[20Aug2025 20:20:44.437] [Forge Version Check/INFO] [net.minecraftforge.fml.VersionChecker/]: [bookshelf] Found status: BETA Current: 20.2.13 Target: 20.2.13
[20Aug2025 20:20:44.438] [Forge Version Check/INFO] [net.minecraftforge.fml.VersionChecker/]: [mcwdoors] Starting version check at https://raw.githubusercontent.com/sketchmacaw/macawsmods/master/doors.json
[20Aug2025 20:20:44.459] [Forge Version Check/INFO] [net.minecraftforge.fml.VersionChecker/]: [mcwdoors] Found status: UP_TO_DATE Current: 1.1.2 Target: null
[20Aug2025 20:20:44.459] [Forge Version Check/INFO] [net.minecraftforge.fml.VersionChecker/]: [pickupnotifier] Starting version check at https://raw.githubusercontent.com/Fuzss/modresources/main/update/pickupnotifier.json
[20Aug2025 20:20:44.466] [Forge Version Check/INFO] [net.minecraftforge.fml.VersionChecker/]: [pickupnotifier] Found status: UP_TO_DATE Current: 8.0.0 Target: null
[20Aug2025 20:20:44.466] [Forge Version Check/INFO] [net.minecraftforge.fml.VersionChecker/]: [minetraps] Starting version check at https://raw.githubusercontent.com/XxRexRaptorxX/Update-Checker/main/MineTraps.json
[20Aug2025 20:20:44.550] [Forge Version Check/INFO] [net.minecraftforge.fml.VersionChecker/]: [minetraps] Found status: UP_TO_DATE Current: 2.3.0a Target: null
[20Aug2025 20:20:44.550] [Forge Version Check/INFO] [net.minecraftforge.fml.VersionChecker/]: [shieldexp] Starting version check at https://infernalstudios.org/api/mods/shieldexpansion/forge
[20Aug2025 20:20:44.826] [Forge Version Check/INFO] [net.minecraftforge.fml.VersionChecker/]: [shieldexp] Found status: BETA Current: 1.1.7 Target: null
[20Aug2025 20:20:44.827] [Forge Version Check/INFO] [net.minecraftforge.fml.VersionChecker/]: [ctov] Starting version check at https://api.modrinth.com/updates/fgmhI8kH/forge_updates.json
[20Aug2025 20:20:44.942] [Forge Version Check/INFO] [net.minecraftforge.fml.VersionChecker/]: [ctov] Found status: UP_TO_DATE Current: 3.4.14 Target: null
[20Aug2025 20:20:44.942] [Forge Version Check/INFO] [net.minecraftforge.fml.VersionChecker/]: [advancementplaques] Starting version check at https://mc-update-check.anthonyhilyard.com/499826
[20Aug2025 20:20:45.038] [Forge Version Check/INFO] [net.minecraftforge.fml.VersionChecker/]: [advancementplaques] Found status: OUTDATED Current: 1.6.7 Target: 1.6.9
[20Aug2025 20:20:45.038] [Forge Version Check/INFO] [net.minecraftforge.fml.VersionChecker/]: [mcwbridges] Starting version check at https://raw.githubusercontent.com/sketchmacaw/macawsmods/master/bridges.json
[20Aug2025 20:20:45.043] [Forge Version Check/INFO] [net.minecraftforge.fml.VersionChecker/]: [mcwbridges] Found status: UP_TO_DATE Current: 3.1.0 Target: null
[20Aug2025 20:20:45.044] [Forge Version Check/INFO] [net.minecraftforge.fml.VersionChecker/]: [mr_serversleep] Starting version check at https://api.modrinth.com/updates/Cw8IlnGM/forge_updates.json
[20Aug2025 20:20:45.355] [Forge Version Check/INFO] [net.minecraftforge.fml.VersionChecker/]: [mr_serversleep] Found status: AHEAD Current: 1-datapack Target: null
[20Aug2025 20:20:45.355] [Forge Version Check/INFO] [net.minecraftforge.fml.VersionChecker/]: [highlighter] Starting version check at https://mc-update-check.anthonyhilyard.com/521590
[20Aug2025 20:20:45.449] [Forge Version Check/INFO] [net.minecraftforge.fml.VersionChecker/]: [highlighter] Found status: UP_TO_DATE Current: 1.1.9 Target: null
[20Aug2025 20:20:45.449] [Forge Version Check/INFO] [net.minecraftforge.fml.VersionChecker/]: [improvableskills] Starting version check at https://api.modrinth.com/updates/9fT7HUaI/forge_updates.json
[20Aug2025 20:20:45.593] [Forge Version Check/INFO] [net.minecraftforge.fml.VersionChecker/]: [improvableskills] Found status: OUTDATED Current: 20.1.11 Target: 20.1.13
[20Aug2025 20:20:45.593] [Forge Version Check/INFO] [net.minecraftforge.fml.VersionChecker/]: [camera] Starting version check at https://update.maxhenkel.de/forge/camera
[20Aug2025 20:20:45.685] [Forge Version Check/INFO] [net.minecraftforge.fml.VersionChecker/]: [camera] Found status: OUTDATED Current: 1.20.1-1.0.19 Target: 1.20.1-1.0.20
[20Aug2025 20:20:45.686] [Forge Version Check/INFO] [net.minecraftforge.fml.VersionChecker/]: [mr_dungeons_andtaverns] Starting version check at https://api.modrinth.com/updates/tpehi7ww/forge_updates.json
[20Aug2025 20:20:45.917] [Forge Version Check/INFO] [net.minecraftforge.fml.VersionChecker/]: [mr_dungeons_andtaverns] Found status: OUTDATED Current: 3.0.3.f Target: 3.0.3.f+mod
[20Aug2025 20:20:45.917] [Forge Version Check/INFO] [net.minecraftforge.fml.VersionChecker/]: [tombstone] Starting version check at https://raw.githubusercontent.com/Corail31/tombstone_lite/master/update.json
[20Aug2025 20:20:46.005] [Forge Version Check/INFO] [net.minecraftforge.fml.VersionChecker/]: [tombstone] Found status: OUTDATED Current: 9.0.2 Target: 9.0.8
[20Aug2025 20:20:46.006] [Forge Version Check/INFO] [net.minecraftforge.fml.VersionChecker/]: [refurbished_furniture] Starting version check at https://mrcrayfish.com/api/mod_update/forge/refurbished_furniture
[20Aug2025 20:20:46.112] [Forge Version Check/WARN] [net.minecraftforge.fml.VersionChecker/]: Failed to process update information
com.google.gson.JsonSyntaxException: java.lang.IllegalStateException: Expected BEGIN_OBJECT but was STRING at line 1 column 1 path $
	at com.google.gson.Gson.fromJson(Gson.java:1226) ~[gson-2.10.jar%2372!/:?]
	at com.google.gson.Gson.fromJson(Gson.java:1124) ~[gson-2.10.jar%2372!/:?]
	at com.google.gson.Gson.fromJson(Gson.java:1034) ~[gson-2.10.jar%2372!/:?]
	at com.google.gson.Gson.fromJson(Gson.java:969) ~[gson-2.10.jar%2372!/:?]
	at net.minecraftforge.fml.VersionChecker$1.process(VersionChecker.java:183) ~[fmlcore-1.20.1-47.3.7.jar%23300!/:?]
	at java.lang.Iterable.forEach(Iterable.java:75) ~[?:?]
	at net.minecraftforge.fml.VersionChecker$1.run(VersionChecker.java:114) ~[fmlcore-1.20.1-47.3.7.jar%23300!/:?]
Caused by: java.lang.IllegalStateException: Expected BEGIN_OBJECT but was STRING at line 1 column 1 path $
	at com.google.gson.stream.JsonReader.beginObject(JsonReader.java:393) ~[gson-2.10.jar%2372!/:?]
	at com.google.gson.internal.bind.MapTypeAdapterFactory$Adapter.read(MapTypeAdapterFactory.java:182) ~[gson-2.10.jar%2372!/:?]
	at com.google.gson.internal.bind.MapTypeAdapterFactory$Adapter.read(MapTypeAdapterFactory.java:144) ~[gson-2.10.jar%2372!/:?]
	at com.google.gson.Gson.fromJson(Gson.java:1214) ~[gson-2.10.jar%2372!/:?]
	... 6 more
[20Aug2025 20:20:46.114] [Forge Version Check/INFO] [net.minecraftforge.fml.VersionChecker/]: [framework] Starting version check at https://mrcrayfish.com/modupdatejson?id=framework
[20Aug2025 20:20:46.124] [Forge Version Check/WARN] [net.minecraftforge.fml.VersionChecker/]: Failed to process update information
com.google.gson.JsonSyntaxException: java.lang.IllegalStateException: Expected BEGIN_OBJECT but was STRING at line 1 column 1 path $
	at com.google.gson.Gson.fromJson(Gson.java:1226) ~[gson-2.10.jar%2372!/:?]
	at com.google.gson.Gson.fromJson(Gson.java:1124) ~[gson-2.10.jar%2372!/:?]
	at com.google.gson.Gson.fromJson(Gson.java:1034) ~[gson-2.10.jar%2372!/:?]
	at com.google.gson.Gson.fromJson(Gson.java:969) ~[gson-2.10.jar%2372!/:?]
	at net.minecraftforge.fml.VersionChecker$1.process(VersionChecker.java:183) ~[fmlcore-1.20.1-47.3.7.jar%23300!/:?]
	at java.lang.Iterable.forEach(Iterable.java:75) ~[?:?]
	at net.minecraftforge.fml.VersionChecker$1.run(VersionChecker.java:114) ~[fmlcore-1.20.1-47.3.7.jar%23300!/:?]
Caused by: java.lang.IllegalStateException: Expected BEGIN_OBJECT but was STRING at line 1 column 1 path $
	at com.google.gson.stream.JsonReader.beginObject(JsonReader.java:393) ~[gson-2.10.jar%2372!/:?]
	at com.google.gson.internal.bind.MapTypeAdapterFactory$Adapter.read(MapTypeAdapterFactory.java:182) ~[gson-2.10.jar%2372!/:?]
	at com.google.gson.internal.bind.MapTypeAdapterFactory$Adapter.read(MapTypeAdapterFactory.java:144) ~[gson-2.10.jar%2372!/:?]
	at com.google.gson.Gson.fromJson(Gson.java:1214) ~[gson-2.10.jar%2372!/:?]
	... 6 more
[20Aug2025 20:20:46.125] [Forge Version Check/INFO] [net.minecraftforge.fml.VersionChecker/]: [enchantinginfuser] Starting version check at https://raw.githubusercontent.com/Fuzss/modresources/main/update/enchantinginfuser.json
[20Aug2025 20:20:46.208] [Forge Version Check/INFO] [net.minecraftforge.fml.VersionChecker/]: [enchantinginfuser] Found status: OUTDATED Current: 8.0.2 Target: 8.0.3
[20Aug2025 20:20:46.209] [Forge Version Check/INFO] [net.minecraftforge.fml.VersionChecker/]: [mcwlights] Starting version check at https://raw.githubusercontent.com/sketchmacaw/macawsmods/master/lights.json
[20Aug2025 20:20:46.214] [Forge Version Check/INFO] [net.minecraftforge.fml.VersionChecker/]: [mcwlights] Found status: UP_TO_DATE Current: 1.1.2 Target: null
[20Aug2025 20:20:46.215] [Forge Version Check/INFO] [net.minecraftforge.fml.VersionChecker/]: [fastload] Starting version check at https://github.com/BumbleSoftware/Fastload/raw/Forge-1.20.1/updates.json
[20Aug2025 20:20:46.462] [Forge Version Check/INFO] [net.minecraftforge.fml.VersionChecker/]: [fastload] Found status: UP_TO_DATE Current: 3.4.0 Target: null
[20Aug2025 20:20:46.463] [Forge Version Check/INFO] [net.minecraftforge.fml.VersionChecker/]: [goblintraders] Starting version check at https://mrcrayfish.com/modupdatejson?id=goblintraders
[20Aug2025 20:20:46.471] [Forge Version Check/WARN] [net.minecraftforge.fml.VersionChecker/]: Failed to process update information
com.google.gson.JsonSyntaxException: java.lang.IllegalStateException: Expected BEGIN_OBJECT but was STRING at line 1 column 1 path $
	at com.google.gson.Gson.fromJson(Gson.java:1226) ~[gson-2.10.jar%2372!/:?]
	at com.google.gson.Gson.fromJson(Gson.java:1124) ~[gson-2.10.jar%2372!/:?]
	at com.google.gson.Gson.fromJson(Gson.java:1034) ~[gson-2.10.jar%2372!/:?]
	at com.google.gson.Gson.fromJson(Gson.java:969) ~[gson-2.10.jar%2372!/:?]
	at net.minecraftforge.fml.VersionChecker$1.process(VersionChecker.java:183) ~[fmlcore-1.20.1-47.3.7.jar%23300!/:?]
	at java.lang.Iterable.forEach(Iterable.java:75) ~[?:?]
	at net.minecraftforge.fml.VersionChecker$1.run(VersionChecker.java:114) ~[fmlcore-1.20.1-47.3.7.jar%23300!/:?]
Caused by: java.lang.IllegalStateException: Expected BEGIN_OBJECT but was STRING at line 1 column 1 path $
	at com.google.gson.stream.JsonReader.beginObject(JsonReader.java:393) ~[gson-2.10.jar%2372!/:?]
	at com.google.gson.internal.bind.MapTypeAdapterFactory$Adapter.read(MapTypeAdapterFactory.java:182) ~[gson-2.10.jar%2372!/:?]
	at com.google.gson.internal.bind.MapTypeAdapterFactory$Adapter.read(MapTypeAdapterFactory.java:144) ~[gson-2.10.jar%2372!/:?]
	at com.google.gson.Gson.fromJson(Gson.java:1214) ~[gson-2.10.jar%2372!/:?]
	... 6 more
[20Aug2025 20:20:46.472] [Forge Version Check/INFO] [net.minecraftforge.fml.VersionChecker/]: [clumps] Starting version check at https://updates.blamejared.com/get?n=clumps&gv=1.20.1
[20Aug2025 20:20:46.492] [Forge Version Check/INFO] [net.minecraftforge.fml.VersionChecker/]: [clumps] Found status: BETA Current: 12.0.0.4 Target: 12.0.0.4
[20Aug2025 20:20:46.492] [Forge Version Check/INFO] [net.minecraftforge.fml.VersionChecker/]: [journeymap] Starting version check at https://forge.curseupdate.com/32274/journeymap
[20Aug2025 20:20:46.572] [Forge Version Check/INFO] [net.minecraftforge.fml.VersionChecker/]: [journeymap] Found status: UP_TO_DATE Current: 5.10.3 Target: null
[20Aug2025 20:20:46.572] [Forge Version Check/INFO] [net.minecraftforge.fml.VersionChecker/]: [mr_lukis_grandcapitals] Starting version check at https://api.modrinth.com/updates/8Lw09aLb/forge_updates.json
[20Aug2025 20:20:46.715] [Forge Version Check/INFO] [net.minecraftforge.fml.VersionChecker/]: [mr_lukis_grandcapitals] Found status: OUTDATED Current: 1.1.1 Target: 1.1.2+mod
[20Aug2025 20:20:46.716] [Forge Version Check/INFO] [net.minecraftforge.fml.VersionChecker/]: [forge] Starting version check at https://files.minecraftforge.net/net/minecraftforge/forge/promotions_slim.json
[20Aug2025 20:20:46.859] [Forge Version Check/INFO] [net.minecraftforge.fml.VersionChecker/]: [forge] Found status: OUTDATED Current: 47.3.7 Target: 47.4.0
[20Aug2025 20:20:46.859] [Forge Version Check/INFO] [net.minecraftforge.fml.VersionChecker/]: [enchdesc] Starting version check at https://updates.blamejared.com/get?n=enchdesc&gv=1.20.1
[20Aug2025 20:20:46.880] [Forge Version Check/INFO] [net.minecraftforge.fml.VersionChecker/]: [enchdesc] Found status: BETA_OUTDATED Current: 17.1.18 Target: 17.1.19
[20Aug2025 20:20:46.880] [Forge Version Check/INFO] [net.minecraftforge.fml.VersionChecker/]: [iceberg] Starting version check at https://mc-update-check.anthonyhilyard.com/520110
[20Aug2025 20:20:46.973] [Forge Version Check/INFO] [net.minecraftforge.fml.VersionChecker/]: [iceberg] Found status: OUTDATED Current: 1.1.21 Target: 1.1.25
[20Aug2025 20:20:46.973] [Forge Version Check/INFO] [net.minecraftforge.fml.VersionChecker/]: [securitycraft] Starting version check at https://www.github.com/Geforce132/SecurityCraft/raw/master/Updates/Forge.json
[20Aug2025 20:20:47.014] [Forge Version Check/INFO] [net.minecraftforge.fml.VersionChecker/]: [securitycraft] Found status: UP_TO_DATE Current: 1.10.0.1 Target: null
[20Aug2025 20:20:47.014] [Forge Version Check/INFO] [net.minecraftforge.fml.VersionChecker/]: [puzzleslib] Starting version check at https://raw.githubusercontent.com/Fuzss/modresources/main/update/puzzleslib.json
[20Aug2025 20:20:47.021] [Forge Version Check/INFO] [net.minecraftforge.fml.VersionChecker/]: [puzzleslib] Found status: OUTDATED Current: 8.0.24 Target: 8.1.32
[20Aug2025 20:20:47.021] [Forge Version Check/INFO] [net.minecraftforge.fml.VersionChecker/]: [betterf3] Starting version check at https://api.modrinth.com/updates/betterf3/forge_updates.json
[20Aug2025 20:20:47.153] [Forge Version Check/INFO] [net.minecraftforge.fml.VersionChecker/]: [betterf3] Found status: UP_TO_DATE Current: 7.0.2 Target: null
[20Aug2025 20:20:47.153] [Forge Version Check/INFO] [net.minecraftforge.fml.VersionChecker/]: [overflowingbars] Starting version check at https://raw.githubusercontent.com/Fuzss/modresources/main/update/overflowingbars.json
[20Aug2025 20:20:47.160] [Forge Version Check/INFO] [net.minecraftforge.fml.VersionChecker/]: [overflowingbars] Found status: UP_TO_DATE Current: 8.0.1 Target: null
[20Aug2025 20:20:47.368] [main/INFO] [com.mojang.authlib.yggdrasil.YggdrasilAuthenticationService/]: Environment: authHost='https://authserver.mojang.com', accountsHost='https://api.mojang.com', sessionHost='https://sessionserver.mojang.com', servicesHost='https://api.minecraftservices.com', name='PROD'
[20Aug2025 20:20:48.945] [main/WARN] [net.minecraft.server.packs.VanillaPackResourcesBuilder/]: Assets URL 'union:/workspaces/Los-Parceritos/servidor_minecraft/libraries/net/minecraft/server/1.20.1-20230612.114412/server-1.20.1-20230612.114412-srg.jar%23299!/assets/.mcassetsroot' uses unexpected schema
[20Aug2025 20:20:48.948] [main/WARN] [net.minecraft.server.packs.VanillaPackResourcesBuilder/]: Assets URL 'union:/workspaces/Los-Parceritos/servidor_minecraft/libraries/net/minecraft/server/1.20.1-20230612.114412/server-1.20.1-20230612.114412-srg.jar%23299!/data/.mcassetsroot' uses unexpected schema
[20Aug2025 20:20:50.688] [main/INFO] [com.github.alexthe666.alexsmobs.AlexsMobs/]: Adding datapack listener capsid_recipes
[20Aug2025 20:20:50.711] [Worker-Main-1/WARN] [HammerLib/]: Unable to find registry for tag directory tags/custom_stat
[20Aug2025 20:20:50.711] [Worker-Main-2/WARN] [HammerLib/]: Unable to find registry for tag directory tags/loot_nbt_provider_type
[20Aug2025 20:20:50.712] [Worker-Main-3/WARN] [HammerLib/]: Unable to find registry for tag directory tags/chat_type
[20Aug2025 20:20:50.717] [Worker-Main-2/WARN] [HammerLib/]: Unable to find registry for tag directory tags/loot_pool_entry_type
[20Aug2025 20:20:50.719] [Worker-Main-1/WARN] [HammerLib/]: Unable to find registry for tag directory tags/float_provider_type
[20Aug2025 20:20:50.727] [Worker-Main-1/WARN] [HammerLib/]: Unable to find registry for tag directory tags/dimension_type
[20Aug2025 20:20:50.727] [Worker-Main-2/WARN] [HammerLib/]: Unable to find registry for tag directory tags/worldgen/structure_set
[20Aug2025 20:20:50.731] [Worker-Main-2/WARN] [HammerLib/]: Unable to find registry for tag directory tags/worldgen/chunk_generator
[20Aug2025 20:20:50.734] [Worker-Main-2/WARN] [HammerLib/]: Unable to find registry for tag directory tags/lithostitched/worldgen_modifier
[20Aug2025 20:20:50.736] [Worker-Main-1/WARN] [HammerLib/]: Unable to find registry for tag directory tags/banner_pattern
[20Aug2025 20:20:50.739] [Worker-Main-2/WARN] [HammerLib/]: Unable to find registry for tag directory tags/loot_score_provider_type
[20Aug2025 20:20:50.741] [Worker-Main-2/WARN] [HammerLib/]: Unable to find registry for tag directory tags/worldgen/configured_feature
[20Aug2025 20:20:50.744] [Worker-Main-1/WARN] [HammerLib/]: Unable to find registry for tag directory tags/game_events
[20Aug2025 20:20:50.765] [Worker-Main-1/WARN] [HammerLib/]: Unable to find registry for tag directory tags/worldgen/structure
[20Aug2025 20:20:50.772] [Worker-Main-1/WARN] [HammerLib/]: Unable to find registry for tag directory tags/pos_rule_test
[20Aug2025 20:20:50.775] [Worker-Main-1/WARN] [HammerLib/]: Unable to find registry for tag directory tags/worldgen/flat_level_generator_preset
[20Aug2025 20:20:50.777] [Worker-Main-1/WARN] [HammerLib/]: Unable to find registry for tag directory tags/rule_block_entity_modifier
[20Aug2025 20:20:50.779] [Worker-Main-1/WARN] [HammerLib/]: Unable to find registry for tag directory tags/position_source_type
[20Aug2025 20:20:50.787] [Worker-Main-1/WARN] [HammerLib/]: Unable to find registry for tag directory tags/worldgen/world_preset
[20Aug2025 20:20:50.790] [Worker-Main-1/WARN] [HammerLib/]: Unable to find registry for tag directory tags/worldgen/feature_size_type
[20Aug2025 20:20:50.792] [Worker-Main-1/WARN] [HammerLib/]: Unable to find registry for tag directory tags/villager_type
[20Aug2025 20:20:50.794] [Worker-Main-1/WARN] [HammerLib/]: Unable to find registry for tag directory tags/worldgen/template_pool
[20Aug2025 20:20:50.796] [Worker-Main-1/WARN] [HammerLib/]: Unable to find registry for tag directory tags/forge/biome_modifier
[20Aug2025 20:20:50.801] [Worker-Main-1/WARN] [HammerLib/]: Unable to find registry for tag directory tags/forge/structure_modifier
[20Aug2025 20:20:50.803] [Worker-Main-1/WARN] [HammerLib/]: Unable to find registry for tag directory tags/worldgen/root_placer_type
[20Aug2025 20:20:50.805] [Worker-Main-1/WARN] [HammerLib/]: Unable to find registry for tag directory tags/worldgen/noise
[20Aug2025 20:20:50.809] [Worker-Main-1/WARN] [HammerLib/]: Unable to find registry for tag directory tags/worldgen/placement_modifier_type
[20Aug2025 20:20:50.816] [Worker-Main-1/WARN] [HammerLib/]: Unable to find registry for tag directory tags/instrument
[20Aug2025 20:20:50.817] [Worker-Main-1/WARN] [HammerLib/]: Unable to find registry for tag directory tags/creative_mode_tab
[20Aug2025 20:20:50.819] [Worker-Main-1/WARN] [HammerLib/]: Unable to find registry for tag directory tags/cat_variant
[20Aug2025 20:20:50.822] [Worker-Main-1/WARN] [HammerLib/]: Unable to find registry for tag directory tags/worldgen/structure_placement
[20Aug2025 20:20:50.824] [Worker-Main-1/WARN] [HammerLib/]: Unable to find registry for tag directory tags/worldgen/biome_source
[20Aug2025 20:20:50.830] [Worker-Main-1/WARN] [HammerLib/]: Unable to find registry for tag directory tags/lionfishapi/modded_biome_slices
[20Aug2025 20:20:50.835] [Worker-Main-1/WARN] [HammerLib/]: Unable to find registry for tag directory tags/worldgen/material_rule
[20Aug2025 20:20:50.850] [Worker-Main-2/WARN] [artifacts.Artifacts/]: Tag entries for curios:tags/items/magic_book.json cleared by tombstone-1.20.1-9.0.2.jar
[20Aug2025 20:20:50.866] [Worker-Main-1/WARN] [HammerLib/]: Unable to find registry for tag directory tags/damage_type
[20Aug2025 20:20:50.870] [Worker-Main-1/WARN] [HammerLib/]: Unable to find registry for tag directory tags/worldgen/multi_noise_biome_source_parameter_list
[20Aug2025 20:20:50.872] [Worker-Main-1/WARN] [HammerLib/]: Unable to find registry for tag directory tags/dimension
[20Aug2025 20:20:50.874] [Worker-Main-1/WARN] [HammerLib/]: Unable to find registry for tag directory tags/trim_material
[20Aug2025 20:20:50.879] [Worker-Main-1/WARN] [HammerLib/]: Unable to find registry for tag directory tags/worldgen/structure_pool_element
[20Aug2025 20:20:50.882] [Worker-Main-1/WARN] [HammerLib/]: Unable to find registry for tag directory tags/loot_function_type
[20Aug2025 20:20:50.884] [Worker-Main-1/WARN] [HammerLib/]: Unable to find registry for tag directory tags/worldgen/structure_processor
[20Aug2025 20:20:50.887] [Worker-Main-1/WARN] [HammerLib/]: Unable to find registry for tag directory tags/worldgen/configured_carver
[20Aug2025 20:20:50.890] [Worker-Main-1/WARN] [HammerLib/]: Unable to find registry for tag directory tags/worldgen/density_function_type
[20Aug2025 20:20:50.918] [Worker-Main-3/WARN] [HammerLib/]: Unable to find registry for tag directory tags/worldgen/structure_piece
[20Aug2025 20:20:50.919] [Worker-Main-3/WARN] [HammerLib/]: Unable to find registry for tag directory tags/trim_pattern
[20Aug2025 20:20:50.924] [Worker-Main-3/WARN] [HammerLib/]: Unable to find registry for tag directory tags/height_provider_type
[20Aug2025 20:20:50.927] [Worker-Main-3/WARN] [HammerLib/]: Unable to find registry for tag directory tags/decorated_pot_patterns
[20Aug2025 20:20:50.929] [Worker-Main-3/WARN] [HammerLib/]: Unable to find registry for tag directory tags/worldgen/structure_type
[20Aug2025 20:20:50.931] [Worker-Main-3/WARN] [HammerLib/]: Unable to find registry for tag directory tags/int_provider_type
[20Aug2025 20:20:50.933] [Worker-Main-3/WARN] [HammerLib/]: Unable to find registry for tag directory tags/worldgen/material_condition
[20Aug2025 20:20:50.935] [Worker-Main-3/WARN] [HammerLib/]: Unable to find registry for tag directory tags/frog_variant
[20Aug2025 20:20:50.936] [Worker-Main-3/WARN] [HammerLib/]: Unable to find registry for tag directory tags/worldgen/trunk_placer_type
[20Aug2025 20:20:50.937] [Worker-Main-2/ERROR] [net.minecraft.tags.TagLoader/]: Couldn't load tag ctov:wares/cardboard_box as it is missing following references: wares:cardboard_box (from [forge]ctov-3.4.14.jar)
[20Aug2025 20:20:50.940] [Worker-Main-3/WARN] [HammerLib/]: Unable to find registry for tag directory tags/worldgen/noise_settings
[20Aug2025 20:20:50.943] [Worker-Main-3/WARN] [HammerLib/]: Unable to find registry for tag directory tags/loot_condition_type
[20Aug2025 20:20:50.947] [Worker-Main-3/WARN] [HammerLib/]: Unable to find registry for tag directory tags/worldgen/processor_list
[20Aug2025 20:20:50.950] [Worker-Main-3/WARN] [HammerLib/]: Unable to find registry for tag directory tags/worldgen/density_function
[20Aug2025 20:20:50.951] [Worker-Main-2/ERROR] [net.minecraft.tags.TagLoader/]: Couldn't load tag ctov:wares/sealed_delivery_agreement as it is missing following references: wares:sealed_delivery_agreement (from [forge]ctov-3.4.14.jar)
[20Aug2025 20:20:50.955] [Worker-Main-3/WARN] [HammerLib/]: Unable to find registry for tag directory tags/worldgen/placed_feature
[20Aug2025 20:20:50.955] [Worker-Main-2/WARN] [HammerLib/]: Unable to find registry for tag directory tags/loot_number_provider_type
[20Aug2025 20:20:50.960] [Worker-Main-2/WARN] [HammerLib/]: Unable to find registry for tag directory tags/block_predicate_type
[20Aug2025 20:20:50.966] [Worker-Main-3/WARN] [HammerLib/]: Unable to find registry for tag directory tags/rule_test
[20Aug2025 20:20:51.476] [Worker-Main-2/INFO] [ImprovableSkills/]: Injecting parchment into LootTable 'ctov:chests/village/village_bakery'!
[20Aug2025 20:20:51.481] [Worker-Main-2/INFO] [ImprovableSkills/]: Injecting parchment into LootTable 'nova_structures:chests/pillager_outpost_treasure'!
[20Aug2025 20:20:51.482] [Worker-Main-2/INFO] [ImprovableSkills/]: Injecting scroll for skill 'improvableskills:silent_foot' into LootTable 'minecraft:entities/warden'!
[20Aug2025 20:20:51.486] [Worker-Main-2/INFO] [ImprovableSkills/]: Injecting parchment into LootTable 'artifacts:inject/chests/ancient_city_ice_box'!
[20Aug2025 20:20:51.491] [Worker-Main-2/INFO] [ImprovableSkills/]: Injecting parchment into LootTable 'dungeons_arise:chests/shiraz_palace/shiraz_palace_elite'!
[20Aug2025 20:20:51.508] [Worker-Main-2/INFO] [ImprovableSkills/]: Injecting parchment into LootTable 'nova_structures:chests/witch_villa/potion_brewing'!
[20Aug2025 20:20:51.509] [Worker-Main-2/INFO] [ImprovableSkills/]: Injecting parchment into LootTable 'ctov:chests/village/village_smith'!
[20Aug2025 20:20:51.510] [Worker-Main-2/INFO] [ImprovableSkills/]: Injecting parchment into LootTable 'dungeons_arise:chests/heavenly_challenger/heavenly_challenger_theater'!
[20Aug2025 20:20:51.511] [Worker-Main-2/INFO] [ImprovableSkills/]: Injecting parchment into LootTable 'dungeons_arise:chests/shiraz_palace/shiraz_palace_gardens'!
[20Aug2025 20:20:51.515] [Worker-Main-2/INFO] [ImprovableSkills/]: Injecting parchment into LootTable 'nova_structures:chests/witch_villa/general_storage'!
[20Aug2025 20:20:51.519] [Worker-Main-2/INFO] [ImprovableSkills/]: Injecting parchment into LootTable 'minecraft:chests/illager_mansion/generic'!
[20Aug2025 20:20:51.521] [Worker-Main-2/INFO] [ImprovableSkills/]: Injecting parchment into LootTable 'minecraft:chests/illager_mansion/map_chest'!
[20Aug2025 20:20:51.522] [Worker-Main-2/INFO] [ImprovableSkills/]: Injecting parchment into LootTable 'dungeons_arise:chests/abandoned_temple/abandoned_temple_top'!
[20Aug2025 20:20:51.523] [Worker-Main-2/INFO] [ImprovableSkills/]: Injecting parchment into LootTable 'dungeons_arise:chests/illager_galley/illager_galley_supply'!
[20Aug2025 20:20:51.524] [Worker-Main-2/INFO] [ImprovableSkills/]: Injecting parchment into LootTable 'dungeons_arise:chests/plague_asylum/plague_asylum_normal'!
[20Aug2025 20:20:51.530] [Worker-Main-2/INFO] [ImprovableSkills/]: Injecting parchment into LootTable 'dungeons_arise:chests/illager_galley/illager_galley_treasure'!
[20Aug2025 20:20:51.534] [Worker-Main-2/INFO] [ImprovableSkills/]: Injecting parchment into LootTable 'artifacts:inject/chests/ancient_city'!
[20Aug2025 20:20:51.537] [Worker-Main-2/INFO] [ImprovableSkills/]: Injecting parchment into LootTable 'dungeons_arise:chests/mechanical_nest/mechanical_nest_treasure'!
[20Aug2025 20:20:51.551] [Worker-Main-2/INFO] [ImprovableSkills/]: Injecting parchment into LootTable 'dungeons_arise:chests/small_prairie_house/small_prairie_house_ruined'!
[20Aug2025 20:20:51.554] [Worker-Main-2/INFO] [ImprovableSkills/]: Injecting parchment into LootTable 'nova_structures:chests/illager_hideout_brewing'!
[20Aug2025 20:20:51.558] [Worker-Main-2/INFO] [ImprovableSkills/]: Injecting parchment into LootTable 'dungeons_arise:chests/lighthouse/lighthouse_top'!
[20Aug2025 20:20:51.561] [Worker-Main-2/INFO] [ImprovableSkills/]: Injecting parchment into LootTable 'dungeons_arise:chests/illager_galley/illager_galley_barrels'!
[20Aug2025 20:20:51.564] [Worker-Main-2/INFO] [ImprovableSkills/]: Injecting parchment into LootTable 'betterfortresses:chests/keep'!
[20Aug2025 20:20:51.569] [Worker-Main-2/INFO] [ImprovableSkills/]: Injecting parchment into LootTable 'nova_structures:chests/creeping_crypt/crypt_grave'!
[20Aug2025 20:20:51.571] [Worker-Main-2/INFO] [ImprovableSkills/]: Injecting parchment into LootTable 'dungeons_arise:chests/thornborn_towers/thornborn_towers_barrels'!
[20Aug2025 20:20:51.574] [Worker-Main-2/INFO] [ImprovableSkills/]: Injecting parchment into LootTable 'dungeons_arise:chests/plague_asylum/plague_asylum_potions'!
[20Aug2025 20:20:51.576] [Worker-Main-2/INFO] [ImprovableSkills/]: Injecting parchment into LootTable 'betterfortresses:chests/storage'!
[20Aug2025 20:20:51.577] [Worker-Main-2/INFO] [ImprovableSkills/]: Injecting parchment into LootTable 'nova_structures:chests/piglin_outstation/outstation_treasure'!
[20Aug2025 20:20:51.584] [Worker-Main-2/INFO] [ImprovableSkills/]: Injecting parchment into LootTable 'dungeons_arise:chests/mechanical_nest/mechanical_nest_supply'!
[20Aug2025 20:20:51.586] [Worker-Main-2/INFO] [ImprovableSkills/]: Injecting parchment into LootTable 'wares:chests/village/swamp_warehouse'!
[20Aug2025 20:20:51.588] [Worker-Main-2/INFO] [ImprovableSkills/]: Injecting parchment into LootTable 'minecraft:chests/underwater_ruin_small'!
[20Aug2025 20:20:51.588] [Worker-Main-2/INFO] [ImprovableSkills/]: Injecting parchment into LootTable 'nova_structures:chests/tavern_quest/witch_villa'!
[20Aug2025 20:20:51.593] [Worker-Main-2/INFO] [ImprovableSkills/]: Injecting parchment into LootTable 'dungeons_arise:chests/keep_kayra/keep_kayra_garden_normal'!
[20Aug2025 20:20:51.593] [Worker-Main-2/INFO] [ImprovableSkills/]: Injecting parchment into LootTable 'ctov:chests/village/village_library'!
[20Aug2025 20:20:51.595] [Worker-Main-2/INFO] [ImprovableSkills/]: Injecting scroll for skill 'improvableskills:xp_plus' into LootTable 'minecraft:entities/elder_guardian'!
[20Aug2025 20:20:51.596] [Worker-Main-2/INFO] [ImprovableSkills/]: Injecting scroll for skill 'improvableskills:mob_repellent' into LootTable 'minecraft:chests/village/village_armorer'!
[20Aug2025 20:20:51.597] [Worker-Main-2/INFO] [ImprovableSkills/]: Injecting parchment into LootTable 'nova_structures:chests/illager_hideout_fishing'!
[20Aug2025 20:20:51.597] [Worker-Main-2/INFO] [ImprovableSkills/]: Injecting parchment into LootTable 'dungeons_arise:chests/foundry/foundry_lava_pit'!
[20Aug2025 20:20:51.598] [Worker-Main-2/INFO] [ImprovableSkills/]: Injecting parchment into LootTable 'dungeons_arise:chests/illager_campsite/illager_campsite_supply'!
[20Aug2025 20:20:51.601] [Worker-Main-2/INFO] [ImprovableSkills/]: Injecting parchment into LootTable 'dungeons_arise:chests/shiraz_palace/shiraz_palace_towers'!
[20Aug2025 20:20:51.603] [Worker-Main-2/INFO] [ImprovableSkills/]: Injecting parchment into LootTable 'minecraft:chests/igloo_chest'!
[20Aug2025 20:20:51.604] [Worker-Main-2/INFO] [ImprovableSkills/]: Injecting scroll for skill 'improvableskills:silent_foot' into LootTable 'minecraft:chests/ancient_city'!
[20Aug2025 20:20:51.604] [Worker-Main-2/INFO] [ImprovableSkills/]: Injecting parchment into LootTable 'minecraft:chests/ancient_city'!
[20Aug2025 20:20:51.605] [Worker-Main-2/INFO] [ImprovableSkills/]: Injecting parchment into LootTable 'dungeons_arise:chests/shiraz_palace/shiraz_palace_rooms'!
[20Aug2025 20:20:51.606] [Worker-Main-2/INFO] [ImprovableSkills/]: Injecting parchment into LootTable 'dungeons_arise:chests/merchant_campsite/merchant_campsite_tent'!
[20Aug2025 20:20:51.608] [Worker-Main-2/INFO] [ImprovableSkills/]: Injecting parchment into LootTable 'dungeons_arise:chests/heavenly_challenger/heavenly_challenger_supply'!
[20Aug2025 20:20:51.609] [Worker-Main-2/INFO] [ImprovableSkills/]: Injecting parchment into LootTable 'dungeons_arise:chests/mines_treasure_small'!
[20Aug2025 20:20:51.610] [Worker-Main-2/INFO] [ImprovableSkills/]: Injecting parchment into LootTable 'nova_structures:chests/water_supply'!
[20Aug2025 20:20:51.610] [Worker-Main-2/INFO] [ImprovableSkills/]: Injecting parchment into LootTable 'ctov:chests/village/village_swamp_house'!
[20Aug2025 20:20:51.612] [Worker-Main-2/INFO] [ImprovableSkills/]: Injecting parchment into LootTable 'dungeons_arise:chests/heavenly_rider/heavenly_rider_barrels'!
[20Aug2025 20:20:51.613] [Worker-Main-2/INFO] [ImprovableSkills/]: Injecting parchment into LootTable 'nova_structures:chests/creeping_crypt/crypt_hallway'!
[20Aug2025 20:20:51.614] [Worker-Main-2/INFO] [ImprovableSkills/]: Injecting parchment into LootTable 'dungeons_arise:chests/heavenly_conqueror/heavenly_conqueror_normal'!
[20Aug2025 20:20:51.615] [Worker-Main-2/INFO] [ImprovableSkills/]: Injecting parchment into LootTable 'dungeons_arise:chests/mines_treasure_big'!
[20Aug2025 20:20:51.617] [Worker-Main-2/INFO] [ImprovableSkills/]: Injecting parchment into LootTable 'dungeons_arise:chests/mushroom_mines/mushroom_mines_treasure'!
[20Aug2025 20:20:51.618] [Worker-Main-2/INFO] [ImprovableSkills/]: Injecting parchment into LootTable 'minecraft:chests/illager_mansion/ravager_chest'!
[20Aug2025 20:20:51.620] [Worker-Main-2/INFO] [ImprovableSkills/]: Injecting parchment into LootTable 'dungeons_arise:chests/infested_temple/infested_temple_room_table'!
[20Aug2025 20:20:51.623] [Worker-Main-2/INFO] [ImprovableSkills/]: Injecting parchment into LootTable 'minecraft:chests/illager_mansion/pillager_chest'!
[20Aug2025 20:20:51.624] [Worker-Main-2/INFO] [ImprovableSkills/]: Injecting parchment into LootTable 'nova_structures:chests/pillager_outpost_kitchen'!
[20Aug2025 20:20:51.627] [Worker-Main-2/INFO] [ImprovableSkills/]: Injecting parchment into LootTable 'betterstrongholds:chests/library_md'!
[20Aug2025 20:20:51.629] [Worker-Main-2/INFO] [ImprovableSkills/]: Injecting parchment into LootTable 'ctov:chests/village/village_badlands_house'!
[20Aug2025 20:20:51.630] [Worker-Main-2/INFO] [ImprovableSkills/]: Injecting scroll for skill 'improvableskills:growth' into LootTable 'minecraft:chests/jungle_temple'!
[20Aug2025 20:20:51.630] [Worker-Main-2/INFO] [ImprovableSkills/]: Injecting parchment into LootTable 'minecraft:chests/jungle_temple'!
[20Aug2025 20:20:51.631] [Worker-Main-2/INFO] [ImprovableSkills/]: Injecting parchment into LootTable 'dungeons_arise:chests/mechanical_nest/mechanical_nest_normal'!
[20Aug2025 20:20:51.632] [Worker-Main-2/INFO] [ImprovableSkills/]: Injecting parchment into LootTable 'minecraft:chests/illager_mansion/witch_chest'!
[20Aug2025 20:20:51.633] [Worker-Main-2/INFO] [ImprovableSkills/]: Injecting parchment into LootTable 'wares:chests/village/dark_forest_warehouse'!
[20Aug2025 20:20:51.634] [Worker-Main-2/INFO] [ImprovableSkills/]: Injecting parchment into LootTable 'nova_structures:chests/firewatch_tower'!
[20Aug2025 20:20:51.635] [Worker-Main-2/INFO] [ImprovableSkills/]: Injecting parchment into LootTable 'betterstrongholds:chests/grand_library'!
[20Aug2025 20:20:51.637] [Worker-Main-2/INFO] [ImprovableSkills/]: Injecting parchment into LootTable 'dungeons_arise:chests/shiraz_palace/shiraz_palace_treasure'!
[20Aug2025 20:20:51.638] [Worker-Main-2/INFO] [ImprovableSkills/]: Injecting parchment into LootTable 'dungeons_arise:chests/mushroom_house/mushroom_house_barrels'!
[20Aug2025 20:20:51.639] [Worker-Main-2/INFO] [ImprovableSkills/]: Injecting parchment into LootTable 'nova_structures:chests/badland_miner_outpost_forge'!
[20Aug2025 20:20:51.639] [Worker-Main-2/INFO] [ImprovableSkills/]: Injecting parchment into LootTable 'dungeons_arise:chests/foundry/foundry_treasure'!
[20Aug2025 20:20:51.639] [Worker-Main-2/INFO] [ImprovableSkills/]: Injecting parchment into LootTable 'dungeons_arise:chests/jungle_tree_house/jungle_tree_house_treasure'!
[20Aug2025 20:20:51.643] [Worker-Main-2/INFO] [ImprovableSkills/]: Injecting scroll for skill 'improvableskills:health' into LootTable 'minecraft:chests/end_city_treasure'!
[20Aug2025 20:20:51.644] [Worker-Main-2/INFO] [ImprovableSkills/]: Injecting parchment into LootTable 'minecraft:chests/end_city_treasure'!
[20Aug2025 20:20:51.646] [Worker-Main-2/INFO] [ImprovableSkills/]: Injecting parchment into LootTable 'artifacts:chests/campsite_barrel/crops'!
[20Aug2025 20:20:51.650] [Worker-Main-2/INFO] [ImprovableSkills/]: Injecting parchment into LootTable 'dungeons_arise:chests/infested_temple/infested_temple_top_treasure'!
[20Aug2025 20:20:51.651] [Worker-Main-2/INFO] [ImprovableSkills/]: Injecting parchment into LootTable 'nova_structures:chests/desert_ruins/desert_ruin_main_temple'!
[20Aug2025 20:20:51.651] [Worker-Main-2/INFO] [ImprovableSkills/]: Injecting parchment into LootTable 'artifacts:inject/chests/village/village_savanna_house'!
[20Aug2025 20:20:51.654] [Worker-Main-2/INFO] [ImprovableSkills/]: Injecting parchment into LootTable 'artifacts:chests/campsite_barrel/rails'!
[20Aug2025 20:20:51.655] [Worker-Main-2/INFO] [ImprovableSkills/]: Injecting parchment into LootTable 'nova_structures:chests/tavern_quest/desert_ruin'!
[20Aug2025 20:20:51.656] [Worker-Main-2/INFO] [ImprovableSkills/]: Injecting parchment into LootTable 'artifacts:inject/chests/igloo_chest'!
[20Aug2025 20:20:51.657] [Worker-Main-2/INFO] [ImprovableSkills/]: Injecting parchment into LootTable 'dungeons_arise:chests/thornborn_towers/thornborn_towers_top_treasure'!
[20Aug2025 20:20:51.657] [Worker-Main-2/INFO] [ImprovableSkills/]: Injecting parchment into LootTable 'nova_structures:chests/witch_villa/dirty_clothes'!
[20Aug2025 20:20:51.664] [Worker-Main-2/INFO] [ImprovableSkills/]: Injecting parchment into LootTable 'dungeons_arise:chests/bandit_towers/bandit_towers_treasure'!
[20Aug2025 20:20:51.667] [Worker-Main-2/INFO] [ImprovableSkills/]: Injecting parchment into LootTable 'artifacts:inject/chests/shipwreck_treasure'!
[20Aug2025 20:20:51.671] [Worker-Main-2/INFO] [ImprovableSkills/]: Injecting parchment into LootTable 'dungeons_arise:chests/jungle_tree_house/jungle_tree_house_normal'!
[20Aug2025 20:20:51.672] [Worker-Main-2/INFO] [ImprovableSkills/]: Injecting parchment into LootTable 'dungeons_arise:chests/bandit_village/bandit_village_normal'!
[20Aug2025 20:20:51.674] [Worker-Main-2/INFO] [ImprovableSkills/]: Injecting parchment into LootTable 'minecraft:chests/ruined_portal'!
[20Aug2025 20:20:51.674] [Worker-Main-2/INFO] [ImprovableSkills/]: Injecting parchment into LootTable 'nova_structures:chests/badland_miner_outpost'!
[20Aug2025 20:20:51.675] [Worker-Main-2/INFO] [ImprovableSkills/]: Injecting parchment into LootTable 'nova_structures:chests/jungle_ruins/jungle_ruins_main_temple'!
[20Aug2025 20:20:51.677] [Worker-Main-2/INFO] [ImprovableSkills/]: Injecting parchment into LootTable 'dungeons_arise:chests/thornborn_towers/thornborn_towers_top_rooms'!
[20Aug2025 20:20:51.683] [Worker-Main-2/INFO] [ImprovableSkills/]: Injecting parchment into LootTable 'dungeons_arise:chests/greenwood_pub/greenwood_pub_barrels_hallways'!
[20Aug2025 20:20:51.684] [Worker-Main-2/INFO] [ImprovableSkills/]: Injecting parchment into LootTable 'dungeons_arise:chests/infested_temple/infested_temple_room_garden'!
[20Aug2025 20:20:51.685] [Worker-Main-2/INFO] [ImprovableSkills/]: Injecting parchment into LootTable 'dungeons_arise:chests/illager_corsair/illager_corsair_supply'!
[20Aug2025 20:20:51.686] [Worker-Main-2/INFO] [ImprovableSkills/]: Injecting parchment into LootTable 'artifacts:inject/chests/village/village_temple'!
[20Aug2025 20:20:51.687] [Worker-Main-2/INFO] [ImprovableSkills/]: Injecting parchment into LootTable 'nova_structures:chests/witch_villa/slime_room'!
[20Aug2025 20:20:51.690] [Worker-Main-2/INFO] [ImprovableSkills/]: Injecting parchment into LootTable 'dungeons_arise:chests/mines_treasure_medium'!
[20Aug2025 20:20:51.691] [Worker-Main-2/INFO] [ImprovableSkills/]: Injecting parchment into LootTable 'nova_structures:chests/tavern_quest/jungle_ruin'!
[20Aug2025 20:20:51.692] [Worker-Main-2/INFO] [ImprovableSkills/]: Injecting parchment into LootTable 'dungeons_arise:chests/bandit_village/bandit_village_tents'!
[20Aug2025 20:20:51.695] [Worker-Main-2/INFO] [ImprovableSkills/]: Injecting parchment into LootTable 'dungeons_arise:chests/infested_temple/infested_temple_room_supply'!
[20Aug2025 20:20:51.695] [Worker-Main-2/INFO] [ImprovableSkills/]: Injecting parchment into LootTable 'dungeons_arise:chests/aviary/aviary_treasure'!
[20Aug2025 20:20:51.696] [Worker-Main-2/INFO] [ImprovableSkills/]: Injecting parchment into LootTable 'sophisticatedbackpacks:inject/chests/shipwreck_treasure'!
[20Aug2025 20:20:51.697] [Worker-Main-2/INFO] [ImprovableSkills/]: Injecting parchment into LootTable 'betterstrongholds:chests/treasure'!
[20Aug2025 20:20:51.697] [Worker-Main-2/INFO] [ImprovableSkills/]: Injecting parchment into LootTable 'nova_structures:chests/witch_villa/bedroom'!
[20Aug2025 20:20:51.701] [Worker-Main-2/INFO] [ImprovableSkills/]: Injecting scroll for skill 'improvableskills:dexterous_arms' into LootTable 'minecraft:chests/abandoned_mineshaft'!
[20Aug2025 20:20:51.701] [Worker-Main-2/INFO] [ImprovableSkills/]: Injecting parchment into LootTable 'minecraft:chests/abandoned_mineshaft'!
[20Aug2025 20:20:51.704] [Worker-Main-2/INFO] [ImprovableSkills/]: Injecting parchment into LootTable 'dungeons_arise:chests/mechanical_nest/mechanical_nest_equipment'!
[20Aug2025 20:20:51.705] [Worker-Main-2/INFO] [ImprovableSkills/]: Injecting parchment into LootTable 'dungeons_arise:chests/aviary/aviary_normal'!
[20Aug2025 20:20:51.705] [Worker-Main-2/INFO] [ImprovableSkills/]: Injecting parchment into LootTable 'nova_structures:chests/tavern_quest'!
[20Aug2025 20:20:51.711] [Worker-Main-2/INFO] [ImprovableSkills/]: Injecting parchment into LootTable 'minecraft:chests/stronghold_corridor'!
[20Aug2025 20:20:51.712] [Worker-Main-2/INFO] [ImprovableSkills/]: Injecting parchment into LootTable 'dungeons_arise:chests/bandit_towers/bandit_towers_supply'!
[20Aug2025 20:20:51.712] [Worker-Main-2/INFO] [ImprovableSkills/]: Injecting parchment into LootTable 'minecraft:chests/village/village_swamp_house'!
[20Aug2025 20:20:51.714] [Worker-Main-2/INFO] [ImprovableSkills/]: Injecting parchment into LootTable 'betterfortresses:chests/obsidian'!
[20Aug2025 20:20:51.714] [Worker-Main-2/INFO] [ImprovableSkills/]: Injecting parchment into LootTable 'artifacts:chests/campsite_barrel/cobblestone'!
[20Aug2025 20:20:51.714] [Worker-Main-2/INFO] [ImprovableSkills/]: Injecting parchment into LootTable 'dungeons_arise:chests/merchant_campsite/merchant_campsite_supply'!
[20Aug2025 20:20:51.718] [Worker-Main-2/INFO] [ImprovableSkills/]: Injecting parchment into LootTable 'nova_structures:chests/illager_hideout_meat'!
[20Aug2025 20:20:51.741] [Worker-Main-2/INFO] [ImprovableSkills/]: Injecting scroll for skill 'improvableskills:luck_of_the_sea' into LootTable 'minecraft:gameplay/fishing'!
[20Aug2025 20:20:51.742] [Worker-Main-2/INFO] [ImprovableSkills/]: Injecting parchment into LootTable 'nova_structures:chests/desert_ruins/desert_ruin_house'!
[20Aug2025 20:20:51.742] [Worker-Main-2/INFO] [ImprovableSkills/]: Injecting parchment into LootTable 'betterfortresses:chests/beacon'!
[20Aug2025 20:20:51.746] [Worker-Main-2/INFO] [ImprovableSkills/]: Injecting parchment into LootTable 'nova_structures:chests/conduit_ruin/conduit_ruin_main'!
[20Aug2025 20:20:51.748] [Worker-Main-2/INFO] [ImprovableSkills/]: Injecting parchment into LootTable 'nova_structures:chests/witch_villa/pumpkin_room'!
[20Aug2025 20:20:51.748] [Worker-Main-2/INFO] [ImprovableSkills/]: Injecting parchment into LootTable 'dungeons_arise:chests/monastery/monastery_bridges'!
[20Aug2025 20:20:51.749] [Worker-Main-2/INFO] [ImprovableSkills/]: Injecting parchment into LootTable 'dungeons_arise:chests/bandit_towers/bandit_towers_rooms'!
[20Aug2025 20:20:51.749] [Worker-Main-2/INFO] [ImprovableSkills/]: Injecting parchment into LootTable 'artifacts:chests/campsite_barrel/gems'!
[20Aug2025 20:20:51.750] [Worker-Main-2/INFO] [ImprovableSkills/]: Injecting parchment into LootTable 'dungeons_arise:chests/shiraz_palace/shiraz_palace_normal'!
[20Aug2025 20:20:51.751] [Worker-Main-2/INFO] [ImprovableSkills/]: Injecting parchment into LootTable 'nova_structures:chests/piglin_outstation/outstation_generic'!
[20Aug2025 20:20:51.751] [Worker-Main-2/INFO] [ImprovableSkills/]: Injecting parchment into LootTable 'dungeons_arise:chests/heavenly_conqueror/heavenly_conqueror_barrels'!
[20Aug2025 20:20:51.753] [Worker-Main-2/INFO] [ImprovableSkills/]: Injecting parchment into LootTable 'nova_structures:chests/nether_skeleton_tower/skeleton_tower_camp'!
[20Aug2025 20:20:51.754] [Worker-Main-2/INFO] [ImprovableSkills/]: Injecting parchment into LootTable 'ctov:chests/village/village_dark_forest_house'!
[20Aug2025 20:20:51.755] [Worker-Main-2/INFO] [ImprovableSkills/]: Injecting parchment into LootTable 'minecraft:chests/buried_treasure'!
[20Aug2025 20:20:51.758] [Worker-Main-2/INFO] [ImprovableSkills/]: Injecting parchment into LootTable 'dungeons_arise:chests/bandit_towers/bandit_towers_gardens'!
[20Aug2025 20:20:51.760] [Worker-Main-2/INFO] [ImprovableSkills/]: Injecting parchment into LootTable 'nova_structures:chests/witch_villa/gardening'!
[20Aug2025 20:20:51.761] [Worker-Main-2/INFO] [ImprovableSkills/]: Injecting parchment into LootTable 'dungeons_arise:chests/plague_asylum/plague_asylum_barrels'!
[20Aug2025 20:20:51.765] [Worker-Main-2/INFO] [ImprovableSkills/]: Injecting parchment into LootTable 'dungeons_arise:chests/mushroom_mines/mushroom_mines_tools'!
[20Aug2025 20:20:51.767] [Worker-Main-2/INFO] [ImprovableSkills/]: Injecting parchment into LootTable 'sophisticatedbackpacks:inject/chests/end_city_treasure'!
[20Aug2025 20:20:51.770] [Worker-Main-2/INFO] [ImprovableSkills/]: Injecting parchment into LootTable 'wares:chests/village/mountain_warehouse'!
[20Aug2025 20:20:51.771] [Worker-Main-2/INFO] [ImprovableSkills/]: Injecting parchment into LootTable 'minecraft:chests/nether_fortress/fort_inside_generic'!
[20Aug2025 20:20:51.772] [Worker-Main-2/INFO] [ImprovableSkills/]: Injecting parchment into LootTable 'sophisticatedbackpacks:inject/chests/nether_bridge'!
[20Aug2025 20:20:51.775] [Worker-Main-2/INFO] [ImprovableSkills/]: Injecting parchment into LootTable 'dungeons_arise:chests/illager_fort/illager_fort_treasure'!
[20Aug2025 20:20:51.777] [Worker-Main-2/INFO] [ImprovableSkills/]: Injecting parchment into LootTable 'nova_structures:chests/nether_port/nether_port_supplies'!
[20Aug2025 20:20:51.777] [Worker-Main-2/INFO] [ImprovableSkills/]: Injecting parchment into LootTable 'betterstrongholds:chests/common'!
[20Aug2025 20:20:51.781] [Worker-Main-2/INFO] [ImprovableSkills/]: Injecting parchment into LootTable 'minecraft:chests/bastion_bridge'!
[20Aug2025 20:20:51.785] [Worker-Main-2/INFO] [ImprovableSkills/]: Injecting parchment into LootTable 'dungeons_arise:chests/keep_kayra/keep_kayra_treasure'!
[20Aug2025 20:20:51.787] [Worker-Main-2/INFO] [ImprovableSkills/]: Injecting parchment into LootTable 'minecraft:chests/pillager_outpost'!
[20Aug2025 20:20:51.789] [Worker-Main-2/INFO] [ImprovableSkills/]: Injecting parchment into LootTable 'dungeons_arise:chests/illager_windmill/illager_windmill_barrels'!
[20Aug2025 20:20:51.790] [Worker-Main-2/INFO] [ImprovableSkills/]: Injecting parchment into LootTable 'dungeons_arise:chests/greenwood_pub/greenwood_pub_normal'!
[20Aug2025 20:20:51.793] [Worker-Main-2/INFO] [ImprovableSkills/]: Injecting parchment into LootTable 'nova_structures:chests/witch_villa/music_room'!
[20Aug2025 20:20:51.796] [Worker-Main-2/INFO] [ImprovableSkills/]: Injecting parchment into LootTable 'nova_structures:chests/tavern_quest/conduit_ruin'!
[20Aug2025 20:20:51.797] [Worker-Main-2/INFO] [ImprovableSkills/]: Injecting parchment into LootTable 'minecraft:chests/illager_mansion/library_chest'!
[20Aug2025 20:20:51.800] [Worker-Main-2/INFO] [ImprovableSkills/]: Injecting parchment into LootTable 'artifacts:inject/chests/bastion_hoglin_stable'!
[20Aug2025 20:20:51.802] [Worker-Main-2/INFO] [ImprovableSkills/]: Injecting parchment into LootTable 'nova_structures:chests/tavern_quest/badlands_miner_outpost'!
[20Aug2025 20:20:51.805] [Worker-Main-2/INFO] [ImprovableSkills/]: Injecting parchment into LootTable 'dungeons_arise:chests/keep_kayra/keep_kayra_library_normal'!
[20Aug2025 20:20:51.809] [Worker-Main-2/INFO] [ImprovableSkills/]: Injecting parchment into LootTable 'betterstrongholds:chests/cmd_yung'!
[20Aug2025 20:20:51.811] [Worker-Main-2/INFO] [ImprovableSkills/]: Injecting parchment into LootTable 'dungeons_arise:chests/giant_mushroom/twin_giant_mushroom'!
[20Aug2025 20:20:51.816] [Worker-Main-2/INFO] [ImprovableSkills/]: Injecting parchment into LootTable 'dungeons_arise:chests/abandoned_temple/abandoned_temple_entrance'!
[20Aug2025 20:20:51.823] [Worker-Main-2/INFO] [ImprovableSkills/]: Injecting parchment into LootTable 'artifacts:inject/chests/bastion_treasure'!
[20Aug2025 20:20:51.826] [Worker-Main-2/INFO] [ImprovableSkills/]: Injecting parchment into LootTable 'nova_structures:chests/hamlet/hamlet'!
[20Aug2025 20:20:51.828] [Worker-Main-2/INFO] [ImprovableSkills/]: Injecting parchment into LootTable 'dungeons_arise:chests/mushroom_village/mushroom_village_treasure'!
[20Aug2025 20:20:51.828] [Worker-Main-2/INFO] [ImprovableSkills/]: Injecting parchment into LootTable 'nova_structures:chests/tavern_quest/creeping_crypt'!
[20Aug2025 20:20:51.830] [Worker-Main-2/INFO] [ImprovableSkills/]: Injecting parchment into LootTable 'minecraft:chests/woodland_mansion'!
[20Aug2025 20:20:51.831] [Worker-Main-2/INFO] [ImprovableSkills/]: Injecting parchment into LootTable 'dungeons_arise:chests/undead_pirate_ship/undead_pirate_ship_enchants'!
[20Aug2025 20:20:51.832] [Worker-Main-2/INFO] [ImprovableSkills/]: Injecting parchment into LootTable 'dungeons_arise:chests/illager_campsite/illager_campsite_tent'!
[20Aug2025 20:20:51.840] [Worker-Main-2/INFO] [ImprovableSkills/]: Injecting parchment into LootTable 'nova_structures:chests/conduit_ruin/conduit_ruin_big'!
[20Aug2025 20:20:51.843] [Worker-Main-2/INFO] [ImprovableSkills/]: Injecting parchment into LootTable 'minecraft:chests/bastion_treasure'!
[20Aug2025 20:20:51.844] [Worker-Main-2/INFO] [ImprovableSkills/]: Injecting parchment into LootTable 'artifacts:chests/campsite_barrel/cobwebs'!
[20Aug2025 20:20:51.844] [Worker-Main-2/INFO] [ImprovableSkills/]: Injecting parchment into LootTable 'dungeons_arise:chests/foundry/foundry_normal'!
[20Aug2025 20:20:51.845] [Worker-Main-2/INFO] [ImprovableSkills/]: Injecting parchment into LootTable 'nova_structures:chests/illager_hideout_tresure'!
[20Aug2025 20:20:51.846] [Worker-Main-2/INFO] [ImprovableSkills/]: Injecting parchment into LootTable 'artifacts:inject/chests/underwater_ruin_big'!
[20Aug2025 20:20:51.849] [Worker-Main-2/INFO] [ImprovableSkills/]: Injecting parchment into LootTable 'wares:chests/village/badlands_warehouse'!
[20Aug2025 20:20:51.850] [Worker-Main-2/INFO] [ImprovableSkills/]: Injecting parchment into LootTable 'minecraft:chests/shipwreck_map'!
[20Aug2025 20:20:51.851] [Worker-Main-2/INFO] [ImprovableSkills/]: Injecting parchment into LootTable 'sophisticatedbackpacks:inject/chests/abandoned_mineshaft'!
[20Aug2025 20:20:51.852] [Worker-Main-2/INFO] [ImprovableSkills/]: Injecting parchment into LootTable 'betterfortresses:chests/puzzle'!
[20Aug2025 20:20:51.857] [Worker-Main-2/INFO] [ImprovableSkills/]: Injecting parchment into LootTable 'nova_structures:chests/ruin_loot_master'!
[20Aug2025 20:20:51.859] [Worker-Main-2/INFO] [ImprovableSkills/]: Injecting parchment into LootTable 'minecraft:chests/village/village_jungle_house'!
[20Aug2025 20:20:51.859] [Worker-Main-2/INFO] [ImprovableSkills/]: Injecting parchment into LootTable 'artifacts:inject/chests/abandoned_mineshaft'!
[20Aug2025 20:20:51.860] [Worker-Main-2/INFO] [ImprovableSkills/]: Injecting parchment into LootTable 'dungeons_arise:chests/plague_asylum/plague_asylum_cells'!
[20Aug2025 20:20:51.861] [Worker-Main-2/INFO] [ImprovableSkills/]: Injecting parchment into LootTable 'dungeons_arise:chests/keep_kayra/keep_kayra_library_treasure'!
[20Aug2025 20:20:51.861] [Worker-Main-2/INFO] [ImprovableSkills/]: Injecting scroll for skill 'improvableskills:atkdmg_ranged' into LootTable 'minecraft:entities/skeleton'!
[20Aug2025 20:20:51.862] [Worker-Main-2/INFO] [ImprovableSkills/]: Injecting scroll for skill 'improvableskills:ender_manipulator' into LootTable 'minecraft:entities/enderman'!
[20Aug2025 20:20:51.865] [Worker-Main-2/INFO] [ImprovableSkills/]: Injecting parchment into LootTable 'nova_structures:chests/illager_hideout_lesser_tresure'!
[20Aug2025 20:20:51.868] [Worker-Main-2/INFO] [ImprovableSkills/]: Injecting parchment into LootTable 'nova_structures:chests/illager_camp'!
[20Aug2025 20:20:51.869] [Worker-Main-2/INFO] [ImprovableSkills/]: Injecting parchment into LootTable 'nova_structures:chests/tavern_quest/illager_manor'!
[20Aug2025 20:20:51.871] [Worker-Main-2/INFO] [ImprovableSkills/]: Injecting scroll for skill 'improvableskills:obsidian_skin' into LootTable 'minecraft:chests/nether_bridge'!
[20Aug2025 20:20:51.871] [Worker-Main-2/INFO] [ImprovableSkills/]: Injecting parchment into LootTable 'minecraft:chests/nether_bridge'!
[20Aug2025 20:20:51.872] [Worker-Main-2/INFO] [ImprovableSkills/]: Injecting parchment into LootTable 'dungeons_arise:chests/shiraz_palace/shiraz_palace_library'!
[20Aug2025 20:20:51.875] [Worker-Main-2/INFO] [ImprovableSkills/]: Injecting parchment into LootTable 'nova_structures:chests/hamlet/hamlet_tresure'!
[20Aug2025 20:20:51.876] [Worker-Main-2/INFO] [ImprovableSkills/]: Injecting parchment into LootTable 'dungeons_arise:chests/heavenly_conqueror/heavenly_conqueror_treasure'!
[20Aug2025 20:20:51.877] [Worker-Main-2/INFO] [ImprovableSkills/]: Injecting parchment into LootTable 'dungeons_arise:chests/heavenly_challenger/heavenly_challenger_treasure'!
[20Aug2025 20:20:51.878] [Worker-Main-2/INFO] [ImprovableSkills/]: Injecting parchment into LootTable 'nova_structures:chests/witch_villa/library'!
[20Aug2025 20:20:51.879] [Worker-Main-2/INFO] [ImprovableSkills/]: Injecting parchment into LootTable 'dungeons_arise:chests/bathhouse/bathhouse_normal'!
[20Aug2025 20:20:51.880] [Worker-Main-2/INFO] [ImprovableSkills/]: Injecting parchment into LootTable 'ctov:chests/village/village_forager'!
[20Aug2025 20:20:51.884] [Worker-Main-2/INFO] [ImprovableSkills/]: Injecting parchment into LootTable 'minecraft:chests/illager_mansion/wool'!
[20Aug2025 20:20:51.887] [Worker-Main-2/INFO] [ImprovableSkills/]: Injecting parchment into LootTable 'ctov:chests/village/village_jungle_house'!
[20Aug2025 20:20:51.889] [Worker-Main-2/INFO] [ImprovableSkills/]: Injecting parchment into LootTable 'nova_structures:chests/tavern_quest/illager_hideout'!
[20Aug2025 20:20:51.890] [Worker-Main-2/INFO] [ImprovableSkills/]: Injecting parchment into LootTable 'nova_structures:chests/illager_hideout_vegitarian'!
[20Aug2025 20:20:51.891] [Worker-Main-2/INFO] [ImprovableSkills/]: Injecting parchment into LootTable 'nova_structures:chests/food_supply'!
[20Aug2025 20:20:51.894] [Worker-Main-2/INFO] [ImprovableSkills/]: Injecting parchment into LootTable 'nova_structures:chests/tavern_quest/ancient_city'!
[20Aug2025 20:20:51.898] [Worker-Main-2/INFO] [ImprovableSkills/]: Injecting parchment into LootTable 'artifacts:inject/chests/village/village_desert_house'!
[20Aug2025 20:20:51.901] [Worker-Main-2/INFO] [ImprovableSkills/]: Injecting parchment into LootTable 'artifacts:inject/chests/stronghold_corridor'!
[20Aug2025 20:20:51.902] [Worker-Main-2/INFO] [ImprovableSkills/]: Injecting parchment into LootTable 'nova_structures:chests/nether_skeleton_tower/skeleton_tower_supply'!
[20Aug2025 20:20:51.902] [Worker-Main-2/INFO] [ImprovableSkills/]: Injecting parchment into LootTable 'betterstrongholds:chests/prison_lg'!
[20Aug2025 20:20:51.905] [Worker-Main-2/INFO] [ImprovableSkills/]: Injecting parchment into LootTable 'nova_structures:chests/illager_hideout_random'!
[20Aug2025 20:20:51.905] [Worker-Main-2/INFO] [ImprovableSkills/]: Injecting parchment into LootTable 'nova_structures:chests/tavern_quest/ruin_town'!
[20Aug2025 20:20:51.907] [Worker-Main-2/INFO] [ImprovableSkills/]: Injecting parchment into LootTable 'nova_structures:chests/conduit_ruin/conduit_ruin_small'!
[20Aug2025 20:20:51.907] [Worker-Main-2/INFO] [ImprovableSkills/]: Injecting parchment into LootTable 'nova_structures:chests/mining_supply'!
[20Aug2025 20:20:51.908] [Worker-Main-2/INFO] [ImprovableSkills/]: Injecting parchment into LootTable 'dungeons_arise:chests/illager_corsair/illager_corsair_barrels'!
[20Aug2025 20:20:51.909] [Worker-Main-2/INFO] [ImprovableSkills/]: Injecting parchment into LootTable 'minecraft:chests/illager_mansion/kitchen'!
[20Aug2025 20:20:51.910] [Worker-Main-2/INFO] [ImprovableSkills/]: Injecting parchment into LootTable 'artifacts:chests/campsite_barrel/ores'!
[20Aug2025 20:20:51.910] [Worker-Main-2/INFO] [ImprovableSkills/]: Injecting parchment into LootTable 'artifacts:inject/chests/village/village_weaponsmith'!
[20Aug2025 20:20:51.911] [Worker-Main-2/INFO] [ImprovableSkills/]: Injecting parchment into LootTable 'minecraft:chests/bastion_hoglin_stable'!
[20Aug2025 20:20:51.913] [Worker-Main-2/INFO] [ImprovableSkills/]: Injecting parchment into LootTable 'dungeons_arise:chests/mushroom_house/mushroom_house_normal'!
[20Aug2025 20:20:51.913] [Worker-Main-2/INFO] [ImprovableSkills/]: Injecting parchment into LootTable 'dungeons_arise:chests/shiraz_palace/shiraz_palace_supply'!
[20Aug2025 20:20:51.914] [Worker-Main-2/INFO] [ImprovableSkills/]: Injecting parchment into LootTable 'sophisticatedbackpacks:inject/chests/woodland_mansion'!
[20Aug2025 20:20:51.918] [Worker-Main-2/INFO] [ImprovableSkills/]: Injecting parchment into LootTable 'dungeons_arise:chests/infested_temple/infested_temple_room_forge'!
[20Aug2025 20:20:51.919] [Worker-Main-2/INFO] [ImprovableSkills/]: Injecting parchment into LootTable 'artifacts:inject/chests/village/village_toolsmith'!
[20Aug2025 20:20:51.919] [Worker-Main-2/INFO] [ImprovableSkills/]: Injecting parchment into LootTable 'nova_structures:chests/nether_skeleton_tower/skeleton_tower_chest'!
[20Aug2025 20:20:51.922] [Worker-Main-2/INFO] [ImprovableSkills/]: Injecting parchment into LootTable 'wares:chests/village/jungle_warehouse'!
[20Aug2025 20:20:51.923] [Worker-Main-2/INFO] [ImprovableSkills/]: Injecting parchment into LootTable 'dungeons_arise:chests/merchant_campsite/merchant_campsite_map'!
[20Aug2025 20:20:51.923] [Worker-Main-2/INFO] [ImprovableSkills/]: Injecting parchment into LootTable 'dungeons_arise:chests/giant_mushroom/red_giant_mushroom'!
[20Aug2025 20:20:51.925] [Worker-Main-2/INFO] [ImprovableSkills/]: Injecting parchment into LootTable 'dungeons_arise:chests/heavenly_rider/heavenly_rider_normal'!
[20Aug2025 20:20:51.926] [Worker-Main-2/INFO] [ImprovableSkills/]: Injecting parchment into LootTable 'nova_structures:chests/stray_fort_tresure'!
[20Aug2025 20:20:51.926] [Worker-Main-2/INFO] [ImprovableSkills/]: Injecting parchment into LootTable 'artifacts:inject/chests/village/village_snowy_house'!
[20Aug2025 20:20:51.931] [Worker-Main-2/INFO] [ImprovableSkills/]: Injecting parchment into LootTable 'dungeons_arise:chests/infested_temple/infested_temple_room_normal'!
[20Aug2025 20:20:51.934] [Worker-Main-2/INFO] [ImprovableSkills/]: Injecting parchment into LootTable 'dungeons_arise:chests/monastery/monastery_barrels'!
[20Aug2025 20:20:51.935] [Worker-Main-2/INFO] [ImprovableSkills/]: Injecting parchment into LootTable 'nova_structures:chests/piglin_outstation/outstation_tower'!
[20Aug2025 20:20:51.937] [Worker-Main-2/INFO] [ImprovableSkills/]: Injecting parchment into LootTable 'dungeons_arise:chests/bandit_village/bandit_village_barrels'!
[20Aug2025 20:20:51.940] [Worker-Main-2/INFO] [ImprovableSkills/]: Injecting parchment into LootTable 'dungeons_arise:chests/bathhouse/bathhouse_barrels'!
[20Aug2025 20:20:51.942] [Worker-Main-2/INFO] [ImprovableSkills/]: Injecting parchment into LootTable 'minecraft:chests/illager_mansion/evoker_chest'!
[20Aug2025 20:20:51.943] [Worker-Main-2/INFO] [ImprovableSkills/]: Injecting parchment into LootTable 'dungeons_arise:chests/mushroom_mines/mushroom_mines_ores'!
[20Aug2025 20:20:51.944] [Worker-Main-2/INFO] [ImprovableSkills/]: Injecting parchment into LootTable 'artifacts:inject/chests/jungle_temple'!
[20Aug2025 20:20:51.944] [Worker-Main-2/INFO] [ImprovableSkills/]: Injecting parchment into LootTable 'artifacts:chests/campsite_barrel/food'!
[20Aug2025 20:20:51.945] [Worker-Main-2/INFO] [ImprovableSkills/]: Injecting parchment into LootTable 'artifacts:inject/chests/village/village_butcher'!
[20Aug2025 20:20:51.947] [Worker-Main-2/INFO] [ImprovableSkills/]: Injecting parchment into LootTable 'nova_structures:chests/badland_miner_outpost_towers'!
[20Aug2025 20:20:51.948] [Worker-Main-2/INFO] [ImprovableSkills/]: Injecting parchment into LootTable 'dungeons_arise:chests/illager_campsite/illager_campsite_map'!
[20Aug2025 20:20:51.948] [Worker-Main-2/INFO] [ImprovableSkills/]: Injecting parchment into LootTable 'ctov:chests/village/village_farm'!
[20Aug2025 20:20:51.951] [Worker-Main-2/INFO] [ImprovableSkills/]: Injecting parchment into LootTable 'betterfortresses:chests/hall'!
[20Aug2025 20:20:51.952] [Worker-Main-2/INFO] [ImprovableSkills/]: Injecting parchment into LootTable 'betterstrongholds:chests/crypt'!
[20Aug2025 20:20:51.953] [Worker-Main-2/INFO] [ImprovableSkills/]: Injecting parchment into LootTable 'dungeons_arise:chests/bandit_towers/bandit_towers_normal'!
[20Aug2025 20:20:51.954] [Worker-Main-2/INFO] [ImprovableSkills/]: Injecting parchment into LootTable 'nova_structures:chests/illager_hideout_library'!
[20Aug2025 20:20:51.954] [Worker-Main-2/INFO] [ImprovableSkills/]: Injecting parchment into LootTable 'betterfortresses:chests/extra'!
[20Aug2025 20:20:51.956] [Worker-Main-2/INFO] [ImprovableSkills/]: Injecting parchment into LootTable 'minecraft:chests/illager_mansion/smithing_room'!
[20Aug2025 20:20:51.956] [Worker-Main-2/INFO] [ImprovableSkills/]: Injecting parchment into LootTable 'dungeons_arise:chests/mining_system/mining_system_treasure'!
[20Aug2025 20:20:51.959] [Worker-Main-2/INFO] [ImprovableSkills/]: Injecting parchment into LootTable 'nova_structures:chests/illager_hideout_trash'!
[20Aug2025 20:20:51.960] [Worker-Main-2/INFO] [ImprovableSkills/]: Injecting parchment into LootTable 'ctov:chests/village/village_beach_house'!
[20Aug2025 20:20:51.964] [Worker-Main-2/INFO] [ImprovableSkills/]: Injecting parchment into LootTable 'dungeons_arise:chests/thornborn_towers/thornborn_towers_rooms'!
[20Aug2025 20:20:51.970] [Worker-Main-2/INFO] [ImprovableSkills/]: Injecting scroll for skill 'improvableskills:enchanter' into LootTable 'minecraft:chests/stronghold_library'!
[20Aug2025 20:20:51.970] [Worker-Main-2/INFO] [ImprovableSkills/]: Injecting parchment into LootTable 'minecraft:chests/stronghold_library'!
[20Aug2025 20:20:51.970] [Worker-Main-2/INFO] [ImprovableSkills/]: Injecting parchment into LootTable 'nova_structures:chests/tavern_quest/undead_crypt'!
[20Aug2025 20:20:51.971] [Worker-Main-2/INFO] [ImprovableSkills/]: Injecting parchment into LootTable 'nova_structures:chests/witch_villa/lab'!
[20Aug2025 20:20:51.973] [Worker-Main-2/INFO] [ImprovableSkills/]: Injecting parchment into LootTable 'dungeons_arise:chests/illager_corsair/illager_corsair_treasure'!
[20Aug2025 20:20:51.975] [Worker-Main-2/INFO] [ImprovableSkills/]: Injecting parchment into LootTable 'artifacts:inject/chests/ruined_portal'!
[20Aug2025 20:20:51.979] [Worker-Main-2/INFO] [ImprovableSkills/]: Injecting parchment into LootTable 'artifacts:inject/chests/buried_treasure'!
[20Aug2025 20:20:51.979] [Worker-Main-2/INFO] [ImprovableSkills/]: Injecting parchment into LootTable 'dungeons_arise:chests/bandit_towers/bandit_towers_barrels'!
[20Aug2025 20:20:51.980] [Worker-Main-2/INFO] [ImprovableSkills/]: Injecting parchment into LootTable 'nova_structures:chests/desert_ruins/desert_ruin_grave'!
[20Aug2025 20:20:51.981] [Worker-Main-2/INFO] [ImprovableSkills/]: Injecting parchment into LootTable 'minecraft:chests/illager_mansion/ancient_city_raid_chest'!
[20Aug2025 20:20:51.984] [Worker-Main-2/INFO] [ImprovableSkills/]: Injecting scroll for skill 'improvableskills:silent_foot' into LootTable 'minecraft:chests/ancient_city_ice_box'!
[20Aug2025 20:20:51.984] [Worker-Main-2/INFO] [ImprovableSkills/]: Injecting parchment into LootTable 'minecraft:chests/ancient_city_ice_box'!
[20Aug2025 20:20:51.985] [Worker-Main-2/INFO] [ImprovableSkills/]: Injecting scroll for skill 'improvableskills:generic_protection' into LootTable 'minecraft:chests/simple_dungeon'!
[20Aug2025 20:20:51.985] [Worker-Main-2/INFO] [ImprovableSkills/]: Injecting parchment into LootTable 'minecraft:chests/simple_dungeon'!
[20Aug2025 20:20:51.988] [Worker-Main-2/INFO] [ImprovableSkills/]: Injecting parchment into LootTable 'dungeons_arise:chests/illager_fort/illager_fort_normal'!
[20Aug2025 20:20:51.989] [Worker-Main-2/INFO] [ImprovableSkills/]: Injecting parchment into LootTable 'dungeons_arise:chests/monastery/monastery_map'!
[20Aug2025 20:20:51.990] [Worker-Main-2/INFO] [ImprovableSkills/]: Injecting parchment into LootTable 'sophisticatedbackpacks:inject/chests/desert_pyramid'!
[20Aug2025 20:20:51.991] [Worker-Main-2/INFO] [ImprovableSkills/]: Injecting parchment into LootTable 'nova_structures:chests/witch_villa/kitchen'!
[20Aug2025 20:20:51.993] [Worker-Main-2/INFO] [ImprovableSkills/]: Injecting parchment into LootTable 'artifacts:inject/chests/village/village_tannery'!
[20Aug2025 20:20:51.995] [Worker-Main-2/INFO] [ImprovableSkills/]: Injecting parchment into LootTable 'artifacts:inject/chests/desert_pyramid'!
[20Aug2025 20:20:51.995] [Worker-Main-2/INFO] [ImprovableSkills/]: Injecting parchment into LootTable 'nova_structures:chests/illager_hideout_heart_loot'!
[20Aug2025 20:20:51.996] [Worker-Main-2/INFO] [ImprovableSkills/]: Injecting parchment into LootTable 'betterstrongholds:chests/armoury'!
[20Aug2025 20:20:51.999] [Worker-Main-2/INFO] [ImprovableSkills/]: Injecting parchment into LootTable 'dungeons_arise:chests/foundry/foundry_chains'!
[20Aug2025 20:20:52.000] [Worker-Main-2/INFO] [ImprovableSkills/]: Injecting parchment into LootTable 'dungeons_arise:chests/keep_kayra/keep_kayra_normal'!
[20Aug2025 20:20:52.001] [Worker-Main-2/INFO] [ImprovableSkills/]: Injecting parchment into LootTable 'minecraft:chests/shipwreck_supply'!
[20Aug2025 20:20:52.002] [Worker-Main-2/INFO] [ImprovableSkills/]: Injecting scroll for skill 'improvableskills:alchemist' into LootTable 'minecraft:entities/witch'!
[20Aug2025 20:20:52.003] [Worker-Main-2/INFO] [ImprovableSkills/]: Injecting parchment into LootTable 'dungeons_arise:chests/scorched_mines/scorched_mines_housing'!
[20Aug2025 20:20:52.004] [Worker-Main-2/INFO] [ImprovableSkills/]: Injecting parchment into LootTable 'artifacts:chests/campsite_barrel/minecarts'!
[20Aug2025 20:20:52.005] [Worker-Main-2/INFO] [ImprovableSkills/]: Injecting parchment into LootTable 'dungeons_arise:chests/small_prairie_house/small_prairie_house_normal'!
[20Aug2025 20:20:52.006] [Worker-Main-2/INFO] [ImprovableSkills/]: Injecting parchment into LootTable 'nova_structures:chests/illager_hideout_utility'!
[20Aug2025 20:20:52.008] [Worker-Main-2/INFO] [ImprovableSkills/]: Injecting parchment into LootTable 'dungeons_arise:chests/jungle_tree_house/jungle_tree_house_barrels'!
[20Aug2025 20:20:52.008] [Worker-Main-2/INFO] [ImprovableSkills/]: Injecting parchment into LootTable 'betterstrongholds:chests/mess'!
[20Aug2025 20:20:52.011] [Worker-Main-2/INFO] [ImprovableSkills/]: Injecting parchment into LootTable 'minecraft:chests/stronghold_crossing'!
[20Aug2025 20:20:52.012] [Worker-Main-2/INFO] [ImprovableSkills/]: Injecting parchment into LootTable 'dungeons_arise:chests/foundry/foundry_passage_exterior'!
[20Aug2025 20:20:52.012] [Worker-Main-2/INFO] [ImprovableSkills/]: Injecting parchment into LootTable 'dungeons_arise:chests/heavenly_challenger/heavenly_challenger_normal'!
[20Aug2025 20:20:52.013] [Worker-Main-2/INFO] [ImprovableSkills/]: Injecting parchment into LootTable 'betterfortresses:chests/worship'!
[20Aug2025 20:20:52.014] [Worker-Main-2/INFO] [ImprovableSkills/]: Injecting parchment into LootTable 'dungeons_arise:chests/scorched_mines/scorched_mines_barrels'!
[20Aug2025 20:20:52.019] [Worker-Main-2/INFO] [ImprovableSkills/]: Injecting parchment into LootTable 'dungeons_arise:chests/infested_temple/infested_temple_room_bookshelf'!
[20Aug2025 20:20:52.020] [Worker-Main-2/INFO] [ImprovableSkills/]: Injecting parchment into LootTable 'wares:chests/village/mushroom_warehouse'!
[20Aug2025 20:20:52.020] [Worker-Main-2/INFO] [ImprovableSkills/]: Injecting parchment into LootTable 'dungeons_arise:chests/plague_asylum/plague_asylum_treasure'!
[20Aug2025 20:20:52.022] [Worker-Main-2/INFO] [ImprovableSkills/]: Injecting parchment into LootTable 'minecraft:chests/shipwreck_treasure'!
[20Aug2025 20:20:52.026] [Worker-Main-2/INFO] [ImprovableSkills/]: Injecting parchment into LootTable 'dungeons_arise:chests/keep_kayra/keep_kayra_garden_treasure'!
[20Aug2025 20:20:52.030] [Worker-Main-2/INFO] [ImprovableSkills/]: Injecting parchment into LootTable 'artifacts:inject/chests/pillager_outpost'!
[20Aug2025 20:20:52.033] [Worker-Main-2/INFO] [ImprovableSkills/]: Injecting parchment into LootTable 'dungeons_arise:chests/small_blimp/small_blimp_coal_storage'!
[20Aug2025 20:20:52.036] [Worker-Main-2/INFO] [ImprovableSkills/]: Injecting parchment into LootTable 'dungeons_arise:chests/plague_asylum/plague_asylum_storage'!
[20Aug2025 20:20:52.038] [Worker-Main-2/INFO] [ImprovableSkills/]: Injecting parchment into LootTable 'dungeons_arise:chests/small_blimp/small_blimp_redstone_chamber'!
[20Aug2025 20:20:52.038] [Worker-Main-2/INFO] [ImprovableSkills/]: Injecting parchment into LootTable 'sophisticatedbackpacks:inject/chests/bastion_treasure'!
[20Aug2025 20:20:52.041] [Worker-Main-2/INFO] [ImprovableSkills/]: Injecting parchment into LootTable 'nova_structures:chests/undead_crypts_grave'!
[20Aug2025 20:20:52.042] [Worker-Main-2/INFO] [ImprovableSkills/]: Injecting parchment into LootTable 'nova_structures:chests/illager_hideout_weaponry'!
[20Aug2025 20:20:52.043] [Worker-Main-2/INFO] [ImprovableSkills/]: Injecting parchment into LootTable 'dungeons_arise:chests/bandit_village/bandit_village_supply'!
[20Aug2025 20:20:52.045] [Worker-Main-2/INFO] [ImprovableSkills/]: Injecting parchment into LootTable 'artifacts:inject/chests/nether_bridge'!
[20Aug2025 20:20:52.047] [Worker-Main-2/INFO] [ImprovableSkills/]: Injecting parchment into LootTable 'nova_structures:chests/illager_hideout_raw_ores'!
[20Aug2025 20:20:52.047] [Worker-Main-2/INFO] [ImprovableSkills/]: Injecting parchment into LootTable 'ctov:chests/village/village_mountain_house'!
[20Aug2025 20:20:52.048] [Worker-Main-2/INFO] [ImprovableSkills/]: Injecting parchment into LootTable 'minecraft:chests/nether_fortress/fort_inside'!
[20Aug2025 20:20:52.049] [Worker-Main-2/INFO] [ImprovableSkills/]: Injecting parchment into LootTable 'dungeons_arise:chests/mushroom_village/mushroom_village_barrels'!
[20Aug2025 20:20:52.050] [Worker-Main-2/INFO] [ImprovableSkills/]: Injecting parchment into LootTable 'minecraft:chests/spawn_bonus_chest'!
[20Aug2025 20:20:52.051] [Worker-Main-2/INFO] [ImprovableSkills/]: Injecting parchment into LootTable 'nova_structures:chests/tavern_quest/stray_fort'!
[20Aug2025 20:20:52.051] [Worker-Main-2/INFO] [ImprovableSkills/]: Injecting parchment into LootTable 'dungeons_arise:chests/typhon/typhon_treasure'!
[20Aug2025 20:20:52.056] [Worker-Main-2/INFO] [ImprovableSkills/]: Injecting parchment into LootTable 'artifacts:inject/chests/village/village_taiga_house'!
[20Aug2025 20:20:52.057] [Worker-Main-2/INFO] [ImprovableSkills/]: Injecting parchment into LootTable 'nova_structures:chests/mangrove_witchhud'!
[20Aug2025 20:20:52.059] [Worker-Main-2/INFO] [ImprovableSkills/]: Injecting parchment into LootTable 'dungeons_arise:chests/small_prairie_house/small_prairie_house_barrels'!
[20Aug2025 20:20:52.061] [Worker-Main-2/INFO] [ImprovableSkills/]: Injecting parchment into LootTable 'betterfortresses:chests/quarters'!
[20Aug2025 20:20:52.063] [Worker-Main-2/INFO] [ImprovableSkills/]: Injecting parchment into LootTable 'artifacts:chests/campsite_barrel'!
[20Aug2025 20:20:52.064] [Worker-Main-2/INFO] [ImprovableSkills/]: Injecting scroll for skill 'improvableskills:soul_speed' into LootTable 'minecraft:gameplay/piglin_bartering'!
[20Aug2025 20:20:52.064] [Worker-Main-2/INFO] [ImprovableSkills/]: Injecting parchment into LootTable 'artifacts:chests/campsite_chest'!
[20Aug2025 20:20:52.066] [Worker-Main-2/INFO] [ImprovableSkills/]: Injecting scroll for skill 'improvableskills:treasure_sands' into LootTable 'minecraft:chests/desert_pyramid'!
[20Aug2025 20:20:52.066] [Worker-Main-2/INFO] [ImprovableSkills/]: Injecting parchment into LootTable 'minecraft:chests/desert_pyramid'!
[20Aug2025 20:20:52.066] [Worker-Main-2/INFO] [ImprovableSkills/]: Injecting parchment into LootTable 'betterstrongholds:chests/trap'!
[20Aug2025 20:20:52.067] [Worker-Main-2/INFO] [ImprovableSkills/]: Injecting parchment into LootTable 'artifacts:inject/chests/spawn_bonus_chest'!
[20Aug2025 20:20:52.069] [Worker-Main-2/INFO] [ImprovableSkills/]: Injecting parchment into LootTable 'minecraft:chests/underwater_ruin_big'!
[20Aug2025 20:20:52.070] [Worker-Main-2/INFO] [ImprovableSkills/]: Injecting parchment into LootTable 'sophisticatedbackpacks:inject/chests/simple_dungeon'!
[20Aug2025 20:20:52.071] [Worker-Main-2/INFO] [ImprovableSkills/]: Injecting parchment into LootTable 'minecraft:chests/illager_mansion/secret_room'!
[20Aug2025 20:20:52.072] [Worker-Main-2/INFO] [ImprovableSkills/]: Injecting parchment into LootTable 'dungeons_arise:chests/small_blimp/small_blimp_treasure'!
[20Aug2025 20:20:52.073] [Worker-Main-2/INFO] [ImprovableSkills/]: Injecting parchment into LootTable 'minecraft:chests/illager_mansion/vindicator_chest'!
[20Aug2025 20:20:52.073] [Worker-Main-2/INFO] [ImprovableSkills/]: Injecting parchment into LootTable 'nova_structures:chests/stray_fort_loot_generic'!
[20Aug2025 20:20:52.081] [Worker-Main-2/INFO] [ImprovableSkills/]: Injecting parchment into LootTable 'dungeons_arise:chests/fishing_hut/fishing_hut_barrels'!
[20Aug2025 20:20:52.085] [Worker-Main-2/INFO] [ImprovableSkills/]: Injecting parchment into LootTable 'artifacts:inject/chests/woodland_mansion'!
[20Aug2025 20:20:52.088] [Worker-Main-2/INFO] [ImprovableSkills/]: Injecting parchment into LootTable 'dungeons_arise:chests/ceryneian_hind/ceryneian_hind_treasure'!
[20Aug2025 20:20:52.092] [Worker-Main-2/INFO] [ImprovableSkills/]: Injecting parchment into LootTable 'dungeons_arise:chests/undead_pirate_ship/undead_pirate_ship_barrels'!
[20Aug2025 20:20:52.093] [Worker-Main-2/INFO] [ImprovableSkills/]: Injecting parchment into LootTable 'dungeons_arise:chests/abandoned_temple/abandoned_temple_map'!
[20Aug2025 20:20:52.097] [Worker-Main-2/INFO] [ImprovableSkills/]: Injecting parchment into LootTable 'artifacts:chests/campsite_barrel/ingots'!
[20Aug2025 20:20:52.099] [Worker-Main-2/INFO] [ImprovableSkills/]: Injecting parchment into LootTable 'ctov:chests/village/village_mushroom_house'!
[20Aug2025 20:20:52.100] [Worker-Main-2/INFO] [ImprovableSkills/]: Injecting parchment into LootTable 'nova_structures:chests/dungeon_6'!
[20Aug2025 20:20:52.100] [Worker-Main-2/INFO] [ImprovableSkills/]: Injecting parchment into LootTable 'nova_structures:chests/dungeon_5'!
[20Aug2025 20:20:52.100] [Worker-Main-2/INFO] [ImprovableSkills/]: Injecting parchment into LootTable 'nova_structures:chests/dungeon_7'!
[20Aug2025 20:20:52.100] [Worker-Main-2/INFO] [ImprovableSkills/]: Injecting parchment into LootTable 'dungeons_arise:chests/scorched_mines/scorched_mines_hub'!
[20Aug2025 20:20:52.101] [Worker-Main-2/INFO] [ImprovableSkills/]: Injecting parchment into LootTable 'dungeons_arise:chests/mining_system/mining_system_barrels'!
[20Aug2025 20:20:52.103] [Worker-Main-2/INFO] [ImprovableSkills/]: Injecting parchment into LootTable 'dungeons_arise:chests/foundry/foundry_passage_normal'!
[20Aug2025 20:20:52.103] [Worker-Main-2/INFO] [ImprovableSkills/]: Injecting parchment into LootTable 'artifacts:inject/chests/end_city_treasure'!
[20Aug2025 20:20:52.103] [Worker-Main-2/INFO] [ImprovableSkills/]: Injecting parchment into LootTable 'nova_structures:chests/desert_ruins/desert_ruin_lesser_treasure'!
[20Aug2025 20:20:52.104] [Worker-Main-2/INFO] [ImprovableSkills/]: Injecting parchment into LootTable 'nova_structures:chests/dungeon_2'!
[20Aug2025 20:20:52.104] [Worker-Main-2/INFO] [ImprovableSkills/]: Injecting parchment into LootTable 'nova_structures:chests/dungeon_1'!
[20Aug2025 20:20:52.104] [Worker-Main-2/INFO] [ImprovableSkills/]: Injecting parchment into LootTable 'nova_structures:chests/dungeon_4'!
[20Aug2025 20:20:52.105] [Worker-Main-2/INFO] [ImprovableSkills/]: Injecting parchment into LootTable 'minecraft:chests/jungle_temple_dispenser'!
[20Aug2025 20:20:52.105] [Worker-Main-2/INFO] [ImprovableSkills/]: Injecting parchment into LootTable 'nova_structures:chests/dungeon_3'!
[20Aug2025 20:20:52.106] [Worker-Main-2/INFO] [ImprovableSkills/]: Injecting parchment into LootTable 'dungeons_arise:chests/scorched_mines/scorched_mines_treasure'!
[20Aug2025 20:20:52.109] [Worker-Main-2/INFO] [ImprovableSkills/]: Injecting parchment into LootTable 'dungeons_arise:chests/undead_pirate_ship/undead_pirate_ship_treasure'!
[20Aug2025 20:20:52.110] [Worker-Main-2/INFO] [ImprovableSkills/]: Injecting parchment into LootTable 'dungeons_arise:chests/mushroom_mines/mushroom_mines_barrels'!
[20Aug2025 20:20:52.113] [Worker-Main-2/INFO] [ImprovableSkills/]: Injecting parchment into LootTable 'dungeons_arise:chests/mushroom_house/mushroom_house_treasure'!
[20Aug2025 20:20:52.113] [Worker-Main-2/INFO] [ImprovableSkills/]: Injecting parchment into LootTable 'nova_structures:chests/stray_fort_archer'!
[20Aug2025 20:20:52.114] [Worker-Main-2/INFO] [ImprovableSkills/]: Injecting parchment into LootTable 'nova_structures:chests/nether_port/nether_port_chest'!
[20Aug2025 20:20:52.115] [Worker-Main-2/INFO] [ImprovableSkills/]: Injecting parchment into LootTable 'dungeons_arise:chests/illager_fort/illager_fort_barrels'!
[20Aug2025 20:20:52.117] [Worker-Main-2/INFO] [ImprovableSkills/]: Injecting parchment into LootTable 'dungeons_arise:chests/heavenly_rider/heavenly_rider_treasure'!
[20Aug2025 20:20:52.123] [Worker-Main-2/INFO] [ImprovableSkills/]: Injecting parchment into LootTable 'dungeons_arise:chests/illager_windmill/illager_windmill_treasure'!
[20Aug2025 20:20:52.124] [Worker-Main-2/INFO] [ImprovableSkills/]: Injecting parchment into LootTable 'dungeons_arise:chests/greenwood_pub/greenwood_pub_barrels_normal'!
[20Aug2025 20:20:52.125] [Worker-Main-2/INFO] [ImprovableSkills/]: Injecting parchment into LootTable 'dungeons_arise:chests/aviary/aviary_barrels'!
[20Aug2025 20:20:52.127] [Worker-Main-2/INFO] [ImprovableSkills/]: Injecting parchment into LootTable 'wares:chests/village/beach_warehouse'!
[20Aug2025 20:20:52.128] [Worker-Main-2/INFO] [ImprovableSkills/]: Injecting parchment into LootTable 'minecraft:chests/bastion_other'!
[20Aug2025 20:20:52.128] [Worker-Main-2/INFO] [ImprovableSkills/]: Injecting parchment into LootTable 'artifacts:inject/chests/village/village_plains_house'!
[20Aug2025 20:20:52.130] [Worker-Main-2/INFO] [ImprovableSkills/]: Injecting parchment into LootTable 'artifacts:chests/campsite_barrel/tnt'!
[20Aug2025 20:20:52.131] [Worker-Main-2/INFO] [ImprovableSkills/]: Injecting parchment into LootTable 'dungeons_arise:chests/undead_pirate_ship/undead_pirate_ship_supply'!
[20Aug2025 20:20:52.132] [Worker-Main-2/INFO] [ImprovableSkills/]: Injecting parchment into LootTable 'dungeons_arise:chests/scorched_mines/scorched_mines_normal'!
[20Aug2025 20:20:52.132] [Worker-Main-2/INFO] [ImprovableSkills/]: Injecting parchment into LootTable 'artifacts:inject/chests/village/village_armorer'!
[20Aug2025 20:20:52.134] [Worker-Main-2/INFO] [ImprovableSkills/]: Injecting scroll for skill 'improvableskills:huckster' into LootTable 'minecraft:gameplay/hero_of_the_village/librarian_gift'!
[20Aug2025 20:20:52.135] [main/WARN] [net.minecraft.world.level.storage.loot.LootDataManager/]: Datapack tried to redefine minecraft:empty loot table, ignoring
[20Aug2025 20:20:52.186] [main/WARN] [net.minecraft.world.level.storage.loot.LootDataManager/]: Found loot table element validation problem in {loot_tables:dungeons_arise:chests/illager_campsite/illager_campsite_map}.pools[7].entries[0]->{minecraft:chests/pillager_outpost}.pools[8].entries[0].functions[2]: Parameters [<parameter minecraft:tool>] are not provided in this context
[20Aug2025 20:20:52.186] [main/WARN] [net.minecraft.world.level.storage.loot.LootDataManager/]: Found loot table element validation problem in {loot_tables:minecraft:chests/pillager_outpost}.pools[8].entries[0].functions[2]: Parameters [<parameter minecraft:tool>] are not provided in this context
[20Aug2025 20:20:52.186] [main/WARN] [net.minecraft.world.level.storage.loot.LootDataManager/]: Found loot table element validation problem in {loot_tables:sons_of_sins:entities/walking_bed}.pools[0].entries[0].functions[1]: Parameters [<parameter minecraft:tool>] are not provided in this context
[20Aug2025 20:20:52.186] [main/WARN] [net.minecraft.world.level.storage.loot.LootDataManager/]: Found loot table element validation problem in {loot_tables:sons_of_sins:entities/blud}.pools[0].entries[0].functions[1]: Parameters [<parameter minecraft:tool>] are not provided in this context
[20Aug2025 20:20:52.186] [main/WARN] [net.minecraft.world.level.storage.loot.LootDataManager/]: Found loot table element validation problem in {loot_tables:sons_of_sins:entities/prowler}.pools[0].entries[0].functions[1]: Parameters [<parameter minecraft:tool>] are not provided in this context
[20Aug2025 20:20:52.186] [main/WARN] [net.minecraft.world.level.storage.loot.LootDataManager/]: Found loot table element validation problem in {loot_tables:revampedvillages:pillager_treasure}.pools[0].entries[0]->{minecraft:chests/pillager_outpost}.pools[8].entries[0].functions[2]: Parameters [<parameter minecraft:tool>] are not provided in this context
[20Aug2025 20:20:52.186] [main/WARN] [net.minecraft.world.level.storage.loot.LootDataManager/]: Found loot table element validation problem in {loot_tables:dungeons_arise:chests/illager_campsite/illager_campsite_tent}.pools[5].entries[0]->{minecraft:chests/pillager_outpost}.pools[8].entries[0].functions[2]: Parameters [<parameter minecraft:tool>] are not provided in this context
[20Aug2025 20:20:52.187] [main/WARN] [net.minecraft.world.level.storage.loot.LootDataManager/]: Found loot table element validation problem in {loot_tables:sons_of_sins:entities/butcher}.pools[0].entries[0].functions[1]: Parameters [<parameter minecraft:tool>] are not provided in this context
[20Aug2025 20:20:52.187] [main/WARN] [net.minecraft.world.level.storage.loot.LootDataManager/]: Found loot table element validation problem in {loot_tables:alexsmobs:gameplay/seal_reward}.pools[0].entries[0]->{minecraft:gameplay/fishing/junk}.pools[1].condition[1]: Parameters [<parameter minecraft:origin>] are not provided in this context
[20Aug2025 20:20:52.211] [main/ERROR] [net.minecraft.world.item.crafting.RecipeManager/]: Parsing error loading recipe useless_sword:dragonbreathdiamondswordcraft2
com.google.gson.JsonSyntaxException: Unknown item 'useless_sword:dragonbreathdiamondsword'
	at net.minecraftforge.common.crafting.CraftingHelper.getItem(CraftingHelper.java:160) ~[forge-1.20.1-47.3.7-universal.jar%23304!/:?]
	at net.minecraftforge.common.crafting.CraftingHelper.getItemStack(CraftingHelper.java:186) ~[forge-1.20.1-47.3.7-universal.jar%23304!/:?]
	at net.minecraft.world.item.crafting.ShapedRecipe.m_151274_(ShapedRecipe.java:286) ~[server-1.20.1-20230612.114412-srg.jar%23299!/:?]
	at net.minecraft.world.item.crafting.ShapelessRecipe$Serializer.m_6729_(ShapelessRecipe.java:95) ~[server-1.20.1-20230612.114412-srg.jar%23299!/:?]
	at net.minecraft.world.item.crafting.ShapelessRecipe$Serializer.m_6729_(ShapelessRecipe.java:84) ~[server-1.20.1-20230612.114412-srg.jar%23299!/:?]
	at net.minecraftforge.common.extensions.IForgeRecipeSerializer.fromJson(IForgeRecipeSerializer.java:23) ~[forge-1.20.1-47.3.7-universal.jar%23304!/:?]
	at net.minecraft.world.item.crafting.RecipeManager.fromJson(RecipeManager.java:171) ~[server-1.20.1-20230612.114412-srg.jar%23299!/:?]
	at net.minecraft.world.item.crafting.RecipeManager.m_5787_(RecipeManager.java:67) ~[server-1.20.1-20230612.114412-srg.jar%23299!/:?]
	at net.minecraft.world.item.crafting.RecipeManager.m_5787_(RecipeManager.java:34) ~[server-1.20.1-20230612.114412-srg.jar%23299!/:?]
	at net.minecraft.server.packs.resources.SimplePreparableReloadListener.m_10789_(SimplePreparableReloadListener.java:13) ~[server-1.20.1-20230612.114412-srg.jar%23299!/:?]
	at java.util.concurrent.CompletableFuture$UniAccept.tryFire(CompletableFuture.java:718) ~[?:?]
	at java.util.concurrent.CompletableFuture$Completion.run(CompletableFuture.java:482) ~[?:?]
	at net.minecraft.server.packs.resources.SimpleReloadInstance.m_143940_(SimpleReloadInstance.java:69) ~[server-1.20.1-20230612.114412-srg.jar%23299!/:?]
	at net.minecraft.Util.m_214652_(Util.java:783) ~[server-1.20.1-20230612.114412-srg.jar%23299!/:?]
	at net.minecraft.Util.m_214679_(Util.java:772) ~[server-1.20.1-20230612.114412-srg.jar%23299!/:?]
	at net.minecraft.server.Main.main(Main.java:166) ~[server-1.20.1-20230612.114412-srg.jar%23299!/:?]
	at jdk.internal.reflect.NativeMethodAccessorImpl.invoke0(Native Method) ~[?:?]
	at jdk.internal.reflect.NativeMethodAccessorImpl.invoke(NativeMethodAccessorImpl.java:77) ~[?:?]
	at jdk.internal.reflect.DelegatingMethodAccessorImpl.invoke(DelegatingMethodAccessorImpl.java:43) ~[?:?]
	at java.lang.reflect.Method.invoke(Method.java:569) ~[?:?]
	at net.minecraftforge.fml.loading.targets.CommonLaunchHandler.runTarget(CommonLaunchHandler.java:111) ~[fmlloader-1.20.1-47.3.7.jar%2369!/:?]
	at net.minecraftforge.fml.loading.targets.CommonLaunchHandler.serverService(CommonLaunchHandler.java:103) ~[fmlloader-1.20.1-47.3.7.jar%2369!/:?]
	at net.minecraftforge.fml.loading.targets.CommonServerLaunchHandler.lambda$makeService$0(CommonServerLaunchHandler.java:27) ~[fmlloader-1.20.1-47.3.7.jar%2369!/:?]
	at cpw.mods.modlauncher.LaunchServiceHandlerDecorator.launch(LaunchServiceHandlerDecorator.java:30) ~[modlauncher-10.0.9.jar%2355!/:?]
	at cpw.mods.modlauncher.LaunchServiceHandler.launch(LaunchServiceHandler.java:53) ~[modlauncher-10.0.9.jar%2355!/:?]
	at cpw.mods.modlauncher.LaunchServiceHandler.launch(LaunchServiceHandler.java:71) ~[modlauncher-10.0.9.jar%2355!/:?]
	at cpw.mods.modlauncher.Launcher.run(Launcher.java:108) ~[modlauncher-10.0.9.jar%2355!/:?]
	at cpw.mods.modlauncher.Launcher.main(Launcher.java:78) ~[modlauncher-10.0.9.jar%2355!/:?]
	at cpw.mods.modlauncher.BootstrapLaunchConsumer.accept(BootstrapLaunchConsumer.java:26) ~[modlauncher-10.0.9.jar%2355!/:?]
	at cpw.mods.modlauncher.BootstrapLaunchConsumer.accept(BootstrapLaunchConsumer.java:23) ~[modlauncher-10.0.9.jar%2355!/:?]
	at cpw.mods.bootstraplauncher.BootstrapLauncher.main(BootstrapLauncher.java:141) ~[bootstraplauncher-1.1.2.jar:?]
[20Aug2025 20:20:52.277] [main/ERROR] [net.minecraft.world.item.crafting.RecipeManager/]: Parsing error loading recipe miningmaster:forging/paragon_shield
com.google.gson.JsonSyntaxException: Invalid or unsupported recipe type 'miningmaster:forging_recipe'
	at net.minecraft.world.item.crafting.RecipeManager.m_220253_(RecipeManager.java:170) ~[server-1.20.1-20230612.114412-srg.jar%23299!/:?]
	at java.util.Optional.orElseThrow(Optional.java:403) ~[?:?]
	at net.minecraft.world.item.crafting.RecipeManager.fromJson(RecipeManager.java:169) ~[server-1.20.1-20230612.114412-srg.jar%23299!/:?]
	at net.minecraft.world.item.crafting.RecipeManager.m_5787_(RecipeManager.java:67) ~[server-1.20.1-20230612.114412-srg.jar%23299!/:?]
	at net.minecraft.world.item.crafting.RecipeManager.m_5787_(RecipeManager.java:34) ~[server-1.20.1-20230612.114412-srg.jar%23299!/:?]
	at net.minecraft.server.packs.resources.SimplePreparableReloadListener.m_10789_(SimplePreparableReloadListener.java:13) ~[server-1.20.1-20230612.114412-srg.jar%23299!/:?]
	at java.util.concurrent.CompletableFuture$UniAccept.tryFire(CompletableFuture.java:718) ~[?:?]
	at java.util.concurrent.CompletableFuture$Completion.run(CompletableFuture.java:482) ~[?:?]
	at net.minecraft.server.packs.resources.SimpleReloadInstance.m_143940_(SimpleReloadInstance.java:69) ~[server-1.20.1-20230612.114412-srg.jar%23299!/:?]
	at net.minecraft.Util.m_214652_(Util.java:783) ~[server-1.20.1-20230612.114412-srg.jar%23299!/:?]
	at net.minecraft.Util.m_214679_(Util.java:772) ~[server-1.20.1-20230612.114412-srg.jar%23299!/:?]
	at net.minecraft.server.Main.main(Main.java:166) ~[server-1.20.1-20230612.114412-srg.jar%23299!/:?]
	at jdk.internal.reflect.NativeMethodAccessorImpl.invoke0(Native Method) ~[?:?]
	at jdk.internal.reflect.NativeMethodAccessorImpl.invoke(NativeMethodAccessorImpl.java:77) ~[?:?]
	at jdk.internal.reflect.DelegatingMethodAccessorImpl.invoke(DelegatingMethodAccessorImpl.java:43) ~[?:?]
	at java.lang.reflect.Method.invoke(Method.java:569) ~[?:?]
	at net.minecraftforge.fml.loading.targets.CommonLaunchHandler.runTarget(CommonLaunchHandler.java:111) ~[fmlloader-1.20.1-47.3.7.jar%2369!/:?]
	at net.minecraftforge.fml.loading.targets.CommonLaunchHandler.serverService(CommonLaunchHandler.java:103) ~[fmlloader-1.20.1-47.3.7.jar%2369!/:?]
	at net.minecraftforge.fml.loading.targets.CommonServerLaunchHandler.lambda$makeService$0(CommonServerLaunchHandler.java:27) ~[fmlloader-1.20.1-47.3.7.jar%2369!/:?]
	at cpw.mods.modlauncher.LaunchServiceHandlerDecorator.launch(LaunchServiceHandlerDecorator.java:30) ~[modlauncher-10.0.9.jar%2355!/:?]
	at cpw.mods.modlauncher.LaunchServiceHandler.launch(LaunchServiceHandler.java:53) ~[modlauncher-10.0.9.jar%2355!/:?]
	at cpw.mods.modlauncher.LaunchServiceHandler.launch(LaunchServiceHandler.java:71) ~[modlauncher-10.0.9.jar%2355!/:?]
	at cpw.mods.modlauncher.Launcher.run(Launcher.java:108) ~[modlauncher-10.0.9.jar%2355!/:?]
	at cpw.mods.modlauncher.Launcher.main(Launcher.java:78) ~[modlauncher-10.0.9.jar%2355!/:?]
	at cpw.mods.modlauncher.BootstrapLaunchConsumer.accept(BootstrapLaunchConsumer.java:26) ~[modlauncher-10.0.9.jar%2355!/:?]
	at cpw.mods.modlauncher.BootstrapLaunchConsumer.accept(BootstrapLaunchConsumer.java:23) ~[modlauncher-10.0.9.jar%2355!/:?]
	at cpw.mods.bootstraplauncher.BootstrapLauncher.main(BootstrapLauncher.java:141) ~[bootstraplauncher-1.1.2.jar:?]
[20Aug2025 20:21:14.557] [main/ERROR] [net.minecraft.world.item.crafting.RecipeManager/]: Parsing error loading recipe shieldexp:griefer_shield
com.google.gson.JsonSyntaxException: Unknown item 'savage_and_ravage:blast_proof_plating'
	at net.minecraft.world.item.crafting.ShapedRecipe.m_151280_(ShapedRecipe.java:292) ~[server-1.20.1-20230612.114412-srg.jar%23299!/:?]
	at java.util.Optional.orElseThrow(Optional.java:403) ~[?:?]
	at net.minecraft.world.item.crafting.ShapedRecipe.m_151278_(ShapedRecipe.java:291) ~[server-1.20.1-20230612.114412-srg.jar%23299!/:?]
	at net.minecraft.world.item.crafting.Ingredient.m_43919_(Ingredient.java:219) ~[server-1.20.1-20230612.114412-srg.jar%23299!/:?]
	at net.minecraftforge.common.crafting.VanillaIngredientSerializer.parse(VanillaIngredientSerializer.java:27) ~[forge-1.20.1-47.3.7-universal.jar%23304!/:?]
	at net.minecraftforge.common.crafting.CraftingHelper.getIngredient(CraftingHelper.java:148) ~[forge-1.20.1-47.3.7-universal.jar%23304!/:?]
	at net.minecraft.world.item.crafting.Ingredient.m_288218_(Ingredient.java:194) ~[server-1.20.1-20230612.114412-srg.jar%23299!/:?]
	at net.minecraft.world.item.crafting.ShapedRecipe.m_44210_(ShapedRecipe.java:278) ~[server-1.20.1-20230612.114412-srg.jar%23299!/:?]
	at net.minecraft.world.item.crafting.ShapedRecipe$Serializer.m_6729_(ShapedRecipe.java:306) ~[server-1.20.1-20230612.114412-srg.jar%23299!/:?]
	at net.minecraft.world.item.crafting.ShapedRecipe$Serializer.m_6729_(ShapedRecipe.java:301) ~[server-1.20.1-20230612.114412-srg.jar%23299!/:?]
	at net.minecraftforge.common.extensions.IForgeRecipeSerializer.fromJson(IForgeRecipeSerializer.java:23) ~[forge-1.20.1-47.3.7-universal.jar%23304!/:?]
	at net.minecraft.world.item.crafting.RecipeManager.fromJson(RecipeManager.java:171) ~[server-1.20.1-20230612.114412-srg.jar%23299!/:?]
	at net.minecraft.world.item.crafting.RecipeManager.m_5787_(RecipeManager.java:67) ~[server-1.20.1-20230612.114412-srg.jar%23299!/:?]
	at net.minecraft.world.item.crafting.RecipeManager.m_5787_(RecipeManager.java:34) ~[server-1.20.1-20230612.114412-srg.jar%23299!/:?]
	at net.minecraft.server.packs.resources.SimplePreparableReloadListener.m_10789_(SimplePreparableReloadListener.java:13) ~[server-1.20.1-20230612.114412-srg.jar%23299!/:?]
	at java.util.concurrent.CompletableFuture$UniAccept.tryFire(CompletableFuture.java:718) ~[?:?]
	at java.util.concurrent.CompletableFuture$Completion.run(CompletableFuture.java:482) ~[?:?]
	at net.minecraft.server.packs.resources.SimpleReloadInstance.m_143940_(SimpleReloadInstance.java:69) ~[server-1.20.1-20230612.114412-srg.jar%23299!/:?]
	at net.minecraft.Util.m_214652_(Util.java:783) ~[server-1.20.1-20230612.114412-srg.jar%23299!/:?]
	at net.minecraft.Util.m_214679_(Util.java:772) ~[server-1.20.1-20230612.114412-srg.jar%23299!/:?]
	at net.minecraft.server.Main.main(Main.java:166) ~[server-1.20.1-20230612.114412-srg.jar%23299!/:?]
	at jdk.internal.reflect.NativeMethodAccessorImpl.invoke0(Native Method) ~[?:?]
	at jdk.internal.reflect.NativeMethodAccessorImpl.invoke(NativeMethodAccessorImpl.java:77) ~[?:?]
	at jdk.internal.reflect.DelegatingMethodAccessorImpl.invoke(DelegatingMethodAccessorImpl.java:43) ~[?:?]
	at java.lang.reflect.Method.invoke(Method.java:569) ~[?:?]
	at net.minecraftforge.fml.loading.targets.CommonLaunchHandler.runTarget(CommonLaunchHandler.java:111) ~[fmlloader-1.20.1-47.3.7.jar%2369!/:?]
	at net.minecraftforge.fml.loading.targets.CommonLaunchHandler.serverService(CommonLaunchHandler.java:103) ~[fmlloader-1.20.1-47.3.7.jar%2369!/:?]
	at net.minecraftforge.fml.loading.targets.CommonServerLaunchHandler.lambda$makeService$0(CommonServerLaunchHandler.java:27) ~[fmlloader-1.20.1-47.3.7.jar%2369!/:?]
	at cpw.mods.modlauncher.LaunchServiceHandlerDecorator.launch(LaunchServiceHandlerDecorator.java:30) ~[modlauncher-10.0.9.jar%2355!/:?]
	at cpw.mods.modlauncher.LaunchServiceHandler.launch(LaunchServiceHandler.java:53) ~[modlauncher-10.0.9.jar%2355!/:?]
	at cpw.mods.modlauncher.LaunchServiceHandler.launch(LaunchServiceHandler.java:71) ~[modlauncher-10.0.9.jar%2355!/:?]
	at cpw.mods.modlauncher.Launcher.run(Launcher.java:108) ~[modlauncher-10.0.9.jar%2355!/:?]
	at cpw.mods.modlauncher.Launcher.main(Launcher.java:78) ~[modlauncher-10.0.9.jar%2355!/:?]
	at cpw.mods.modlauncher.BootstrapLaunchConsumer.accept(BootstrapLaunchConsumer.java:26) ~[modlauncher-10.0.9.jar%2355!/:?]
	at cpw.mods.modlauncher.BootstrapLaunchConsumer.accept(BootstrapLaunchConsumer.java:23) ~[modlauncher-10.0.9.jar%2355!/:?]
	at cpw.mods.bootstraplauncher.BootstrapLauncher.main(BootstrapLauncher.java:141) ~[bootstraplauncher-1.1.2.jar:?]
[20Aug2025 20:21:14.563] [main/INFO] [net.minecraft.world.item.crafting.RecipeManager/]: Loaded 18 recipes
[20Aug2025 20:21:14.574] [main/ERROR] [HammerLib/]: Register attachment for RegisterRecipesEvent: org.zeith.hammerlib.core.test.HammerLibRecipeExtension.
[20Aug2025 20:21:14.574] [main/ERROR] [HammerLib/]: Register attachment for RegisterRecipesEvent: org.zeith.improvableskills.api.recipe.Is3RecipeBuilderExtension.
[20Aug2025 20:21:14.598] [main/INFO] [HammerLib/]: Reloading HammerLib recipes...
[20Aug2025 20:21:14.599] [main/INFO] [HammerLib/]: HammerLib injected 16 recipes into recipe map. Removed 0 recipes from the game.
[20Aug2025 20:21:14.602] [main/INFO] [HammerLib/]: Registered 16 additional recipes.
[20Aug2025 20:21:14.602] [main/WARN] [HammerLib/]: Unable to find registry for tag directory tags/functions
[20Aug2025 20:21:14.647] [main/ERROR] [net.minecraft.server.ServerAdvancementManager/]: Parsing error loading custom advancement useless_sword:swordmaster: Expected item to be an item, was unknown string 'useless_sword:withersword'
[20Aug2025 20:21:14.767] [main/INFO] [net.minecraft.advancements.AdvancementList/]: Loaded 3766 advancements
[20Aug2025 20:21:14.773] [main/INFO] [placebo/]: Registered 0 additional recipes.
[20Aug2025 20:21:14.794] [main/INFO] [top.theillusivec4.curios.Curios/]: Loaded 13 curio slots
[20Aug2025 20:21:14.799] [main/INFO] [top.theillusivec4.curios.Curios/]: Loaded 10 curio entities
[20Aug2025 20:21:14.908] [main/INFO] [com.brutalbosses.BrutalBosses/]: Loaded boss variant for: minecraft:drowned
[20Aug2025 20:21:14.908] [main/INFO] [com.brutalbosses.BrutalBosses/]: Loaded boss variant for: minecraft:iron_golem
[20Aug2025 20:21:14.908] [main/INFO] [com.brutalbosses.BrutalBosses/]: Loaded boss variant for: minecraft:snow_golem
[20Aug2025 20:21:14.908] [main/INFO] [com.brutalbosses.BrutalBosses/]: Loaded boss variant for: minecraft:zombie
[20Aug2025 20:21:14.908] [main/INFO] [com.brutalbosses.BrutalBosses/]: Loaded boss variant for: minecraft:skeleton
[20Aug2025 20:21:14.909] [main/INFO] [com.brutalbosses.BrutalBosses/]: Loaded boss variant for: minecraft:pillager
[20Aug2025 20:21:14.909] [main/INFO] [com.brutalbosses.BrutalBosses/]: Loaded boss variant for: minecraft:vex
[20Aug2025 20:21:14.909] [main/INFO] [com.brutalbosses.BrutalBosses/]: Loaded boss variant for: minecraft:evoker
[20Aug2025 20:21:14.909] [main/INFO] [com.brutalbosses.BrutalBosses/]: Loaded boss variant for: minecraft:zombie
[20Aug2025 20:21:14.910] [main/INFO] [com.brutalbosses.BrutalBosses/]: Loaded boss variant for: minecraft:vindicator
[20Aug2025 20:21:14.910] [main/INFO] [com.brutalbosses.BrutalBosses/]: Loaded boss variant for: minecraft:wither_skeleton
[20Aug2025 20:21:14.910] [main/INFO] [com.brutalbosses.BrutalBosses/]: Loaded boss variant for: minecraft:wither_skeleton
[20Aug2025 20:21:14.910] [main/INFO] [com.brutalbosses.BrutalBosses/]: Loaded boss variant for: minecraft:cave_spider
[20Aug2025 20:21:14.910] [main/INFO] [com.brutalbosses.BrutalBosses/]: Loaded boss variant for: minecraft:zombie
[20Aug2025 20:21:14.910] [main/INFO] [com.brutalbosses.BrutalBosses/]: Loaded boss variant for: minecraft:husk
[20Aug2025 20:21:14.910] [main/INFO] [com.brutalbosses.BrutalBosses/]: Loaded boss variant for: minecraft:evoker
[20Aug2025 20:21:14.911] [main/INFO] [com.brutalbosses.BrutalBosses/]: Loaded boss variant for: minecraft:wandering_trader
[20Aug2025 20:21:14.911] [main/INFO] [com.brutalbosses.BrutalBosses/]: Loaded boss variant for: minecraft:guardian
[20Aug2025 20:21:14.911] [main/INFO] [com.brutalbosses.BrutalBosses/]: Loaded boss variant for: minecraft:vindicator
[20Aug2025 20:21:14.911] [main/INFO] [com.brutalbosses.BrutalBosses/]: Loaded boss variant for: minecraft:shulker
[20Aug2025 20:21:14.911] [main/INFO] [com.brutalbosses.BrutalBosses/]: Loaded boss variant for: minecraft:zoglin
[20Aug2025 20:21:14.911] [main/INFO] [com.brutalbosses.BrutalBosses/]: Loaded boss variant for: minecraft:chicken
[20Aug2025 20:21:14.911] [main/INFO] [com.brutalbosses.BrutalBosses/]: Loaded boss variant for: minecraft:blaze
[20Aug2025 20:21:14.911] [main/INFO] [com.brutalbosses.BrutalBosses/]: Loaded boss variant for: minecraft:witch
[20Aug2025 20:21:14.911] [main/INFO] [com.brutalbosses.BrutalBosses/]: Loaded boss variant for: minecraft:phantom
[20Aug2025 20:21:14.911] [main/INFO] [com.brutalbosses.BrutalBosses/]: Loaded boss variant for: minecraft:mooshroom
[20Aug2025 20:21:14.912] [main/INFO] [com.brutalbosses.BrutalBosses/]: Loaded boss variant for: minecraft:rabbit
[20Aug2025 20:21:14.912] [main/INFO] [com.brutalbosses.BrutalBosses/]: Loaded boss variant for: minecraft:piglin_brute
[20Aug2025 20:21:14.912] [main/INFO] [com.brutalbosses.BrutalBosses/]: Loaded boss variant for: minecraft:ghast
[20Aug2025 20:21:14.912] [main/INFO] [com.brutalbosses.BrutalBosses/]: Loaded boss variant for: minecraft:stray
[20Aug2025 20:21:14.914] [main/INFO] [placebo/]: Registered 0 gear_sets.
[20Aug2025 20:21:16.265] [Server thread/INFO] [net.minecraft.server.dedicated.DedicatedServer/]: Starting minecraft server version 1.20.1
[20Aug2025 20:21:16.265] [Server thread/INFO] [net.minecraft.server.dedicated.DedicatedServer/]: Loading properties
[20Aug2025 20:21:16.265] [Server thread/INFO] [net.minecraft.server.dedicated.DedicatedServer/]: Default game type: SURVIVAL
[20Aug2025 20:21:16.265] [Server thread/INFO] [net.minecraft.server.MinecraftServer/]: Generating keypair
[20Aug2025 20:21:16.374] [Server thread/INFO] [net.minecraft.server.dedicated.DedicatedServer/]: Starting Minecraft server on *:25565
[20Aug2025 20:21:16.399] [Server thread/INFO] [net.minecraft.server.network.ServerConnectionListener/]: Using epoll channel type
[20Aug2025 20:21:16.489] [Server thread/WARN] [net.minecraft.server.dedicated.DedicatedServer/]: **** SERVER IS RUNNING IN OFFLINE/INSECURE MODE!
[20Aug2025 20:21:16.489] [Server thread/WARN] [net.minecraft.server.dedicated.DedicatedServer/]: The server will make no attempt to authenticate usernames. Beware.
[20Aug2025 20:21:16.490] [Server thread/WARN] [net.minecraft.server.dedicated.DedicatedServer/]: While this makes the game possible to play without internet access, it also opens up the ability for hackers to connect with any username they choose.
[20Aug2025 20:21:16.490] [Server thread/WARN] [net.minecraft.server.dedicated.DedicatedServer/]: To change this, set "online-mode" to "true" in the server.properties file.
[20Aug2025 20:21:16.515] [Server thread/INFO] [Puzzles Lib/]: Loading server config for pickupnotifier
[20Aug2025 20:21:16.516] [Thread-2/INFO] [Puzzles Lib/]: Reloading server config for pickupnotifier
[20Aug2025 20:21:16.533] [Server thread/INFO] [Puzzles Lib/]: Loading server config for enchantinginfuser
[20Aug2025 20:21:16.536] [Server thread/INFO] [journeymap/]: Loading JourneyMap Forge Configs
[20Aug2025 20:21:16.537] [Thread-2/INFO] [Puzzles Lib/]: Reloading server config for enchantinginfuser
[20Aug2025 20:21:16.646] [Server thread/INFO] [Framework/]: Loading server configs...
[20Aug2025 20:21:16.668] [Server thread/INFO] [terrablender/]: Registered region minecraft:overworld to index 0 for type OVERWORLD
[20Aug2025 20:21:16.668] [Server thread/INFO] [terrablender/]: Registered region minecraft:nether to index 0 for type NETHER
[20Aug2025 20:21:16.779] [Server thread/INFO] [terrablender/]: Initialized TerraBlender biomes for level stem minecraft:overworld
[20Aug2025 20:21:16.780] [Server thread/INFO] [terrablender/]: Initialized TerraBlender biomes for level stem minecraft:the_nether
[20Aug2025 20:21:16.780] [Server thread/INFO] [net.minecraft.server.dedicated.DedicatedServer/]: Preparing level "world"
[20Aug2025 20:21:17.219] [Server thread/WARN] [yungsapi/]: WARNING: block Block{minecraft:coal_ore} added to BlockStateRandomizer exceeds max probabiltiy of 1!
[20Aug2025 20:21:17.659] [Server thread/WARN] [net.minecraft.network.syncher.SynchedEntityData/]: defineId called for: class forge.net.mca.entity.ZombieVillagerEntityMCA from class forge.net.mca.util.network.datasync.CDataParameter
[20Aug2025 20:21:17.660] [Server thread/WARN] [net.minecraft.network.syncher.SynchedEntityData/]: defineId called for: class forge.net.mca.entity.ZombieVillagerEntityMCA from class forge.net.mca.util.network.datasync.CDataParameter
[20Aug2025 20:21:17.661] [Server thread/WARN] [net.minecraft.network.syncher.SynchedEntityData/]: defineId called for: class forge.net.mca.entity.ZombieVillagerEntityMCA from class forge.net.mca.util.network.datasync.CDataParameter
[20Aug2025 20:21:17.663] [Server thread/WARN] [net.minecraft.network.syncher.SynchedEntityData/]: defineId called for: class forge.net.mca.entity.ZombieVillagerEntityMCA from class forge.net.mca.util.network.datasync.CDataParameter
[20Aug2025 20:21:17.664] [Server thread/WARN] [net.minecraft.network.syncher.SynchedEntityData/]: defineId called for: class forge.net.mca.entity.ZombieVillagerEntityMCA from class forge.net.mca.util.network.datasync.CDataParameter
[20Aug2025 20:21:17.665] [Server thread/WARN] [net.minecraft.network.syncher.SynchedEntityData/]: defineId called for: class forge.net.mca.entity.ZombieVillagerEntityMCA from class forge.net.mca.util.network.datasync.CDataParameter
[20Aug2025 20:21:17.666] [Server thread/WARN] [net.minecraft.network.syncher.SynchedEntityData/]: defineId called for: class forge.net.mca.entity.ZombieVillagerEntityMCA from class forge.net.mca.util.network.datasync.CDataParameter
[20Aug2025 20:21:17.667] [Server thread/WARN] [net.minecraft.network.syncher.SynchedEntityData/]: defineId called for: class forge.net.mca.entity.ZombieVillagerEntityMCA from class forge.net.mca.util.network.datasync.CEnumParameter
[20Aug2025 20:21:17.668] [Server thread/WARN] [net.minecraft.network.syncher.SynchedEntityData/]: defineId called for: class forge.net.mca.entity.ZombieVillagerEntityMCA from class forge.net.mca.util.network.datasync.CDataParameter
[20Aug2025 20:21:17.669] [Server thread/WARN] [net.minecraft.network.syncher.SynchedEntityData/]: defineId called for: class forge.net.mca.entity.ZombieVillagerEntityMCA from class forge.net.mca.util.network.datasync.CDataParameter
[20Aug2025 20:21:17.670] [Server thread/WARN] [net.minecraft.network.syncher.SynchedEntityData/]: defineId called for: class forge.net.mca.entity.ZombieVillagerEntityMCA from class forge.net.mca.util.network.datasync.CDataParameter
[20Aug2025 20:21:17.671] [Server thread/WARN] [net.minecraft.network.syncher.SynchedEntityData/]: defineId called for: class forge.net.mca.entity.ZombieVillagerEntityMCA from class forge.net.mca.util.network.datasync.CDataParameter
[20Aug2025 20:21:17.673] [Server thread/WARN] [net.minecraft.network.syncher.SynchedEntityData/]: defineId called for: class forge.net.mca.entity.ZombieVillagerEntityMCA from class forge.net.mca.util.network.datasync.CDataParameter
[20Aug2025 20:21:17.674] [Server thread/WARN] [net.minecraft.network.syncher.SynchedEntityData/]: defineId called for: class forge.net.mca.entity.ZombieVillagerEntityMCA from class forge.net.mca.util.network.datasync.CDataParameter
[20Aug2025 20:21:17.675] [Server thread/WARN] [net.minecraft.network.syncher.SynchedEntityData/]: defineId called for: class forge.net.mca.entity.ZombieVillagerEntityMCA from class forge.net.mca.util.network.datasync.CDataParameter
[20Aug2025 20:21:17.676] [Server thread/WARN] [net.minecraft.network.syncher.SynchedEntityData/]: defineId called for: class forge.net.mca.entity.ZombieVillagerEntityMCA from class forge.net.mca.util.network.datasync.CDataParameter
[20Aug2025 20:21:17.677] [Server thread/WARN] [net.minecraft.network.syncher.SynchedEntityData/]: defineId called for: class forge.net.mca.entity.ZombieVillagerEntityMCA from class forge.net.mca.util.network.datasync.CDataParameter
[20Aug2025 20:21:17.678] [Server thread/WARN] [net.minecraft.network.syncher.SynchedEntityData/]: defineId called for: class forge.net.mca.entity.ZombieVillagerEntityMCA from class forge.net.mca.util.network.datasync.CDataParameter
[20Aug2025 20:21:17.679] [Server thread/WARN] [net.minecraft.network.syncher.SynchedEntityData/]: defineId called for: class forge.net.mca.entity.ZombieVillagerEntityMCA from class forge.net.mca.util.network.datasync.CDataParameter
[20Aug2025 20:21:17.679] [Server thread/WARN] [net.minecraft.network.syncher.SynchedEntityData/]: defineId called for: class forge.net.mca.entity.ZombieVillagerEntityMCA from class forge.net.mca.util.network.datasync.CEnumParameter
[20Aug2025 20:21:17.680] [Server thread/WARN] [net.minecraft.network.syncher.SynchedEntityData/]: defineId called for: class forge.net.mca.entity.ZombieVillagerEntityMCA from class forge.net.mca.util.network.datasync.CDataParameter
[20Aug2025 20:21:17.682] [Server thread/WARN] [net.minecraft.network.syncher.SynchedEntityData/]: defineId called for: class forge.net.mca.entity.ZombieVillagerEntityMCA from class forge.net.mca.util.network.datasync.CDataParameter
[20Aug2025 20:21:17.682] [Server thread/WARN] [net.minecraft.network.syncher.SynchedEntityData/]: defineId called for: class forge.net.mca.entity.ZombieVillagerEntityMCA from class forge.net.mca.util.network.datasync.CEnumParameter
[20Aug2025 20:21:17.683] [Server thread/WARN] [net.minecraft.network.syncher.SynchedEntityData/]: defineId called for: class forge.net.mca.entity.ZombieVillagerEntityMCA from class forge.net.mca.util.network.datasync.CDataParameter
[20Aug2025 20:21:17.684] [Server thread/WARN] [net.minecraft.network.syncher.SynchedEntityData/]: defineId called for: class forge.net.mca.entity.ZombieVillagerEntityMCA from class forge.net.mca.util.network.datasync.CEnumParameter
[20Aug2025 20:21:17.685] [Server thread/WARN] [net.minecraft.network.syncher.SynchedEntityData/]: defineId called for: class forge.net.mca.entity.ZombieVillagerEntityMCA from class forge.net.mca.util.network.datasync.CEnumParameter
[20Aug2025 20:21:17.686] [Server thread/WARN] [net.minecraft.network.syncher.SynchedEntityData/]: defineId called for: class forge.net.mca.entity.ZombieVillagerEntityMCA from class forge.net.mca.util.network.datasync.CDataParameter
[20Aug2025 20:21:17.687] [Server thread/WARN] [net.minecraft.network.syncher.SynchedEntityData/]: defineId called for: class forge.net.mca.entity.ZombieVillagerEntityMCA from class forge.net.mca.util.network.datasync.CDataParameter
[20Aug2025 20:21:17.688] [Server thread/WARN] [net.minecraft.network.syncher.SynchedEntityData/]: defineId called for: class forge.net.mca.entity.ZombieVillagerEntityMCA from class forge.net.mca.util.network.datasync.CDataParameter
[20Aug2025 20:21:17.688] [Server thread/WARN] [net.minecraft.network.syncher.SynchedEntityData/]: defineId called for: class forge.net.mca.entity.ZombieVillagerEntityMCA from class forge.net.mca.util.network.datasync.CDataParameter
[20Aug2025 20:21:17.689] [Server thread/WARN] [net.minecraft.network.syncher.SynchedEntityData/]: defineId called for: class forge.net.mca.entity.ZombieVillagerEntityMCA from class forge.net.mca.util.network.datasync.CDataParameter
[20Aug2025 20:21:17.691] [Server thread/WARN] [net.minecraft.network.syncher.SynchedEntityData/]: defineId called for: class forge.net.mca.entity.ZombieVillagerEntityMCA from class forge.net.mca.util.network.datasync.CDataParameter
[20Aug2025 20:21:17.692] [Server thread/WARN] [net.minecraft.network.syncher.SynchedEntityData/]: defineId called for: class forge.net.mca.entity.ZombieVillagerEntityMCA from class forge.net.mca.util.network.datasync.CDataParameter
[20Aug2025 20:21:17.692] [Server thread/WARN] [net.minecraft.network.syncher.SynchedEntityData/]: defineId called for: class forge.net.mca.entity.ZombieVillagerEntityMCA from class forge.net.mca.util.network.datasync.CDataParameter
[20Aug2025 20:21:17.693] [Server thread/WARN] [net.minecraft.network.syncher.SynchedEntityData/]: defineId called for: class forge.net.mca.entity.ZombieVillagerEntityMCA from class forge.net.mca.util.network.datasync.CDataParameter
[20Aug2025 20:21:17.694] [Server thread/WARN] [net.minecraft.network.syncher.SynchedEntityData/]: defineId called for: class forge.net.mca.entity.ZombieVillagerEntityMCA from class forge.net.mca.util.network.datasync.CDataParameter
[20Aug2025 20:21:17.695] [Server thread/WARN] [net.minecraft.network.syncher.SynchedEntityData/]: defineId called for: class forge.net.mca.entity.ZombieVillagerEntityMCA from class forge.net.mca.util.network.datasync.CDataParameter
[20Aug2025 20:21:20.521] [Server thread/WARN] [yungsapi/]: WARNING: block Block{minecraft:coal_ore} added to BlockStateRandomizer exceeds max probabiltiy of 1!
[20Aug2025 20:21:20.538] [Server thread/WARN] [yungsapi/]: WARNING: block Block{minecraft:coal_ore} added to BlockStateRandomizer exceeds max probabiltiy of 1!
[20Aug2025 20:21:20.545] [Server thread/INFO] [net.minecraft.server.MinecraftServer/]: Preparing start region for dimension minecraft:overworld
[20Aug2025 20:21:28.988] [Server thread/INFO] [net.minecraft.server.level.progress.LoggerChunkProgressListener/]: Time elapsed: 864556 ms
[20Aug2025 20:21:28.988] [Server thread/INFO] [net.minecraft.server.dedicated.DedicatedServer/]: Done (12.484s)! For help, type "help"
[20Aug2025 20:21:29.058] [Server thread/INFO] [net.minecraftforge.server.permission.PermissionAPI/]: Successfully initialized permission handler forge:default_handler
[20Aug2025 20:21:29.094] [Server thread/INFO] [com.cupboard.Cupboard/]: Loaded config for: brutalbosses.json
[20Aug2025 20:21:29.109] [Server thread/INFO] [atomicstryker.infernalmobs.common.InfernalMobsCore/]: item config parser finished, item count: 14
[20Aug2025 20:21:29.109] [Server thread/INFO] [atomicstryker.infernalmobs.common.InfernalMobsCore/]: item config parser finished, item count: 17
[20Aug2025 20:21:29.110] [Server thread/INFO] [atomicstryker.infernalmobs.common.InfernalMobsCore/]: item config parser finished, item count: 16
[20Aug2025 20:21:29.110] [Server thread/INFO] [atomicstryker.infernalmobs.common.InfernalMobsCore/]: InfernalMobsCore commonSetup completed! Modifiers ready: 28
[20Aug2025 20:21:29.110] [Server thread/INFO] [atomicstryker.infernalmobs.common.InfernalMobsCore/]: InfernalMobsCore commonSetup completed! config file at: /workspaces/Los-Parceritos/servidor_minecraft/./config/infernalmobs.cfg
[20Aug2025 20:21:32.566] [Server thread/WARN] [net.minecraft.server.MinecraftServer/]: Can't keep up! Is the server overloaded? Running 2004ms or 40 ticks behind
[20Aug2025 20:24:23.567] [Server thread/INFO] [net.minecraft.server.MinecraftServer/]: Unknown or incomplete command, see below for error
[20Aug2025 20:24:23.567] [Server thread/INFO] [net.minecraft.server.MinecraftServer/]: ping<--[HERE]
[20Aug2025 20:24:35.613] [Server thread/INFO] [net.minecraft.server.MinecraftServer/]: Unknown or incomplete command, see below for error
[20Aug2025 20:24:35.614] [Server thread/INFO] [net.minecraft.server.MinecraftServer/]: ms<--[HERE]
[20Aug2025 20:24:46.463] [Server thread/INFO] [net.minecraft.server.MinecraftServer/]: Unknown or incomplete command, see below for error
[20Aug2025 20:24:46.464] [Server thread/INFO] [net.minecraft.server.MinecraftServer/]: fps<--[HERE]
[20Aug2025 20:39:55.175] [Server thread/WARN] [net.minecraft.network.syncher.SynchedEntityData/]: defineId called for: class net.minecraft.world.entity.player.Player from class tschipp.carryon.common.carry.CarryOnDataManager
[20Aug2025 20:39:55.240] [Server thread/INFO] [net.minecraft.server.players.PlayerList/]: AndresArevaloT[/127.210.30.249:49483] logged in with entity id 795 at (-2358.5, 100.0, 834.5)
[20Aug2025 20:39:55.375] [Server thread/INFO] [net.minecraft.server.MinecraftServer/]: AndresArevaloT joined the game
[20Aug2025 20:39:55.785] [Server thread/INFO] [Jade/]: Syncing config to AndresArevaloT (db8016b8-73d6-390f-bf06-91878b6ecb20)
[20Aug2025 20:39:57.754] [Server thread/INFO] [net.minecraft.server.MinecraftServer/]: AndresArevaloT has made the advancement [Minecraft Comes Alive]
[20Aug2025 20:40:00.649] [Server thread/INFO] [ImprovableSkills/]: Sending skill data to AndresArevaloT (db8016b8-73d6-390f-bf06-91878b6ecb20)
[20Aug2025 20:44:51.335] [Server thread/WARN] [net.minecraft.server.level.ServerPlayerGameMode/]: Mismatch in destroy block pos: BlockPos{x=0, y=0, z=0} BlockPos{x=-2368, y=96, z=842}
[20Aug2025 20:44:51.387] [Server thread/WARN] [net.minecraft.server.level.ServerPlayerGameMode/]: Mismatch in destroy block pos: BlockPos{x=0, y=0, z=0} BlockPos{x=-2369, y=95, z=841}
[20Aug2025 20:45:03.835] [Server thread/WARN] [net.minecraft.server.level.ServerPlayerGameMode/]: Mismatch in destroy block pos: BlockPos{x=0, y=0, z=0} BlockPos{x=-2369, y=95, z=846}
[20Aug2025 20:45:06.835] [Server thread/WARN] [net.minecraft.server.level.ServerPlayerGameMode/]: Mismatch in destroy block pos: BlockPos{x=0, y=0, z=0} BlockPos{x=-2370, y=97, z=846}
[20Aug2025 20:45:14.985] [Server thread/WARN] [net.minecraft.server.level.ServerPlayerGameMode/]: Mismatch in destroy block pos: BlockPos{x=0, y=0, z=0} BlockPos{x=-2368, y=96, z=842}
[20Aug2025 20:45:30.251] [Server thread/WARN] [net.minecraft.server.MinecraftServer/]: Can't keep up! Is the server overloaded? Running 2839ms or 56 ticks behind
[20Aug2025 20:45:32.834] [Worker-Main-29/WARN] [lithostitched/]: Non-existent template pool reference: revampedvillages:mansion/bottom_back_left
[20Aug2025 20:45:32.946] [Worker-Main-29/WARN] [lithostitched/]: Non-existent template pool reference: revampedvillages:mansion/bottom_back_left
[20Aug2025 20:46:31.293] [Server thread/WARN] [net.minecraft.server.level.ServerPlayerGameMode/]: Mismatch in destroy block pos: BlockPos{x=0, y=0, z=0} BlockPos{x=-2370, y=95, z=848}
[20Aug2025 20:46:31.384] [Server thread/WARN] [net.minecraft.server.level.ServerPlayerGameMode/]: Mismatch in destroy block pos: BlockPos{x=0, y=0, z=0} BlockPos{x=-2370, y=95, z=847}
[20Aug2025 20:46:31.435] [Server thread/WARN] [net.minecraft.server.level.ServerPlayerGameMode/]: Mismatch in destroy block pos: BlockPos{x=0, y=0, z=0} BlockPos{x=-2370, y=96, z=847}
[20Aug2025 20:46:31.489] [Server thread/WARN] [net.minecraft.server.level.ServerPlayerGameMode/]: Mismatch in destroy block pos: BlockPos{x=0, y=0, z=0} BlockPos{x=-2370, y=95, z=847}
[20Aug2025 20:46:31.639] [Server thread/WARN] [net.minecraft.server.level.ServerPlayerGameMode/]: Mismatch in destroy block pos: BlockPos{x=0, y=0, z=0} BlockPos{x=-2370, y=95, z=848}
[20Aug2025 20:46:31.785] [Server thread/WARN] [net.minecraft.server.level.ServerPlayerGameMode/]: Mismatch in destroy block pos: BlockPos{x=0, y=0, z=0} BlockPos{x=-2370, y=96, z=847}
[20Aug2025 20:46:31.833] [Server thread/WARN] [net.minecraft.server.level.ServerPlayerGameMode/]: Mismatch in destroy block pos: BlockPos{x=0, y=0, z=0} BlockPos{x=-2370, y=96, z=848}
[20Aug2025 20:46:32.653] [Server thread/WARN] [net.minecraft.server.level.ServerPlayerGameMode/]: Mismatch in destroy block pos: BlockPos{x=0, y=0, z=0} BlockPos{x=-2367, y=96, z=846}
[20Aug2025 20:46:32.734] [Server thread/WARN] [net.minecraft.server.level.ServerPlayerGameMode/]: Mismatch in destroy block pos: BlockPos{x=0, y=0, z=0} BlockPos{x=-2367, y=97, z=846}
[20Aug2025 20:46:33.834] [Server thread/WARN] [net.minecraft.server.level.ServerPlayerGameMode/]: Mismatch in destroy block pos: BlockPos{x=0, y=0, z=0} BlockPos{x=-2367, y=97, z=846}
[20Aug2025 20:46:40.437] [Server thread/WARN] [net.minecraft.server.level.ServerPlayerGameMode/]: Mismatch in destroy block pos: BlockPos{x=0, y=0, z=0} BlockPos{x=-2368, y=96, z=842}
[20Aug2025 20:46:48.737] [Server thread/WARN] [net.minecraft.server.level.ServerPlayerGameMode/]: Mismatch in destroy block pos: BlockPos{x=0, y=0, z=0} BlockPos{x=-2368, y=98, z=842}
[20Aug2025 20:46:48.786] [Server thread/WARN] [net.minecraft.server.level.ServerPlayerGameMode/]: Mismatch in destroy block pos: BlockPos{x=0, y=0, z=0} BlockPos{x=-2368, y=98, z=842}
[20Aug2025 20:46:48.885] [Server thread/WARN] [net.minecraft.server.level.ServerPlayerGameMode/]: Mismatch in destroy block pos: BlockPos{x=0, y=0, z=0} BlockPos{x=-2368, y=96, z=842}
[20Aug2025 20:46:49.035] [Server thread/WARN] [net.minecraft.server.level.ServerPlayerGameMode/]: Mismatch in destroy block pos: BlockPos{x=0, y=0, z=0} BlockPos{x=-2368, y=96, z=842}
[20Aug2025 20:46:49.190] [Server thread/WARN] [net.minecraft.server.level.ServerPlayerGameMode/]: Mismatch in destroy block pos: BlockPos{x=0, y=0, z=0} BlockPos{x=-2368, y=96, z=842}
[20Aug2025 20:46:49.336] [Server thread/WARN] [net.minecraft.server.level.ServerPlayerGameMode/]: Mismatch in destroy block pos: BlockPos{x=0, y=0, z=0} BlockPos{x=-2368, y=96, z=842}
[20Aug2025 20:46:49.492] [Server thread/WARN] [net.minecraft.server.level.ServerPlayerGameMode/]: Mismatch in destroy block pos: BlockPos{x=0, y=0, z=0} BlockPos{x=-2368, y=96, z=842}
[20Aug2025 20:46:49.685] [Server thread/WARN] [net.minecraft.server.level.ServerPlayerGameMode/]: Mismatch in destroy block pos: BlockPos{x=0, y=0, z=0} BlockPos{x=-2368, y=96, z=842}
[20Aug2025 20:46:49.785] [Server thread/WARN] [net.minecraft.server.level.ServerPlayerGameMode/]: Mismatch in destroy block pos: BlockPos{x=0, y=0, z=0} BlockPos{x=-2368, y=96, z=842}
[20Aug2025 20:46:49.938] [Server thread/WARN] [net.minecraft.server.level.ServerPlayerGameMode/]: Mismatch in destroy block pos: BlockPos{x=0, y=0, z=0} BlockPos{x=-2368, y=96, z=842}
[20Aug2025 20:46:55.688] [Server thread/INFO] [net.minecraft.server.MinecraftServer/]: AndresArevaloT has made the advancement [Alex's Mobs]
[20Aug2025 20:47:03.885] [Server thread/WARN] [net.minecraft.server.level.ServerPlayerGameMode/]: Mismatch in destroy block pos: BlockPos{x=0, y=0, z=0} BlockPos{x=-2369, y=95, z=842}
[20Aug2025 20:47:03.988] [Server thread/WARN] [net.minecraft.server.level.ServerPlayerGameMode/]: Mismatch in destroy block pos: BlockPos{x=0, y=0, z=0} BlockPos{x=-2368, y=96, z=842}
[20Aug2025 20:47:04.088] [Server thread/WARN] [net.minecraft.server.level.ServerPlayerGameMode/]: Mismatch in destroy block pos: BlockPos{x=0, y=0, z=0} BlockPos{x=-2369, y=95, z=842}
[20Aug2025 20:47:04.735] [Server thread/WARN] [net.minecraft.server.level.ServerPlayerGameMode/]: Mismatch in destroy block pos: BlockPos{x=0, y=0, z=0} BlockPos{x=-2369, y=95, z=842}
[20Aug2025 20:47:05.187] [Server thread/WARN] [net.minecraft.server.level.ServerPlayerGameMode/]: Mismatch in destroy block pos: BlockPos{x=0, y=0, z=0} BlockPos{x=-2368, y=96, z=842}
[20Aug2025 20:47:05.488] [Server thread/WARN] [net.minecraft.server.level.ServerPlayerGameMode/]: Mismatch in destroy block pos: BlockPos{x=0, y=0, z=0} BlockPos{x=-2369, y=95, z=842}
[20Aug2025 20:47:05.587] [Server thread/WARN] [net.minecraft.server.level.ServerPlayerGameMode/]: Mismatch in destroy block pos: BlockPos{x=0, y=0, z=0} BlockPos{x=-2368, y=96, z=842}
[20Aug2025 20:47:06.386] [Server thread/WARN] [net.minecraft.server.level.ServerPlayerGameMode/]: Mismatch in destroy block pos: BlockPos{x=0, y=0, z=0} BlockPos{x=-2369, y=96, z=840}
[20Aug2025 20:47:06.435] [Server thread/WARN] [net.minecraft.server.level.ServerPlayerGameMode/]: Mismatch in destroy block pos: BlockPos{x=0, y=0, z=0} BlockPos{x=-2369, y=96, z=840}
[20Aug2025 20:47:09.289] [Server thread/WARN] [net.minecraft.server.level.ServerPlayerGameMode/]: Mismatch in destroy block pos: BlockPos{x=0, y=0, z=0} BlockPos{x=-2370, y=97, z=839}
[20Aug2025 20:47:09.490] [Server thread/WARN] [net.minecraft.server.level.ServerPlayerGameMode/]: Mismatch in destroy block pos: BlockPos{x=0, y=0, z=0} BlockPos{x=-2369, y=97, z=840}
[20Aug2025 20:47:09.786] [Server thread/WARN] [net.minecraft.server.level.ServerPlayerGameMode/]: Mismatch in destroy block pos: BlockPos{x=0, y=0, z=0} BlockPos{x=-2370, y=97, z=839}
[20Aug2025 20:47:54.337] [Server thread/INFO] [net.minecraft.server.network.ServerGamePacketListenerImpl/]: AndresArevaloT lost connection: Disconnected
[20Aug2025 20:47:54.337] [Server thread/INFO] [net.minecraft.server.MinecraftServer/]: AndresArevaloT left the game
[20Aug2025 20:48:00.555] [Server thread/INFO] [net.minecraft.server.players.PlayerList/]: AndresArevaloT[/127.210.30.249:60521] logged in with entity id 1606 at (-2367.300000011921, 96.0, 843.8829283712945)
[20Aug2025 20:48:00.573] [Server thread/INFO] [net.minecraft.server.MinecraftServer/]: AndresArevaloT joined the game
[20Aug2025 20:48:00.675] [Server thread/INFO] [Jade/]: Syncing config to AndresArevaloT (db8016b8-73d6-390f-bf06-91878b6ecb20)
[20Aug2025 20:48:00.795] [Server thread/INFO] [ImprovableSkills/]: Sending skill data to AndresArevaloT (db8016b8-73d6-390f-bf06-91878b6ecb20)
[20Aug2025 20:48:51.184] [Server thread/WARN] [net.minecraft.server.level.ServerPlayerGameMode/]: Mismatch in destroy block pos: BlockPos{x=0, y=0, z=0} BlockPos{x=-2370, y=96, z=842}
[20Aug2025 20:48:52.888] [Server thread/WARN] [net.minecraft.server.level.ServerPlayerGameMode/]: Mismatch in destroy block pos: BlockPos{x=0, y=0, z=0} BlockPos{x=-2370, y=96, z=840}
[20Aug2025 20:48:52.992] [Server thread/WARN] [net.minecraft.server.level.ServerPlayerGameMode/]: Mismatch in destroy block pos: BlockPos{x=0, y=0, z=0} BlockPos{x=-2370, y=96, z=840}
[20Aug2025 20:48:53.037] [Server thread/WARN] [net.minecraft.server.level.ServerPlayerGameMode/]: Mismatch in destroy block pos: BlockPos{x=0, y=0, z=0} BlockPos{x=-2369, y=96, z=840}
[20Aug2025 20:48:53.187] [Server thread/WARN] [net.minecraft.server.level.ServerPlayerGameMode/]: Mismatch in destroy block pos: BlockPos{x=0, y=0, z=0} BlockPos{x=-2369, y=96, z=840}
[20Aug2025 20:48:53.337] [Server thread/WARN] [net.minecraft.server.level.ServerPlayerGameMode/]: Mismatch in destroy block pos: BlockPos{x=0, y=0, z=0} BlockPos{x=-2369, y=96, z=840}
[20Aug2025 20:48:53.492] [Server thread/WARN] [net.minecraft.server.level.ServerPlayerGameMode/]: Mismatch in destroy block pos: BlockPos{x=0, y=0, z=0} BlockPos{x=-2369, y=96, z=840}
[20Aug2025 20:48:53.637] [Server thread/WARN] [net.minecraft.server.level.ServerPlayerGameMode/]: Mismatch in destroy block pos: BlockPos{x=0, y=0, z=0} BlockPos{x=-2369, y=96, z=840}
[20Aug2025 20:48:53.788] [Server thread/WARN] [net.minecraft.server.level.ServerPlayerGameMode/]: Mismatch in destroy block pos: BlockPos{x=0, y=0, z=0} BlockPos{x=-2369, y=96, z=840}
[20Aug2025 20:48:53.938] [Server thread/WARN] [net.minecraft.server.level.ServerPlayerGameMode/]: Mismatch in destroy block pos: BlockPos{x=0, y=0, z=0} BlockPos{x=-2369, y=96, z=840}
[20Aug2025 20:48:54.090] [Server thread/WARN] [net.minecraft.server.level.ServerPlayerGameMode/]: Mismatch in destroy block pos: BlockPos{x=0, y=0, z=0} BlockPos{x=-2369, y=96, z=840}
[20Aug2025 20:48:54.888] [Server thread/WARN] [net.minecraft.server.level.ServerPlayerGameMode/]: Mismatch in destroy block pos: BlockPos{x=0, y=0, z=0} BlockPos{x=-2370, y=96, z=840}
[20Aug2025 20:48:55.136] [Server thread/WARN] [net.minecraft.server.level.ServerPlayerGameMode/]: Mismatch in destroy block pos: BlockPos{x=0, y=0, z=0} BlockPos{x=-2370, y=95, z=841}
[20Aug2025 20:48:55.489] [Server thread/WARN] [net.minecraft.server.level.ServerPlayerGameMode/]: Mismatch in destroy block pos: BlockPos{x=0, y=0, z=0} BlockPos{x=-2370, y=96, z=840}
[20Aug2025 20:48:55.535] [Server thread/WARN] [net.minecraft.server.level.ServerPlayerGameMode/]: Mismatch in destroy block pos: BlockPos{x=0, y=0, z=0} BlockPos{x=-2370, y=95, z=841}
[20Aug2025 20:48:55.587] [Server thread/WARN] [net.minecraft.server.level.ServerPlayerGameMode/]: Mismatch in destroy block pos: BlockPos{x=0, y=0, z=0} BlockPos{x=-2370, y=96, z=842}
[20Aug2025 20:48:58.735] [Server thread/WARN] [net.minecraft.server.level.ServerPlayerGameMode/]: Mismatch in destroy block pos: BlockPos{x=0, y=0, z=0} BlockPos{x=-2370, y=98, z=847}
[20Aug2025 20:48:58.785] [Server thread/WARN] [net.minecraft.server.level.ServerPlayerGameMode/]: Mismatch in destroy block pos: BlockPos{x=0, y=0, z=0} BlockPos{x=-2370, y=98, z=848}
[20Aug2025 20:49:05.433] [Server thread/WARN] [net.minecraft.server.level.ServerPlayerGameMode/]: Mismatch in destroy block pos: BlockPos{x=0, y=0, z=0} BlockPos{x=-2369, y=98, z=847}
[20Aug2025 20:49:06.786] [Server thread/WARN] [net.minecraft.server.level.ServerPlayerGameMode/]: Mismatch in destroy block pos: BlockPos{x=0, y=0, z=0} BlockPos{x=-2367, y=97, z=847}
[20Aug2025 20:49:07.032] [Server thread/WARN] [net.minecraft.server.level.ServerPlayerGameMode/]: Mismatch in destroy block pos: BlockPos{x=0, y=0, z=0} BlockPos{x=-2367, y=97, z=846}
[20Aug2025 20:49:07.091] [Server thread/WARN] [net.minecraft.server.level.ServerPlayerGameMode/]: Mismatch in destroy block pos: BlockPos{x=0, y=0, z=0} BlockPos{x=-2367, y=97, z=845}
[20Aug2025 20:49:07.141] [Server thread/WARN] [net.minecraft.server.level.ServerPlayerGameMode/]: Mismatch in destroy block pos: BlockPos{x=0, y=0, z=0} BlockPos{x=-2367, y=97, z=844}
[20Aug2025 20:49:08.047] [Server thread/WARN] [net.minecraft.server.level.ServerPlayerGameMode/]: Mismatch in destroy block pos: BlockPos{x=0, y=0, z=0} BlockPos{x=-2368, y=96, z=842}
[20Aug2025 20:49:08.090] [Server thread/WARN] [net.minecraft.server.level.ServerPlayerGameMode/]: Mismatch in destroy block pos: BlockPos{x=0, y=0, z=0} BlockPos{x=-2368, y=96, z=842}
[20Aug2025 20:49:08.192] [Server thread/WARN] [net.minecraft.server.level.ServerPlayerGameMode/]: Mismatch in destroy block pos: BlockPos{x=0, y=0, z=0} BlockPos{x=-2368, y=97, z=841}
[20Aug2025 20:49:10.733] [Server thread/WARN] [net.minecraft.server.level.ServerPlayerGameMode/]: Mismatch in destroy block pos: BlockPos{x=0, y=0, z=0} BlockPos{x=-2370, y=96, z=840}
[20Aug2025 20:49:10.796] [Server thread/WARN] [net.minecraft.server.level.ServerPlayerGameMode/]: Mismatch in destroy block pos: BlockPos{x=0, y=0, z=0} BlockPos{x=-2370, y=96, z=840}
[20Aug2025 20:49:10.890] [Server thread/WARN] [net.minecraft.server.level.ServerPlayerGameMode/]: Mismatch in destroy block pos: BlockPos{x=0, y=0, z=0} BlockPos{x=-2369, y=96, z=840}
[20Aug2025 20:49:10.937] [Server thread/WARN] [net.minecraft.server.level.ServerPlayerGameMode/]: Mismatch in destroy block pos: BlockPos{x=0, y=0, z=0} BlockPos{x=-2369, y=96, z=840}
[20Aug2025 20:49:10.996] [Server thread/WARN] [net.minecraft.server.level.ServerPlayerGameMode/]: Mismatch in destroy block pos: BlockPos{x=0, y=0, z=0} BlockPos{x=-2370, y=96, z=840}
[20Aug2025 20:49:12.286] [Server thread/WARN] [net.minecraft.server.level.ServerPlayerGameMode/]: Mismatch in destroy block pos: BlockPos{x=0, y=0, z=0} BlockPos{x=-2370, y=96, z=840}
[20Aug2025 20:49:17.734] [Server thread/WARN] [net.minecraft.server.level.ServerPlayerGameMode/]: Mismatch in destroy block pos: BlockPos{x=0, y=0, z=0} BlockPos{x=-2372, y=99, z=842}
[20Aug2025 20:49:17.789] [Server thread/WARN] [net.minecraft.server.level.ServerPlayerGameMode/]: Mismatch in destroy block pos: BlockPos{x=0, y=0, z=0} BlockPos{x=-2372, y=99, z=842}
[20Aug2025 20:49:19.387] [Server thread/WARN] [net.minecraft.server.level.ServerPlayerGameMode/]: Mismatch in destroy block pos: BlockPos{x=0, y=0, z=0} BlockPos{x=-2369, y=97, z=843}
[20Aug2025 20:49:19.435] [Server thread/WARN] [net.minecraft.server.level.ServerPlayerGameMode/]: Mismatch in destroy block pos: BlockPos{x=0, y=0, z=0} BlockPos{x=-2369, y=97, z=843}
[20Aug2025 20:49:24.238] [Server thread/INFO] [net.minecraft.server.network.ServerGamePacketListenerImpl/]: AndresArevaloT lost connection: Disconnected
[20Aug2025 20:49:24.238] [Server thread/INFO] [net.minecraft.server.MinecraftServer/]: AndresArevaloT left the game
